{
  "name": "Footer group",
  "type": "footer",
  "sections": {
    "footer": {
      "type": "footer",
      "blocks": {
        "footer_group_GQfP9p": {
          "type": "_footer-group",
          "name": "Footer group",
          "settings": {
            "link": "",
            "open_in_new_tab": false,
            "content_direction": "row",
            "content_direction_tablet": "column",
            "content_direction_mobile": "column",
            "horizontal_alignment": "space-between",
            "vertical_alignment": "flex-start",
            "wrap": "wrap",
            "align_baseline": false,
            "horizontal_alignment_flex_direction_column": "flex-start",
            "vertical_alignment_flex_direction_column": "center",
            "horizontal_alignment_tablet": "flex-start",
            "horizontal_alignment_flex_direction_column_tablet": "flex-start",
            "vertical_alignment_flex_direction_column_tablet": "center",
            "vertical_alignment_tablet": "center",
            "horizontal_alignment_mobile": "flex-start",
            "vertical_alignment_mobile": "center",
            "horizontal_alignment_flex_direction_column_mobile": "flex-start",
            "vertical_alignment_flex_direction_column_mobile": "center",
            "gap": 24,
            "width": "fill",
            "custom_width": 100,
            "width_mobile": "fill",
            "custom_width_mobile": 100,
            "height": "fit",
            "custom_height": 100,
            "inherit_color_scheme": true,
            "scheme_background": "#ffffff",
            "scheme_background_gradient": "",
            "scheme_foreground_heading": "#000000",
            "scheme_foreground": "#000000",
            "scheme_primary": "#000f9f",
            "scheme_primary_hover": "#000000",
            "scheme_border": "#e6e6e6",
            "scheme_shadow": "#000000",
            "background_media": "none",
            "video_position": "cover",
            "background_image_position": "cover",
            "content_overlay": false,
            "image_ratio": "adapt",
            "border": "none",
            "border_width": 1,
            "border_radius": 0,
            "toggle_overlay": false,
            "overlay_color": "#00000026",
            "extend_left_overlay": false,
            "extend_right_overlay": false,
            "overlay_style": "solid",
            "gradient_direction": "to top",
            "enable_parallax": false,
            "disable_parallax_mobile": false,
            "parallax_speed": 0.5,
            "horizontal_position": 0,
            "vertical_position": 0,
            "shadow_color": "rgba(0,0,0,0)",
            "shadow_horizontal_offset": 0,
            "shadow_vertical_offset": 0,
            "shadow_blur": 0,
            "spread_radius": 0,
            "margin-block-start": 0,
            "margin-block-start-mobile": 0,
            "margin-block-end": 0,
            "margin-block-end-mobile": 0,
            "margin-inline-start": 0,
            "margin-inline-start-mobile": 0,
            "margin-inline-end": 0,
            "margin-inline-end-mobile": 0,
            "padding-block-start": 60,
            "padding-block-end": 60,
            "padding-inline-start": 0,
            "padding-inline-end": 0
          },
          "blocks": {
            "footer_column_PrDPi9": {
              "type": "_footer-column",
              "name": "Footer column",
              "settings": {
                "link": "",
                "open_in_new_tab": false,
                "content_direction": "column",
                "content_direction_mobile": "column",
                "horizontal_alignment": "flex-start",
                "vertical_alignment": "center",
                "align_baseline": false,
                "horizontal_alignment_flex_direction_column": "flex-start",
                "vertical_alignment_flex_direction_column": "flex-start",
                "horizontal_alignment_mobile": "flex-start",
                "vertical_alignment_mobile": "center",
                "horizontal_alignment_flex_direction_column_mobile": "flex-start",
                "vertical_alignment_flex_direction_column_mobile": "center",
                "gap": 24,
                "width": "custom",
                "custom_width": 22,
                "width_tablet": "fill",
                "custom_width_tablet": 30,
                "width_mobile": "fill",
                "custom_width_mobile": 100,
                "height": "fit",
                "custom_height": 100,
                "inherit_color_scheme": true,
                "scheme_background": "#ffffff",
                "scheme_background_gradient": "",
                "scheme_foreground_heading": "#000000",
                "scheme_foreground": "#000000",
                "scheme_primary": "#000f9f",
                "scheme_primary_hover": "#000000",
                "scheme_border": "#e6e6e6",
                "scheme_shadow": "#000000",
                "background_media": "none",
                "video_position": "cover",
                "background_image_position": "cover",
                "content_overlay": false,
                "image_ratio": "adapt",
                "border": "none",
                "border_width": 1,
                "border_radius": 0,
                "toggle_overlay": false,
                "overlay_color": "#00000026",
                "extend_left_overlay": false,
                "extend_right_overlay": false,
                "overlay_style": "solid",
                "gradient_direction": "to top",
                "enable_parallax": false,
                "disable_parallax_mobile": false,
                "parallax_speed": 0.5,
                "horizontal_position": 0,
                "vertical_position": 0,
                "shadow_color": "rgba(0,0,0,0)",
                "shadow_horizontal_offset": 0,
                "shadow_vertical_offset": 0,
                "shadow_blur": 0,
                "spread_radius": 0,
                "margin-block-start": 0,
                "margin-block-start-mobile": 0,
                "margin-block-end": 0,
                "margin-block-end-mobile": 30,
                "margin-inline-start": 0,
                "margin-inline-start-mobile": 0,
                "margin-inline-end": 0,
                "margin-inline-end-mobile": 0,
                "padding-block-start": 0,
                "padding-block-end": 0,
                "padding-inline-start": 0,
                "padding-inline-end": 0
              },
              "blocks": {
                "text_xCYFNJ": {
                  "type": "text",
                  "name": "Heading",
                  "settings": {
                    "text": "<p><strong>NEWSLETTER SIGN UP</strong></p>",
                    "typing_text": false,
                    "primary_text": "Welcome to our store!",
                    "secondary_text": "Exclusive offers just for you.",
                    "third_text": "Shop now and enjoy deals!",
                    "highlight_text": false,
                    "highlight_text_content": "",
                    "highlight_text_type": "text",
                    "underline_height": 18,
                    "underline_offset": 20,
                    "highlight_text_color": "#000000",
                    "highlight_underline_color": "#000000",
                    "spacing_text": false,
                    "spacing_text_content": "",
                    "spacing_text_left": 0,
                    "spacing_text_right": 0,
                    "stroke_text": false,
                    "stroke_text_content": "",
                    "width": "fit-content",
                    "unit": "percent",
                    "custom_width": 100,
                    "custom_width_pixel": 500,
                    "inherit_text_alignment": false,
                    "justify_alignment": false,
                    "alignment": "left",
                    "width_tablet": "fit-content",
                    "unit_tablet": "percent",
                    "custom_width_tablet": 100,
                    "custom_width_tablet_pixel": 100,
                    "inherit_text_alignment_tablet": true,
                    "justify_alignment_tablet": false,
                    "alignment_tablet": "left",
                    "width_mobile": "fit-content",
                    "unit_mobile": "percent",
                    "custom_width_mobile": 100,
                    "custom_width_mobile_pixel": 100,
                    "inherit_text_alignment_mobile": true,
                    "justify_alignment_mobile": false,
                    "alignment_mobile": "left",
                    "type_preset": "custom",
                    "font": "var(--font-body--family)",
                    "font_size": "1.6rem",
                    "line_height": "normal",
                    "letter_spacing": "normal",
                    "case": "none",
                    "wrap": "pretty",
                    "color": "var(--color-foreground)",
                    "background": false,
                    "background_color": "#00000026",
                    "enable_border": false,
                    "enable_border_bottom": false,
                    "border": "none",
                    "border_width": 0,
                    "border_width_type": "100%",
                    "border_custom_width": 100,
                    "border_radius": 0,
                    "text_effect": "none",
                    "heading_only": false,
                    "heading_effect": "none",
                    "animation_repeat": false,
                    "padding-block-start": 0,
                    "padding-block-end": 0,
                    "padding-inline-start": 0,
                    "padding-inline-end": 0
                  },
                  "blocks": {}
                },
                "text_DVPXXh": {
                  "type": "text",
                  "name": "Text",
                  "settings": {
                    "text": "<p>Sign up for new arrivals, offers, and more!</p>",
                    "typing_text": false,
                    "primary_text": "Welcome to our store!",
                    "secondary_text": "Exclusive offers just for you.",
                    "third_text": "Shop now and enjoy deals!",
                    "highlight_text": false,
                    "highlight_text_content": "",
                    "highlight_text_type": "text",
                    "underline_height": 18,
                    "underline_offset": 20,
                    "highlight_text_color": "#000000",
                    "highlight_underline_color": "#000000",
                    "spacing_text": false,
                    "spacing_text_content": "",
                    "spacing_text_left": 0,
                    "spacing_text_right": 0,
                    "stroke_text": false,
                    "stroke_text_content": "",
                    "width": "fit-content",
                    "unit": "percent",
                    "custom_width": 100,
                    "custom_width_pixel": 500,
                    "inherit_text_alignment": true,
                    "justify_alignment": false,
                    "alignment": "left",
                    "width_tablet": "fit-content",
                    "unit_tablet": "percent",
                    "custom_width_tablet": 100,
                    "custom_width_tablet_pixel": 100,
                    "inherit_text_alignment_tablet": true,
                    "justify_alignment_tablet": false,
                    "alignment_tablet": "left",
                    "width_mobile": "fit-content",
                    "unit_mobile": "percent",
                    "custom_width_mobile": 100,
                    "custom_width_mobile_pixel": 100,
                    "inherit_text_alignment_mobile": true,
                    "justify_alignment_mobile": false,
                    "alignment_mobile": "left",
                    "type_preset": "rte",
                    "font": "var(--font-body--family)",
                    "font_size": "1.6rem",
                    "line_height": "normal",
                    "letter_spacing": "normal",
                    "case": "none",
                    "wrap": "pretty",
                    "color": "var(--color-foreground)",
                    "background": false,
                    "background_color": "#00000026",
                    "enable_border": false,
                    "enable_border_bottom": false,
                    "border": "none",
                    "border_width": 0,
                    "border_width_type": "100%",
                    "border_custom_width": 100,
                    "border_radius": 0,
                    "text_effect": "none",
                    "heading_only": false,
                    "heading_effect": "none",
                    "animation_repeat": false,
                    "padding-block-start": 0,
                    "padding-block-end": 0,
                    "padding-inline-start": 0,
                    "padding-inline-end": 0
                  },
                  "blocks": {}
                },
                "email_signup_nDhCiH": {
                  "type": "email-signup",
                  "name": "Email signup",
                  "settings": {
                    "show_subscription": false,
                    "subscription_text": "Sign up to be the first to know when the event is live!",
                    "subscription_button": "SUBSCRIBE",
                    "width": "fill",
                    "custom_width": 100,
                    "width_tablet": "fill",
                    "custom_width_tablet": 100,
                    "width_mobile": "fill",
                    "custom_width_mobile": 100,
                    "inherit_color_scheme": true,
                    "scheme_background": "#ffffff",
                    "scheme_background_gradient": "",
                    "scheme_foreground_heading": "#000000",
                    "scheme_foreground": "#000000",
                    "scheme_primary": "#000f9f",
                    "scheme_primary_hover": "#000000",
                    "scheme_border": "#e6e6e6",
                    "scheme_shadow": "#000000",
                    "border": "solid",
                    "border_width": 1,
                    "border_opacity": 100,
                    "border_radius": 0,
                    "field-padding-block-start": 0,
                    "field-padding-block-end": 0,
                    "field-padding-inline-start": 0,
                    "field-padding-inline-end": 0,
                    "input_label": "Email Address",
                    "border_style": "all",
                    "input_border_width": 1,
                    "input_border_radius": 0,
                    "input_alignment": "left",
                    "custom_input_height": false,
                    "input_height": 40,
                    "input_type_preset": "paragraph",
                    "input_focus_effect": "effect-1",
                    "focus_border_color": "#000000",
                    "agree_condition": false,
                    "agree_condition_text": "I agree with <a href=\"#\" title=\"#\"><span style=\"text-decoration:underline\">Terms & Conditions</span></a>",
                    "condition-padding-block-start": 20,
                    "condition-padding-block-end": 20,
                    "show_input_description": false,
                    "input_description": "",
                    "type_preset": "rte",
                    "description-padding-block-start": 20,
                    "description-padding-block-end": 20,
                    "style_class": "button-custom",
                    "hide_submit_border": true,
                    "display_type": "icon",
                    "icon_type": "arrow",
                    "icon_size_desktop": 35,
                    "icon_size_mobile": 35,
                    "label": "SUBMIT",
                    "button_type_preset": "paragraph",
                    "background_button": true,
                    "integrated_button": true,
                    "gap": 0,
                    "submit_width": "fit-content",
                    "submit_custom_width": 30,
                    "submit_width_mobile": "custom",
                    "submit_custom_width_mobile": 100,
                    "padding-block-start": 0,
                    "padding-block-end": 0,
                    "padding-inline-start": 0,
                    "padding-inline-end": 0
                  },
                  "blocks": {}
                },
                "social_icons_eUJT67": {
                  "type": "social-icons",
                  "name": "Social icons",
                  "settings": {
                    "social_style": "custom",
                    "icon_size": 30,
                    "icon_size_mobile": 30,
                    "icon_color": "#525252",
                    "icon_bg_color": "rgba(0,0,0,0)",
                    "icon_border_color": "rgba(0,0,0,0)",
                    "icon_color_hover": "#525252",
                    "icon_bg_color_hover": "rgba(0,0,0,0)",
                    "icon_border_color_hover": "rgba(0,0,0,0)",
                    "gap_x": 15,
                    "gap_y": 15,
                    "padding-block-start": 0,
                    "padding-block-end": 0
                  },
                  "blocks": {}
                }
              },
              "block_order": [
                "text_xCYFNJ",
                "text_DVPXXh",
                "email_signup_nDhCiH",
                "social_icons_eUJT67"
              ]
            },
            "footer_column_RKxXJk": {
              "type": "_footer-column",
              "name": "Footer column",
              "settings": {
                "link": "",
                "open_in_new_tab": false,
                "content_direction": "row",
                "content_direction_mobile": "column",
                "horizontal_alignment": "flex-start",
                "vertical_alignment": "flex-start",
                "align_baseline": false,
                "horizontal_alignment_flex_direction_column": "flex-start",
                "vertical_alignment_flex_direction_column": "center",
                "horizontal_alignment_mobile": "flex-start",
                "vertical_alignment_mobile": "center",
                "horizontal_alignment_flex_direction_column_mobile": "flex-start",
                "vertical_alignment_flex_direction_column_mobile": "center",
                "gap": 24,
                "width": "custom",
                "custom_width": 56,
                "width_tablet": "fill",
                "custom_width_tablet": 70,
                "width_mobile": "fill",
                "custom_width_mobile": 100,
                "height": "fit",
                "custom_height": 100,
                "inherit_color_scheme": true,
                "scheme_background": "#ffffff",
                "scheme_background_gradient": "",
                "scheme_foreground_heading": "#000000",
                "scheme_foreground": "#000000",
                "scheme_primary": "#000f9f",
                "scheme_primary_hover": "#000000",
                "scheme_border": "#e6e6e6",
                "scheme_shadow": "#000000",
                "background_media": "none",
                "video_position": "cover",
                "background_image_position": "cover",
                "content_overlay": false,
                "image_ratio": "adapt",
                "border": "none",
                "border_width": 1,
                "border_radius": 0,
                "toggle_overlay": false,
                "overlay_color": "#00000026",
                "extend_left_overlay": false,
                "extend_right_overlay": false,
                "overlay_style": "solid",
                "gradient_direction": "to top",
                "enable_parallax": false,
                "disable_parallax_mobile": false,
                "parallax_speed": 0.5,
                "horizontal_position": 0,
                "vertical_position": 0,
                "shadow_color": "rgba(0,0,0,0)",
                "shadow_horizontal_offset": 0,
                "shadow_vertical_offset": 0,
                "shadow_blur": 0,
                "spread_radius": 0,
                "margin-block-start": 0,
                "margin-block-start-mobile": 0,
                "margin-block-end": 0,
                "margin-block-end-mobile": 0,
                "margin-inline-start": 0,
                "margin-inline-start-mobile": 0,
                "margin-inline-end": 0,
                "margin-inline-end-mobile": 0,
                "padding-block-start": 0,
                "padding-block-end": 0,
                "padding-inline-start": 0,
                "padding-inline-end": 0
              },
              "blocks": {
                "menu_VeyxGm": {
                  "type": "menu",
                  "name": "Menu",
                  "settings": {
                    "menu": "footer-shop-classic",
                    "heading": "SHOP",
                    "margin-block-end": 10,
                    "content_direction": "column",
                    "content_direction_mobile": "column",
                    "width": "fill",
                    "custom_width": 100,
                    "width_mobile": "fill",
                    "custom_width_mobile": 100,
                    "menu_spacing": 14,
                    "accordion_item_dividers": false,
                    "show_as_accordion": true,
                    "accordion_icon": "caret",
                    "accordion_heading_dividers": false,
                    "inherit_color_scheme": true,
                    "scheme_background": "#ffffff",
                    "scheme_background_gradient": "",
                    "scheme_foreground_heading": "#000000",
                    "scheme_foreground": "#000000",
                    "scheme_primary": "#000f9f",
                    "scheme_primary_hover": "#000000",
                    "scheme_border": "#e6e6e6",
                    "scheme_shadow": "#000000",
                    "heading_preset": "h6",
                    "link_preset": "paragraph",
                    "padding-block-start": 0,
                    "padding-block-end": 0,
                    "padding-inline-start": 0,
                    "padding-inline-end": 0
                  },
                  "blocks": {}
                },
                "menu_YNbgQe": {
                  "type": "menu",
                  "name": "Menu",
                  "settings": {
                    "menu": "footer-about-classic",
                    "heading": "ABOUT",
                    "margin-block-end": 10,
                    "content_direction": "column",
                    "content_direction_mobile": "column",
                    "width": "fill",
                    "custom_width": 100,
                    "width_mobile": "fill",
                    "custom_width_mobile": 100,
                    "menu_spacing": 14,
                    "accordion_item_dividers": false,
                    "show_as_accordion": true,
                    "accordion_icon": "caret",
                    "accordion_heading_dividers": false,
                    "inherit_color_scheme": true,
                    "scheme_background": "#ffffff",
                    "scheme_background_gradient": "",
                    "scheme_foreground_heading": "#000000",
                    "scheme_foreground": "#000000",
                    "scheme_primary": "#000f9f",
                    "scheme_primary_hover": "#000000",
                    "scheme_border": "#e6e6e6",
                    "scheme_shadow": "#000000",
                    "heading_preset": "h6",
                    "link_preset": "paragraph",
                    "padding-block-start": 0,
                    "padding-block-end": 0,
                    "padding-inline-start": 0,
                    "padding-inline-end": 0
                  },
                  "blocks": {}
                },
                "menu_JKgFkA": {
                  "type": "menu",
                  "name": "Menu",
                  "settings": {
                    "menu": "footer-help-classic",
                    "heading": "HELP",
                    "margin-block-end": 10,
                    "content_direction": "column",
                    "content_direction_mobile": "column",
                    "width": "fill",
                    "custom_width": 100,
                    "width_mobile": "fill",
                    "custom_width_mobile": 100,
                    "menu_spacing": 14,
                    "accordion_item_dividers": false,
                    "show_as_accordion": true,
                    "accordion_icon": "caret",
                    "accordion_heading_dividers": false,
                    "inherit_color_scheme": true,
                    "scheme_background": "#ffffff",
                    "scheme_background_gradient": "",
                    "scheme_foreground_heading": "#000000",
                    "scheme_foreground": "#000000",
                    "scheme_primary": "#000f9f",
                    "scheme_primary_hover": "#000000",
                    "scheme_border": "#e6e6e6",
                    "scheme_shadow": "#000000",
                    "heading_preset": "h6",
                    "link_preset": "paragraph",
                    "padding-block-start": 0,
                    "padding-block-end": 0,
                    "padding-inline-start": 0,
                    "padding-inline-end": 0
                  },
                  "blocks": {}
                },
                "group_mzpiqy": {
                  "type": "group",
                  "name": "Group",
                  "settings": {
                    "link": "",
                    "open_in_new_tab": false,
                    "content_direction": "column",
                    "content_direction_mobile": "column",
                    "horizontal_alignment": "flex-start",
                    "vertical_alignment": "center",
                    "align_baseline": false,
                    "horizontal_alignment_flex_direction_column": "flex-start",
                    "vertical_alignment_flex_direction_column": "center",
                    "horizontal_alignment_mobile": "flex-start",
                    "vertical_alignment_mobile": "center",
                    "horizontal_alignment_flex_direction_column_mobile": "flex-start",
                    "vertical_alignment_flex_direction_column_mobile": "center",
                    "gap": 24,
                    "width": "fill",
                    "custom_width": 100,
                    "width_tablet": "fill",
                    "custom_width_tablet": 100,
                    "width_mobile": "fill",
                    "custom_width_mobile": 100,
                    "height": "fit",
                    "custom_height": 100,
                    "inherit_color_scheme": true,
                    "scheme_background": "#ffffff",
                    "scheme_background_gradient": "",
                    "scheme_foreground_heading": "#000000",
                    "scheme_foreground": "#000000",
                    "scheme_primary": "#000f9f",
                    "scheme_primary_hover": "#000000",
                    "scheme_border": "#e6e6e6",
                    "scheme_shadow": "#000000",
                    "background_media": "none",
                    "video_position": "cover",
                    "background_image_position": "cover",
                    "content_overlay": false,
                    "image_ratio": "adapt",
                    "border": "none",
                    "border_width": 1,
                    "border_opacity": 0,
                    "border_radius": 0,
                    "toggle_overlay": false,
                    "overlay_color": "#00000026",
                    "extend_left_overlay": false,
                    "extend_right_overlay": false,
                    "overlay_style": "solid",
                    "gradient_direction": "to top",
                    "enable_parallax": "none",
                    "disable_parallax_mobile": false,
                    "parallax_speed": 0.5,
                    "horizontal_position": 0,
                    "vertical_position": 0,
                    "shadow_color": "rgba(0,0,0,0)",
                    "shadow_horizontal_offset": 0,
                    "shadow_vertical_offset": 0,
                    "shadow_blur": 0,
                    "spread_radius": 0,
                    "margin-block-start": 0,
                    "margin-block-start-mobile": 0,
                    "margin-block-end": 0,
                    "margin-block-end-mobile": 0,
                    "margin-inline-start": 0,
                    "margin-inline-start-mobile": 0,
                    "margin-inline-end": 0,
                    "margin-inline-end-mobile": 0,
                    "padding-block-start": 0,
                    "padding-block-end": 0,
                    "padding-inline-start": 0,
                    "padding-inline-end": 0
                  },
                  "blocks": {
                    "text_EQtpkz": {
                      "type": "text",
                      "name": "Heading",
                      "settings": {
                        "text": "<p><strong>CONTACT US</strong></p>",
                        "typing_text": false,
                        "primary_text": "Welcome to our store!",
                        "secondary_text": "Exclusive offers just for you.",
                        "third_text": "Shop now and enjoy deals!",
                        "highlight_text": false,
                        "highlight_text_content": "",
                        "highlight_text_type": "text",
                        "underline_height": 18,
                        "underline_offset": 20,
                        "highlight_text_color": "#000000",
                        "highlight_underline_color": "#000000",
                        "spacing_text": false,
                        "spacing_text_content": "",
                        "spacing_text_left": 0,
                        "spacing_text_right": 0,
                        "stroke_text": false,
                        "stroke_text_content": "",
                        "width": "fit-content",
                        "unit": "percent",
                        "custom_width": 100,
                        "custom_width_pixel": 500,
                        "inherit_text_alignment": true,
                        "justify_alignment": false,
                        "alignment": "left",
                        "width_tablet": "fit-content",
                        "unit_tablet": "percent",
                        "custom_width_tablet": 100,
                        "custom_width_tablet_pixel": 100,
                        "inherit_text_alignment_tablet": true,
                        "justify_alignment_tablet": false,
                        "alignment_tablet": "left",
                        "width_mobile": "fit-content",
                        "unit_mobile": "percent",
                        "custom_width_mobile": 100,
                        "custom_width_mobile_pixel": 100,
                        "inherit_text_alignment_mobile": true,
                        "justify_alignment_mobile": false,
                        "alignment_mobile": "left",
                        "type_preset": "h6",
                        "font": "var(--font-body--family)",
                        "font_size": "1.6rem",
                        "line_height": "normal",
                        "letter_spacing": "normal",
                        "case": "none",
                        "wrap": "pretty",
                        "color": "var(--color-foreground)",
                        "background": false,
                        "background_color": "#00000026",
                        "enable_border": false,
                        "enable_border_bottom": false,
                        "border": "none",
                        "border_width": 0,
                        "border_width_type": "100%",
                        "border_custom_width": 100,
                        "border_radius": 0,
                        "text_effect": "none",
                        "heading_only": false,
                        "heading_effect": "none",
                        "animation_repeat": false,
                        "padding-block-start": 0,
                        "padding-block-end": 0,
                        "padding-inline-start": 0,
                        "padding-inline-end": 0
                      },
                      "blocks": {}
                    },
                    "group_MVhyaq": {
                      "type": "group",
                      "name": "Group",
                      "settings": {
                        "link": "",
                        "open_in_new_tab": false,
                        "content_direction": "column",
                        "content_direction_mobile": "column",
                        "horizontal_alignment": "flex-start",
                        "vertical_alignment": "center",
                        "align_baseline": false,
                        "horizontal_alignment_flex_direction_column": "flex-start",
                        "vertical_alignment_flex_direction_column": "center",
                        "horizontal_alignment_mobile": "flex-start",
                        "vertical_alignment_mobile": "center",
                        "horizontal_alignment_flex_direction_column_mobile": "flex-start",
                        "vertical_alignment_flex_direction_column_mobile": "center",
                        "gap": 12,
                        "width": "fill",
                        "custom_width": 100,
                        "width_tablet": "fill",
                        "custom_width_tablet": 100,
                        "width_mobile": "fill",
                        "custom_width_mobile": 100,
                        "height": "fit",
                        "custom_height": 100,
                        "inherit_color_scheme": true,
                        "scheme_background": "#ffffff",
                        "scheme_background_gradient": "",
                        "scheme_foreground_heading": "#000000",
                        "scheme_foreground": "#000000",
                        "scheme_primary": "#000f9f",
                        "scheme_primary_hover": "#000000",
                        "scheme_border": "#e6e6e6",
                        "scheme_shadow": "#000000",
                        "background_media": "none",
                        "video_position": "cover",
                        "background_image_position": "cover",
                        "content_overlay": false,
                        "image_ratio": "adapt",
                        "border": "none",
                        "border_width": 1,
                        "border_opacity": 0,
                        "border_radius": 0,
                        "toggle_overlay": false,
                        "overlay_color": "#00000026",
                        "extend_left_overlay": false,
                        "extend_right_overlay": false,
                        "overlay_style": "solid",
                        "gradient_direction": "to top",
                        "enable_parallax": "none",
                        "disable_parallax_mobile": false,
                        "parallax_speed": 0.5,
                        "horizontal_position": 0,
                        "vertical_position": 0,
                        "shadow_color": "rgba(0,0,0,0)",
                        "shadow_horizontal_offset": 0,
                        "shadow_vertical_offset": 0,
                        "shadow_blur": 0,
                        "spread_radius": 0,
                        "margin-block-start": 0,
                        "margin-block-start-mobile": 0,
                        "margin-block-end": 0,
                        "margin-block-end-mobile": 0,
                        "margin-inline-start": 0,
                        "margin-inline-start-mobile": 0,
                        "margin-inline-end": 0,
                        "margin-inline-end-mobile": 0,
                        "padding-block-start": 0,
                        "padding-block-end": 0,
                        "padding-inline-start": 0,
                        "padding-inline-end": 0
                      },
                      "blocks": {
                        "text_yLGza6": {
                          "type": "text",
                          "name": "Text",
                          "settings": {
                            "text": "<p>EXT: (091)-123-ELLA</p>",
                            "typing_text": false,
                            "primary_text": "Welcome to our store!",
                            "secondary_text": "Exclusive offers just for you.",
                            "third_text": "Shop now and enjoy deals!",
                            "highlight_text": false,
                            "highlight_text_content": "",
                            "highlight_text_type": "text",
                            "underline_height": 18,
                            "underline_offset": 20,
                            "highlight_text_color": "#000000",
                            "highlight_underline_color": "#000000",
                            "spacing_text": false,
                            "spacing_text_content": "",
                            "spacing_text_left": 0,
                            "spacing_text_right": 0,
                            "stroke_text": false,
                            "stroke_text_content": "",
                            "width": "fit-content",
                            "unit": "percent",
                            "custom_width": 100,
                            "custom_width_pixel": 500,
                            "inherit_text_alignment": true,
                            "justify_alignment": false,
                            "alignment": "left",
                            "width_tablet": "fit-content",
                            "unit_tablet": "percent",
                            "custom_width_tablet": 100,
                            "custom_width_tablet_pixel": 100,
                            "inherit_text_alignment_tablet": true,
                            "justify_alignment_tablet": false,
                            "alignment_tablet": "left",
                            "width_mobile": "fit-content",
                            "unit_mobile": "percent",
                            "custom_width_mobile": 100,
                            "custom_width_mobile_pixel": 100,
                            "inherit_text_alignment_mobile": true,
                            "justify_alignment_mobile": false,
                            "alignment_mobile": "left",
                            "type_preset": "paragraph",
                            "font": "var(--font-body--family)",
                            "font_size": "1.4rem",
                            "line_height": "normal",
                            "letter_spacing": "normal",
                            "case": "none",
                            "wrap": "pretty",
                            "color": "var(--color-foreground)",
                            "background": false,
                            "background_color": "#00000026",
                            "enable_border": false,
                            "enable_border_bottom": false,
                            "border": "none",
                            "border_width": 0,
                            "border_width_type": "100%",
                            "border_custom_width": 100,
                            "border_radius": 0,
                            "text_effect": "none",
                            "heading_only": false,
                            "heading_effect": "none",
                            "animation_repeat": false,
                            "padding-block-start": 0,
                            "padding-block-end": 0,
                            "padding-inline-start": 0,
                            "padding-inline-end": 0
                          },
                          "blocks": {}
                        },
                        "text_NR33XG": {
                          "type": "text",
                          "name": "Text",
                          "settings": {
                            "text": "<p>mail@domain.com</p>",
                            "typing_text": false,
                            "primary_text": "Welcome to our store!",
                            "secondary_text": "Exclusive offers just for you.",
                            "third_text": "Shop now and enjoy deals!",
                            "highlight_text": false,
                            "highlight_text_content": "",
                            "highlight_text_type": "text",
                            "underline_height": 18,
                            "underline_offset": 20,
                            "highlight_text_color": "#000000",
                            "highlight_underline_color": "#000000",
                            "spacing_text": false,
                            "spacing_text_content": "",
                            "spacing_text_left": 0,
                            "spacing_text_right": 0,
                            "stroke_text": false,
                            "stroke_text_content": "",
                            "width": "fit-content",
                            "unit": "percent",
                            "custom_width": 100,
                            "custom_width_pixel": 500,
                            "inherit_text_alignment": true,
                            "justify_alignment": false,
                            "alignment": "left",
                            "width_tablet": "fit-content",
                            "unit_tablet": "percent",
                            "custom_width_tablet": 100,
                            "custom_width_tablet_pixel": 100,
                            "inherit_text_alignment_tablet": true,
                            "justify_alignment_tablet": false,
                            "alignment_tablet": "left",
                            "width_mobile": "fit-content",
                            "unit_mobile": "percent",
                            "custom_width_mobile": 100,
                            "custom_width_mobile_pixel": 100,
                            "inherit_text_alignment_mobile": true,
                            "justify_alignment_mobile": false,
                            "alignment_mobile": "left",
                            "type_preset": "paragraph",
                            "font": "var(--font-body--family)",
                            "font_size": "1.4rem",
                            "line_height": "normal",
                            "letter_spacing": "normal",
                            "case": "none",
                            "wrap": "pretty",
                            "color": "var(--color-foreground)",
                            "background": false,
                            "background_color": "#00000026",
                            "enable_border": false,
                            "enable_border_bottom": false,
                            "border": "none",
                            "border_width": 0,
                            "border_width_type": "100%",
                            "border_custom_width": 100,
                            "border_radius": 0,
                            "text_effect": "none",
                            "heading_only": false,
                            "heading_effect": "none",
                            "animation_repeat": false,
                            "padding-block-start": 0,
                            "padding-block-end": 0,
                            "padding-inline-start": 0,
                            "padding-inline-end": 0
                          },
                          "blocks": {}
                        },
                        "text_XxXPUp": {
                          "type": "text",
                          "name": "Text",
                          "settings": {
                            "text": "<p>685 Market Street</p>",
                            "typing_text": false,
                            "primary_text": "Welcome to our store!",
                            "secondary_text": "Exclusive offers just for you.",
                            "third_text": "Shop now and enjoy deals!",
                            "highlight_text": false,
                            "highlight_text_content": "",
                            "highlight_text_type": "text",
                            "underline_height": 18,
                            "underline_offset": 20,
                            "highlight_text_color": "#000000",
                            "highlight_underline_color": "#000000",
                            "spacing_text": false,
                            "spacing_text_content": "",
                            "spacing_text_left": 0,
                            "spacing_text_right": 0,
                            "stroke_text": false,
                            "stroke_text_content": "",
                            "width": "fit-content",
                            "unit": "percent",
                            "custom_width": 100,
                            "custom_width_pixel": 500,
                            "inherit_text_alignment": true,
                            "justify_alignment": false,
                            "alignment": "left",
                            "width_tablet": "fit-content",
                            "unit_tablet": "percent",
                            "custom_width_tablet": 100,
                            "custom_width_tablet_pixel": 100,
                            "inherit_text_alignment_tablet": true,
                            "justify_alignment_tablet": false,
                            "alignment_tablet": "left",
                            "width_mobile": "fit-content",
                            "unit_mobile": "percent",
                            "custom_width_mobile": 100,
                            "custom_width_mobile_pixel": 100,
                            "inherit_text_alignment_mobile": true,
                            "justify_alignment_mobile": false,
                            "alignment_mobile": "left",
                            "type_preset": "paragraph",
                            "font": "var(--font-body--family)",
                            "font_size": "1.4rem",
                            "line_height": "normal",
                            "letter_spacing": "normal",
                            "case": "none",
                            "wrap": "pretty",
                            "color": "var(--color-foreground)",
                            "background": false,
                            "background_color": "#00000026",
                            "enable_border": false,
                            "enable_border_bottom": false,
                            "border": "none",
                            "border_width": 0,
                            "border_width_type": "100%",
                            "border_custom_width": 100,
                            "border_radius": 0,
                            "text_effect": "none",
                            "heading_only": false,
                            "heading_effect": "none",
                            "animation_repeat": false,
                            "padding-block-start": 0,
                            "padding-block-end": 0,
                            "padding-inline-start": 0,
                            "padding-inline-end": 0
                          },
                          "blocks": {}
                        },
                        "text_aDFPtK": {
                          "type": "text",
                          "name": "Text",
                          "settings": {
                            "text": "<p>San Francisco, CA 94105.</p>",
                            "typing_text": false,
                            "primary_text": "Welcome to our store!",
                            "secondary_text": "Exclusive offers just for you.",
                            "third_text": "Shop now and enjoy deals!",
                            "highlight_text": false,
                            "highlight_text_content": "",
                            "highlight_text_type": "text",
                            "underline_height": 18,
                            "underline_offset": 20,
                            "highlight_text_color": "#000000",
                            "highlight_underline_color": "#000000",
                            "spacing_text": false,
                            "spacing_text_content": "",
                            "spacing_text_left": 0,
                            "spacing_text_right": 0,
                            "stroke_text": false,
                            "stroke_text_content": "",
                            "width": "fit-content",
                            "unit": "percent",
                            "custom_width": 100,
                            "custom_width_pixel": 500,
                            "inherit_text_alignment": true,
                            "justify_alignment": false,
                            "alignment": "left",
                            "width_tablet": "fit-content",
                            "unit_tablet": "percent",
                            "custom_width_tablet": 100,
                            "custom_width_tablet_pixel": 100,
                            "inherit_text_alignment_tablet": true,
                            "justify_alignment_tablet": false,
                            "alignment_tablet": "left",
                            "width_mobile": "fit-content",
                            "unit_mobile": "percent",
                            "custom_width_mobile": 100,
                            "custom_width_mobile_pixel": 100,
                            "inherit_text_alignment_mobile": true,
                            "justify_alignment_mobile": false,
                            "alignment_mobile": "left",
                            "type_preset": "paragraph",
                            "font": "var(--font-body--family)",
                            "font_size": "1.4rem",
                            "line_height": "normal",
                            "letter_spacing": "normal",
                            "case": "none",
                            "wrap": "pretty",
                            "color": "var(--color-foreground)",
                            "background": false,
                            "background_color": "#00000026",
                            "enable_border": false,
                            "enable_border_bottom": false,
                            "border": "none",
                            "border_width": 0,
                            "border_width_type": "100%",
                            "border_custom_width": 100,
                            "border_radius": 0,
                            "text_effect": "none",
                            "heading_only": false,
                            "heading_effect": "none",
                            "animation_repeat": false,
                            "padding-block-start": 0,
                            "padding-block-end": 0,
                            "padding-inline-start": 0,
                            "padding-inline-end": 0
                          },
                          "blocks": {}
                        }
                      },
                      "block_order": [
                        "text_yLGza6",
                        "text_NR33XG",
                        "text_XxXPUp",
                        "text_aDFPtK"
                      ]
                    }
                  },
                  "block_order": [
                    "text_EQtpkz",
                    "group_MVhyaq"
                  ]
                }
              },
              "block_order": [
                "menu_VeyxGm",
                "menu_YNbgQe",
                "menu_JKgFkA",
                "group_mzpiqy"
              ]
            }
          },
          "block_order": [
            "footer_column_PrDPi9",
            "footer_column_RKxXJk"
          ]
        },
        "group_7TgywR": {
          "type": "group",
          "name": "Group",
          "settings": {
            "link": "",
            "open_in_new_tab": false,
            "content_direction": "row",
            "content_direction_mobile": "column",
            "horizontal_alignment": "space-between",
            "vertical_alignment": "center",
            "align_baseline": false,
            "horizontal_alignment_flex_direction_column": "flex-start",
            "vertical_alignment_flex_direction_column": "center",
            "horizontal_alignment_mobile": "flex-start",
            "vertical_alignment_mobile": "center",
            "horizontal_alignment_flex_direction_column_mobile": "flex-start",
            "vertical_alignment_flex_direction_column_mobile": "center",
            "gap": 12,
            "width": "fill",
            "custom_width": 100,
            "width_tablet": "fill",
            "custom_width_tablet": 100,
            "width_mobile": "fill",
            "custom_width_mobile": 100,
            "height": "fit",
            "custom_height": 100,
            "inherit_color_scheme": true,
            "scheme_background": "#ffffff",
            "scheme_background_gradient": "",
            "scheme_foreground_heading": "#000000",
            "scheme_foreground": "#000000",
            "scheme_primary": "#000f9f",
            "scheme_primary_hover": "#000000",
            "scheme_border": "#e6e6e6",
            "scheme_shadow": "#000000",
            "background_media": "none",
            "video_position": "cover",
            "background_image_position": "cover",
            "content_overlay": false,
            "image_ratio": "adapt",
            "border": "none",
            "border_width": 1,
            "border_opacity": 0,
            "border_radius": 0,
            "toggle_overlay": false,
            "overlay_color": "#00000026",
            "extend_left_overlay": false,
            "extend_right_overlay": false,
            "overlay_style": "solid",
            "gradient_direction": "to top",
            "enable_parallax": "none",
            "disable_parallax_mobile": false,
            "parallax_speed": 0.5,
            "horizontal_position": 0,
            "vertical_position": 0,
            "shadow_color": "rgba(0,0,0,0)",
            "shadow_horizontal_offset": 0,
            "shadow_vertical_offset": 0,
            "shadow_blur": 0,
            "spread_radius": 0,
            "margin-block-start": 60,
            "margin-block-start-mobile": 0,
            "margin-block-end": 0,
            "margin-block-end-mobile": 0,
            "margin-inline-start": 0,
            "margin-inline-start-mobile": 0,
            "margin-inline-end": 0,
            "margin-inline-end-mobile": 0,
            "padding-block-start": 0,
            "padding-block-end": 0,
            "padding-inline-start": 0,
            "padding-inline-end": 0
          },
          "blocks": {
            "jumbo_text_m86KDV": {
              "type": "jumbo-text",
              "name": "Jumbo text",
              "settings": {
                "text": "Ella",
                "font": "heading",
                "line_height": "0.8",
                "letter_spacing": "0.03em",
                "case": "uppercase",
                "alignment": "center",
                "width": "custom",
                "unit": "percent",
                "custom_width": 40,
                "custom_width_pixel": 500,
                "width_tablet": "100%",
                "unit_tablet": "percent",
                "custom_width_tablet": 100,
                "custom_width_tablet_pixel": 100,
                "width_mobile": "100%",
                "unit_mobile": "percent",
                "custom_width_mobile": 100,
                "custom_width_mobile_pixel": 100,
                "inherit_color_scheme": true,
                "scheme_background": "#ffffff",
                "scheme_background_gradient": "",
                "scheme_foreground_heading": "#000000",
                "scheme_foreground": "#000000",
                "scheme_primary": "#000f9f",
                "scheme_primary_hover": "#000000",
                "scheme_border": "#e6e6e6",
                "scheme_shadow": "#000000",
                "text_effect": "reveal",
                "animation_repeat": true
              },
              "blocks": {}
            },
            "group_dxaAmj": {
              "type": "group",
              "name": "Group",
              "settings": {
                "link": "",
                "open_in_new_tab": false,
                "content_direction": "column",
                "content_direction_mobile": "column",
                "horizontal_alignment": "flex-start",
                "vertical_alignment": "center",
                "align_baseline": false,
                "horizontal_alignment_flex_direction_column": "flex-end",
                "vertical_alignment_flex_direction_column": "center",
                "horizontal_alignment_mobile": "flex-start",
                "vertical_alignment_mobile": "center",
                "horizontal_alignment_flex_direction_column_mobile": "center",
                "vertical_alignment_flex_direction_column_mobile": "center",
                "gap": 12,
                "width": "fit-content",
                "custom_width": 50,
                "width_tablet": "fill",
                "custom_width_tablet": 100,
                "width_mobile": "fill",
                "custom_width_mobile": 100,
                "height": "fit",
                "custom_height": 100,
                "inherit_color_scheme": true,
                "scheme_background": "rgba(0,0,0,0)",
                "scheme_background_gradient": "",
                "scheme_foreground_heading": "#000000",
                "scheme_foreground": "#8d8d8d",
                "scheme_primary": "#000f9f",
                "scheme_primary_hover": "#000000",
                "scheme_border": "#e6e6e6",
                "scheme_shadow": "#000000",
                "background_media": "none",
                "video_position": "cover",
                "background_image_position": "cover",
                "content_overlay": false,
                "image_ratio": "adapt",
                "border": "none",
                "border_width": 1,
                "border_opacity": 0,
                "border_radius": 0,
                "toggle_overlay": false,
                "overlay_color": "#00000026",
                "extend_left_overlay": false,
                "extend_right_overlay": false,
                "overlay_style": "solid",
                "gradient_direction": "to top",
                "enable_parallax": "none",
                "disable_parallax_mobile": false,
                "parallax_speed": 0.5,
                "horizontal_position": 0,
                "vertical_position": 0,
                "shadow_color": "rgba(0,0,0,0)",
                "shadow_horizontal_offset": 0,
                "shadow_vertical_offset": 0,
                "shadow_blur": 0,
                "spread_radius": 0,
                "margin-block-start": 0,
                "margin-block-start-mobile": 0,
                "margin-block-end": 0,
                "margin-block-end-mobile": 0,
                "margin-inline-start": 0,
                "margin-inline-start-mobile": 0,
                "margin-inline-end": 0,
                "margin-inline-end-mobile": 0,
                "padding-block-start": 0,
                "padding-block-end": 0,
                "padding-inline-start": 0,
                "padding-inline-end": 0
              },
              "blocks": {
                "payment_icons_nwLjFy": {
                  "type": "payment-icons",
                  "name": "Payment icons",
                  "settings": {},
                  "blocks": {}
                },
                "text_zeTjRU": {
                  "type": "text",
                  "name": "t:names.text",
                  "settings": {
                    "text": "<p>© 2025, <a href=\"https://new-ella-demo-07.myshopify.com/\" title=\"https://new-ella-demo-07.myshopify.com/\"><span style=\"text-decoration:underline\">Ella 7</span></a>. <a href=\"https://www.shopify.com/?utm_campaign=poweredby&utm_medium=shopify&utm_source=onlinestore\" target=\"_blank\">Powered by Shopify</a>. SHOPIFY THEMES BY <a href=\"https://halothemes.net/\" title=\"https://halothemes.net/\">HALOTHEMES</a>.</p>",
                    "typing_text": false,
                    "primary_text": "Welcome to our store!",
                    "secondary_text": "Exclusive offers just for you.",
                    "third_text": "Shop now and enjoy deals!",
                    "highlight_text": true,
                    "highlight_text_content": "",
                    "highlight_text_type": "text",
                    "underline_height": 18,
                    "underline_offset": 20,
                    "highlight_text_color": "#000000",
                    "highlight_underline_color": "#000000",
                    "spacing_text": false,
                    "spacing_text_content": "",
                    "spacing_text_left": 0,
                    "spacing_text_right": 0,
                    "stroke_text": false,
                    "stroke_text_content": "",
                    "width": "fit-content",
                    "unit": "percent",
                    "custom_width": 100,
                    "custom_width_pixel": 500,
                    "inherit_text_alignment": true,
                    "justify_alignment": false,
                    "alignment": "left",
                    "width_tablet": "fit-content",
                    "unit_tablet": "percent",
                    "custom_width_tablet": 100,
                    "custom_width_tablet_pixel": 100,
                    "inherit_text_alignment_tablet": true,
                    "justify_alignment_tablet": false,
                    "alignment_tablet": "left",
                    "width_mobile": "fit-content",
                    "unit_mobile": "percent",
                    "custom_width_mobile": 100,
                    "custom_width_mobile_pixel": 100,
                    "inherit_text_alignment_mobile": true,
                    "justify_alignment_mobile": false,
                    "alignment_mobile": "left",
                    "type_preset": "custom",
                    "font": "var(--font-body--family)",
                    "font_size": "1.2rem",
                    "line_height": "loose",
                    "letter_spacing": "normal",
                    "case": "uppercase",
                    "wrap": "pretty",
                    "color": "var(--color-foreground)",
                    "background": false,
                    "background_color": "#00000026",
                    "enable_border": false,
                    "enable_border_bottom": false,
                    "border": "none",
                    "border_width": 0,
                    "border_width_type": "100%",
                    "border_custom_width": 100,
                    "border_radius": 0,
                    "text_effect": "none",
                    "heading_only": false,
                    "heading_effect": "none",
                    "animation_repeat": false,
                    "padding-block-start": 0,
                    "padding-block-end": 0,
                    "padding-inline-start": 0,
                    "padding-inline-end": 0
                  },
                  "blocks": {}
                },
                "footer_utilities_9EkiGA": {
                  "type": "footer-utilities",
                  "name": "Footer utilities",
                  "disabled": true,
                  "settings": {
                    "content_direction": "column",
                    "content_direction_mobile": "column",
                    "horizontal_alignment": "flex-start",
                    "vertical_alignment": "center",
                    "horizontal_alignment_flex_direction_column": "flex-end",
                    "vertical_alignment_flex_direction_column": "center",
                    "horizontal_alignment_mobile": "flex-start",
                    "vertical_alignment_mobile": "center",
                    "horizontal_alignment_flex_direction_column_mobile": "flex-end",
                    "vertical_alignment_flex_direction_column_mobile": "center",
                    "divider_thickness": 0,
                    "padding-block-start": 20,
                    "padding-block-end": 10
                  },
                  "blocks": {
                    "utilities-text": {
                      "type": "_footer-utilities-text",
                      "static": true,
                      "settings": {
                        "content_direction": "row",
                        "gap": 4
                      },
                      "blocks": {
                        "text_kMW3qc": {
                          "type": "text",
                          "name": "Text",
                          "settings": {
                            "text": "<p>SHOPIFY THEMES BY <a href=\"https://halothemes.net/\" title=\"https://halothemes.net/\">HALOTHEMES</a>.</p>",
                            "typing_text": false,
                            "primary_text": "Welcome to our store!",
                            "secondary_text": "Exclusive offers just for you.",
                            "third_text": "Shop now and enjoy deals!",
                            "highlight_text": false,
                            "highlight_text_content": "",
                            "highlight_text_type": "text",
                            "underline_height": 18,
                            "underline_offset": 20,
                            "highlight_text_color": "#000000",
                            "highlight_underline_color": "#000000",
                            "spacing_text": false,
                            "spacing_text_content": "",
                            "spacing_text_left": 0,
                            "spacing_text_right": 0,
                            "stroke_text": false,
                            "stroke_text_content": "",
                            "width": "fit-content",
                            "unit": "percent",
                            "custom_width": 100,
                            "custom_width_pixel": 500,
                            "inherit_text_alignment": true,
                            "justify_alignment": false,
                            "alignment": "left",
                            "width_tablet": "fit-content",
                            "unit_tablet": "percent",
                            "custom_width_tablet": 100,
                            "custom_width_tablet_pixel": 100,
                            "inherit_text_alignment_tablet": true,
                            "justify_alignment_tablet": false,
                            "alignment_tablet": "left",
                            "width_mobile": "fit-content",
                            "unit_mobile": "percent",
                            "custom_width_mobile": 100,
                            "custom_width_mobile_pixel": 100,
                            "inherit_text_alignment_mobile": true,
                            "justify_alignment_mobile": false,
                            "alignment_mobile": "left",
                            "type_preset": "custom",
                            "font": "var(--font-body--family)",
                            "font_size": "1.2rem",
                            "line_height": "normal",
                            "letter_spacing": "normal",
                            "case": "none",
                            "wrap": "pretty",
                            "color": "var(--color-foreground)",
                            "background": false,
                            "background_color": "#00000026",
                            "enable_border": false,
                            "enable_border_bottom": false,
                            "border": "none",
                            "border_width": 0,
                            "border_width_type": "100%",
                            "border_custom_width": 100,
                            "border_radius": 0,
                            "text_effect": "none",
                            "heading_only": false,
                            "heading_effect": "none",
                            "animation_repeat": false,
                            "padding-block-start": 0,
                            "padding-block-end": 0,
                            "padding-inline-start": 0,
                            "padding-inline-end": 0
                          },
                          "blocks": {}
                        },
                        "copyright": {
                          "type": "_footer-copyright",
                          "static": true,
                          "settings": {
                            "type_preset": "custom",
                            "font": "var(--font-body--family)",
                            "font_size": "1.2rem",
                            "line_height": "normal",
                            "letter_spacing": "normal",
                            "case": "uppercase",
                            "wrap": "pretty",
                            "color": "var(--color-foreground)"
                          },
                          "blocks": {}
                        },
                        "policy_list": {
                          "type": "_footer-policy-list",
                          "disabled": true,
                          "static": true,
                          "settings": {
                            "font_size": "0.75rem",
                            "case": "none"
                          },
                          "blocks": {}
                        }
                      },
                      "block_order": [
                        "text_kMW3qc"
                      ]
                    }
                  },
                  "block_order": []
                }
              },
              "block_order": [
                "payment_icons_nwLjFy",
                "text_zeTjRU",
                "footer_utilities_9EkiGA"
              ]
            }
          },
          "block_order": [
            "jumbo_text_m86KDV",
            "group_dxaAmj"
          ]
        }
      },
      "block_order": [
        "footer_group_GQfP9p",
        "group_7TgywR"
      ],
      "name": "Footer - Home default",
      "settings": {
        "content_direction": "column",
        "vertical_on_mobile": true,
        "horizontal_alignment": "flex-start",
        "vertical_alignment": "center",
        "align_baseline": false,
        "horizontal_alignment_flex_direction_column": "flex-start",
        "vertical_alignment_flex_direction_column": "center",
        "gap": 12,
        "section_width": "page-width",
        "page_width_custom": 1570,
        "section_height": "",
        "animation_type": "none",
        "color_scheme": "scheme-2",
        "background_media": "none",
        "video_position": "cover",
        "background_image_position": "cover",
        "padding-block-start": 60,
        "padding-block-end": 20
      }
    },
    "footer_bottom": {
      "type": "footer-bottom",
      "disabled": true,
      "settings": {
        "color_scheme": "scheme-1",
        "show_top_line_separator": true,
        "enable_country_selector": true,
        "enable_language_selector": true,
        "payment_enable": true,
        "show_social": true,
        "show_copyright": true,
        "show_policy": true,
        "padding_top": 30,
        "padding_bottom": 36
      }
    }
  },
  "order": [
    "footer",
    "footer_bottom"
  ]
}
