{
  "name": "Header group",
  "type": "header",
  "sections": {
    "announcement_bar_4tGfEp": {
      "type": "announcement-bar",
      "blocks": {
        "group_announcement_bar_PeTpTw": {
          "type": "_group-announcement-bar",
          "settings": {
            "padding_top": 0,
            "padding_right": 0,
            "padding_bottom": 0,
            "padding_left": 0,
            "content_direction": "row",
            "wrap": "wrap",
            "align_items": "start",
            "justify_content": "start",
            "gap_x": 0,
            "gap_y": 0,
            "show_line_separator": false,
            "inherit_color_scheme": false,
            "scheme_background": "#000000",
            "scheme_background_gradient": "",
            "scheme_foreground_heading": "#000000",
            "scheme_foreground": "#ffffff",
            "scheme_primary": "#ffffff",
            "scheme_primary_hover": "#000000",
            "scheme_border": "#e6e6e6",
            "scheme_shadow": "#000000"
          },
          "blocks": {
            "group_announcement_9yj6cq": {
              "type": "_group-announcement",
              "settings": {
                "width_grid_item": 100,
                "autoplay": false,
                "autoplay_speed": 3,
                "inherit_color_scheme": true,
                "scheme_background": "#ffffff",
                "scheme_background_gradient": "",
                "scheme_foreground_heading": "#000000",
                "scheme_foreground": "#000000",
                "scheme_primary": "#000f9f",
                "scheme_primary_hover": "#000000",
                "scheme_border": "#e6e6e6",
                "scheme_shadow": "#000000"
              },
              "blocks": {
                "announcement_text_BXhKCE": {
                  "type": "_announcement-text",
                  "settings": {
                    "text": "End of season sale up to 50% off. <a href=\"/collections\" title=\"All collections\">Shop Now</a>",
                    "font": "body",
                    "font_size": "1.4rem"
                  },
                  "blocks": {}
                }
              },
              "block_order": [
                "announcement_text_BXhKCE"
              ]
            }
          },
          "block_order": [
            "group_announcement_9yj6cq"
          ]
        }
      },
      "block_order": [
        "group_announcement_bar_PeTpTw"
      ],
      "name": "t:names.announcement_bar",
      "settings": {
        "color_scheme": "scheme-7",
        "margin_bottom": 0,
        "padding_top": 12,
        "padding_bottom": 12
      }
    },
    "header_default": {
      "type": "header",
      "blocks": {
        "mega_menu_1_mDeNwB": {
          "type": "mega_menu_1",
          "settings": {
            "grid": "4",
            "menu_item": "Theme Demo",
            "width": "page-width",
            "show_promotion_banner": true,
            "promotion_banner_layout": "right",
            "image_border_thickness": 1,
            "image_corner_radius": 0,
            "link_url_1": "",
            "link_url_2": "",
            "link_url_3": ""
          }
        },
        "mega_menu_2_AGJyYm": {
          "type": "mega_menu_2",
          "settings": {
            "menu_item": "Shop",
            "grid": "4",
            "width": "page-width",
            "megamenu_submenu": "",
            "show_promotion_banner": false,
            "image_border_thickness": 0,
            "image_corner_radius": 0,
            "link_url_1": "",
            "link_url_2": "",
            "show_brand": false,
            "brand_title": "All Brands A-Z",
            "brand_text": "See All Brands",
            "brand_url": "",
            "divider": false,
            "inherit_color_scheme": false,
            "color_scheme": "scheme-1"
          }
        },
        "mega_menu_3_b9XnmH": {
          "type": "mega_menu_3",
          "settings": {
            "menu_item": "Product",
            "grid": "5",
            "width": "page-width",
            "megamenu_submenu": "",
            "product_collection": "",
            "product_limit": 4,
            "product_columns": 4,
            "product_direction": "column",
            "horizontal_alignment": "flex-start",
            "vertical_alignment_flex_direction_column": "justify-start",
            "show_promotion_banner": true,
            "banner_row": "bottom",
            "image_border_thickness": 1,
            "image_corner_radius": 0,
            "link_url_1": "",
            "divider": false,
            "inherit_color_scheme": false,
            "color_scheme": "scheme-2"
          }
        },
        "mega_menu_1_JVCYtQ": {
          "type": "mega_menu_1",
          "settings": {
            "grid": "3",
            "menu_item": "New In",
            "width": "page-width",
            "show_promotion_banner": true,
            "promotion_banner_layout": "right",
            "image_border_thickness": 0,
            "image_corner_radius": 0,
            "image_1": "",
            "link_url_1": "",
            "image_2": "",
            "link_url_2": "",
            "image_3": "",
            "link_url_3": ""
          }
        },
        "mega_menu_3_pb6MdF": {
          "type": "mega_menu_3",
          "settings": {
            "menu_item": "COLLECTIONS",
            "grid": "5",
            "width": "page-width",
            "megamenu_submenu": "custom-menu",
            "product_collection": "classic-new-arrival",
            "product_limit": 4,
            "product_columns": 4,
            "product_direction": "column",
            "horizontal_alignment": "items-start",
            "vertical_alignment_flex_direction_column": "justify-start",
            "show_promotion_banner": true,
            "banner_row": "bottom",
            "image_1": "",
            "image_border_thickness": 0,
            "image_corner_radius": 0,
            "link_url_1": "",
            "divider": true,
            "inherit_color_scheme": false,
            "color_scheme": "scheme-2"
          }
        },
        "mega_menu_2_A6GMW4": {
          "type": "mega_menu_2",
          "settings": {
            "menu_item": "Trend",
            "grid": "4",
            "width": "page-width",
            "megamenu_submenu": "",
            "show_promotion_banner": true,
            "image_border_thickness": 0,
            "image_corner_radius": 0,
            "image_1": "",
            "link_url_1": "",
            "image_2": "",
            "link_url_2": "",
            "show_brand": true,
            "brand_title": "BRANDS BY ALPHABET",
            "brand_text": "See All Brands",
            "brand_url": "",
            "divider": false,
            "inherit_color_scheme": false,
            "color_scheme": "scheme-2"
          }
        }
      },
      "block_order": [
        "mega_menu_1_mDeNwB",
        "mega_menu_2_AGJyYm",
        "mega_menu_3_b9XnmH",
        "mega_menu_1_JVCYtQ",
        "mega_menu_3_pb6MdF",
        "mega_menu_2_A6GMW4"
      ],
      "name": "Header - Default",
      "settings": {
        "gap": 12,
        "align_items": "start",
        "logo_width": 285,
        "logo_width_mobile": 110,
        "logo_spacing_left": 0,
        "logo_spacing_right": 0,
        "logo_position": "left",
        "logo_row": "top",
        "reveal_logo_on_sticky": true,
        "menu": "main-menu",
        "menu_position": "center",
        "menu_row": "top",
        "icon_type": "none",
        "menu_gap": 0,
        "button_type_size_link": "1.6rem",
        "button_font_weight_link": "500",
        "case": "uppercase",
        "button_type_size_link_2": "1.6rem",
        "button_font_weight_link_2": "600",
        "case_link_2": "uppercase",
        "button_type_size_link_3": "1.6rem",
        "button_font_weight_link_3": "default",
        "case_link_3": "none",
        "show_message": true,
        "message": "",
        "font": "var(--font-body--family)",
        "font_size": "1.2rem",
        "message_position": "top",
        "message_row": "top",
        "show_account": true,
        "enable_account_drawer": true,
        "account_type": "icon",
        "account_row": "top",
        "show_search": true,
        "search_display_type": "icon",
        "search_type": "frame",
        "search_position": "right",
        "search_row": "top",
        "show_country": true,
        "show_language": true,
        "country_selector_style": true,
        "localization_font": "body",
        "localization_font_size": "1.2rem",
        "localization_type": "icon",
        "localization_position": "right",
        "localization_row": "top",
        "gift_cards_enabled": false,
        "link_giftcards": "",
        "actions_type": "icon",
        "actions_row": "top",
        "section_width": "full-width",
        "enable_sticky_header": "always",
        "divider_width": 0,
        "divider_size": "page-width",
        "border_width": 0,
        "enable_shadow": false,
        "color_scheme_top": "scheme-1",
        "color_scheme_top_mb": "",
        "color_scheme_search_inline": "",
        "color_scheme_bottom": "",
        "color_scheme_transparent": "scheme-4",
        "menu_mobile_color_scheme": "scheme-1",
        "highlighted_item_1": "Buy Ella",
        "highlighted_item_2": "Open A Store for FREE, Sale, Landing Pages, Document, Sale",
        "highlighted_item_3": "Clean Cuts, Modern Fits",
        "highlighted_item_color": "#d12442",
        "new_label_1": "Theme Demo",
        "new_label_2": "",
        "new_label_3": "Classic, Jewelry, Shoes, Shopify OS 3.0 (Theme Block), Layout 03 - Magazine",
        "new_label_color": "#ffffff",
        "new_label_bg": "#06bfe2",
        "sale_label_1": "",
        "sale_label_2": "Brands, Contact Us",
        "sale_label_3": "Landing Page 01, Landing Page 02",
        "sale_label_color": "#ffffff",
        "sale_label_bg": "#ff1a00",
        "hot_label_1": "Product",
        "hot_label_2": "",
        "hot_label_3": "Trendy Style, High Fashion, SuperMarket, Electronics, Pet Supplies, Automotive, Hot Stock, Wishllist",
        "hot_label_color": "#ffffff",
        "hot_label_bg": "#ffbb49",
        "enable_transparent_header_home": true,
        "home_color_scheme": "inverse",
        "enable_transparent_header_product": false,
        "product_color_scheme": "default",
        "enable_transparent_header_collection": false,
        "collection_color_scheme": "default",
        "padding-block-start-top": 20,
        "padding-block-end-top": 20,
        "padding-block-start-bottom": 0,
        "padding-block-end-bottom": 0
      }
    },
    "header_mobile_MqfLk9": {
      "type": "header_mobile",
      "blocks": {
        "static-menu-tab-heading": {
          "type": "_menu_tab_headings",
          "static": true,
          "settings": {
            "color_scheme": "scheme-3"
          },
          "blocks": {
            "menu_tab_heading_X7rqfc": {
              "type": "_menu_tab_heading",
              "name": "Heading",
              "settings": {
                "title": "Menu"
              },
              "blocks": {}
            },
            "menu_tab_heading_nCEGbq": {
              "type": "_menu_tab_heading",
              "name": "Heading",
              "settings": {
                "title": "Demo"
              },
              "blocks": {}
            }
          },
          "block_order": [
            "menu_tab_heading_X7rqfc",
            "menu_tab_heading_nCEGbq"
          ]
        },
        "static-menu-tab-content": {
          "type": "_menu_tab_contents",
          "static": true,
          "settings": {},
          "blocks": {
            "menu_tab_list_FpTJaT": {
              "type": "_menu-tab-list",
              "name": "Menu tab list",
              "settings": {
                "tab_for": "Menu",
                "divider": true,
                "scheme_border": "#e6e6e6"
              },
              "blocks": {
                "menu_tab_item_aUDAAR": {
                  "type": "_menu-tab-item",
                  "name": "Menu item",
                  "settings": {
                    "title": "Home",
                    "link": "#",
                    "sub_menu": "",
                    "image_type_level_1": "image",
                    "svg_upload_level_1": "",
                    "image_level_1": ""
                  },
                  "blocks": {}
                },
                "menu_tab_item_gFEwXm": {
                  "type": "_menu-tab-item",
                  "name": "Menu item",
                  "settings": {
                    "title": "New In",
                    "link": "#",
                    "sub_menu": "mobile-menu-new-in",
                    "image_type_level_1": "image",
                    "svg_upload_level_1": "",
                    "image_level_1": "",
                    "banner_level_2": ""
                  },
                  "blocks": {}
                },
                "menu_tab_item_UbTwFE": {
                  "type": "_menu-tab-item",
                  "name": "Menu item",
                  "settings": {
                    "title": "Accessories",
                    "link": "#",
                    "sub_menu": "mobile-menu-accessories",
                    "image_type_level_1": "image",
                    "svg_upload_level_1": "",
                    "image_level_1": "",
                    "banner_level_2": ""
                  },
                  "blocks": {}
                },
                "menu_tab_item_FiUPrt": {
                  "type": "_menu-tab-item",
                  "name": "Menu item",
                  "settings": {
                    "title": "Shop This Look",
                    "link": "#",
                    "sub_menu": "mobile-menu-shop-this-look",
                    "image_type_level_1": "image",
                    "svg_upload_level_1": "",
                    "image_level_1": "",
                    "banner_level_2": ""
                  },
                  "blocks": {}
                },
                "menu_tab_item_kUtUi9": {
                  "type": "_menu-tab-item",
                  "name": "Menu item",
                  "settings": {
                    "title": "Blog",
                    "link": "#",
                    "sub_menu": "mobile-menu-blog",
                    "image_type_level_1": "image",
                    "svg_upload_level_1": "",
                    "image_level_1": "",
                    "banner_level_2": ""
                  },
                  "blocks": {}
                },
                "menu_tab_item_jPiHNw": {
                  "type": "_menu-tab-item",
                  "name": "Menu item",
                  "settings": {
                    "title": "Buy Theme",
                    "link": "https://1.envato.market/dokaB2",
                    "sub_menu": "mobile-menu-buy-theme",
                    "image_type_level_1": "image",
                    "svg_upload_level_1": "",
                    "image_level_1": ""
                  },
                  "blocks": {}
                },
                "menu_tab_item_AJwmMz": {
                  "type": "_menu-tab-item",
                  "name": "Menu item",
                  "settings": {
                    "title": "My Wish List",
                    "link": "",
                    "sub_menu": "",
                    "image_type_level_1": "image",
                    "svg_upload_level_1": "",
                    "image_level_1": ""
                  },
                  "blocks": {}
                },
                "menu_tab_item_6rAXjy": {
                  "type": "_menu-tab-item",
                  "name": "Menu item",
                  "settings": {
                    "title": "My Account",
                    "link": "https://new-ella-demo-07.myshopify.com/account/login",
                    "sub_menu": "",
                    "image_type_level_1": "image",
                    "svg_upload_level_1": "",
                    "image_level_1": ""
                  },
                  "blocks": {}
                }
              },
              "block_order": [
                "menu_tab_item_aUDAAR",
                "menu_tab_item_gFEwXm",
                "menu_tab_item_UbTwFE",
                "menu_tab_item_FiUPrt",
                "menu_tab_item_kUtUi9",
                "menu_tab_item_jPiHNw",
                "menu_tab_item_AJwmMz",
                "menu_tab_item_6rAXjy"
              ]
            },
            "menu_tab_list_JdVVGD": {
              "type": "_menu-tab-list",
              "name": "Menu tab list",
              "settings": {
                "tab_for": "Demo",
                "divider": true,
                "scheme_border": "#e6e6e6"
              },
              "blocks": {
                "menu_tab_item_PbNVWV": {
                  "type": "_menu-tab-item",
                  "name": "t:names.menu_item",
                  "settings": {
                    "title": "Home Page",
                    "link": "",
                    "sub_menu": "mobile-menu-home-page",
                    "image_type_level_1": "image",
                    "svg_upload_level_1": "",
                    "image_level_1": ""
                  },
                  "blocks": {}
                },
                "menu_tab_item_kPjJxE": {
                  "type": "_menu-tab-item",
                  "name": "t:names.menu_item",
                  "settings": {
                    "title": "Product Page",
                    "link": "",
                    "sub_menu": "",
                    "image_type_level_1": "image",
                    "svg_upload_level_1": "",
                    "image_level_1": ""
                  },
                  "blocks": {}
                },
                "menu_tab_item_xPkVWn": {
                  "type": "_menu-tab-item",
                  "name": "t:names.menu_item",
                  "settings": {
                    "title": "Collection Page",
                    "link": "",
                    "sub_menu": "",
                    "image_type_level_1": "image",
                    "svg_upload_level_1": "",
                    "image_level_1": ""
                  },
                  "blocks": {}
                },
                "menu_tab_item_R38hiD": {
                  "type": "_menu-tab-item",
                  "name": "t:names.menu_item",
                  "settings": {
                    "title": "Collection List Page",
                    "link": "",
                    "sub_menu": "",
                    "image_type_level_1": "image",
                    "svg_upload_level_1": ""
                  },
                  "blocks": {}
                },
                "menu_tab_item_arJjWr": {
                  "type": "_menu-tab-item",
                  "name": "t:names.menu_item",
                  "settings": {
                    "title": "Blog Page",
                    "link": "",
                    "sub_menu": "",
                    "image_type_level_1": "image",
                    "svg_upload_level_1": ""
                  },
                  "blocks": {}
                }
              },
              "block_order": [
                "menu_tab_item_PbNVWV",
                "menu_tab_item_kPjJxE",
                "menu_tab_item_xPkVWn",
                "menu_tab_item_R38hiD",
                "menu_tab_item_arJjWr"
              ]
            }
          },
          "block_order": [
            "menu_tab_list_FpTJaT",
            "menu_tab_list_JdVVGD"
          ]
        }
      },
      "name": "Header mobile multi-tab",
      "settings": {
        "show_image_level_1": true,
        "media_type": "circle",
        "media_width": 35,
        "show_image_sub_menu": true,
        "media_width_sub_menu": 70,
        "show_country": true,
        "country_selector_style": true,
        "show_language": true,
        "localization_font": "body",
        "localization_font_size": "1.4rem"
      }
    }
  },
  "order": [
    "announcement_bar_4tGfEp",
    "header_default",
    "header_mobile_MqfLk9"
  ]
}
