{
  "name": "Popup group",
  "type": "custom.popup",
  "sections": {
    "multitasking_bar_AY9KgF": {
      "type": "multitasking-bar",
      "blocks": {
        "recently_viewed_products_NVC4mV": {
          "type": "_recently_viewed_products",
          "name": "Recently viewed products",
          "settings": {
            "products_to_show": 6,
            "inherit_color_scheme": true,
            "scheme_background": "#ffffff",
            "scheme_background_gradient": "",
            "scheme_foreground_heading": "#000000",
            "scheme_foreground": "#000000",
            "scheme_primary": "#000f9f",
            "scheme_primary_hover": "#000000",
            "scheme_border": "#e6e6e6",
            "scheme_shadow": "#000000"
          },
          "blocks": {
            "product-item": {
              "type": "card-product-flex",
              "static": true,
              "settings": {
                "product": "{{ closest.product }}",
                "inherit_color_scheme": true,
                "scheme_background": "#ffffff",
                "scheme_background_gradient": "",
                "scheme_foreground_heading": "#000000",
                "scheme_foreground": "#000000",
                "scheme_primary": "#000f9f",
                "scheme_primary_hover": "#000000",
                "scheme_border": "#e6e6e6",
                "scheme_shadow": "#000000",
                "border": "none",
                "border_width": 1,
                "border_opacity": 100,
                "border_radius": 0,
                "content_direction": "row",
                "wrap": "no-wrap",
                "align_items": "stretch",
                "justify_content": "start",
                "gap": 12,
                "width": "fill",
                "custom_width": 100,
                "padding-block-start": 0,
                "padding-block-end": 0,
                "padding-inline-start": 0,
                "padding-inline-end": 0
              },
              "blocks": {
                "card_product_media_flex_QiwATR": {
                  "type": "_card-product-media-flex",
                  "name": "Product media",
                  "settings": {
                    "product": "{{ closest.product }}",
                    "image_ratio": "adapt",
                    "show_secondary_image": true,
                    "width_option": "full",
                    "custom_width": 80,
                    "border": "none",
                    "border_width": 1,
                    "border_opacity": 100,
                    "border_radius": 0
                  },
                  "blocks": {}
                },
                "card_product_information_AbEQkB": {
                  "type": "_card-product-information",
                  "name": "Group: Product Information",
                  "settings": {
                    "width_option": "full",
                    "custom_width": 80,
                    "content_direction": "column",
                    "content_direction_mobile": "column",
                    "wrap": "wrap",
                    "wrap_tablet": "wrap",
                    "vertical_alignment": "center",
                    "horizontal_alignment": "flex-start",
                    "horizontal_alignment_flex_direction_column": "flex-start",
                    "vertical_alignment_flex_direction_column": "flex-start",
                    "gap_y": 10,
                    "gap_x": 8,
                    "inherit_color_scheme": true,
                    "scheme_background": "#ffffff",
                    "scheme_background_gradient": "",
                    "scheme_foreground_heading": "#000000",
                    "scheme_foreground": "#000000",
                    "scheme_primary": "#000f9f",
                    "scheme_primary_hover": "#000000",
                    "scheme_border": "#e6e6e6",
                    "scheme_shadow": "#000000",
                    "padding_top": 0,
                    "padding_right": 0,
                    "padding_bottom": 0,
                    "padding_left": 0
                  },
                  "blocks": {
                    "card_product_title_flex_Yb4iyq": {
                      "type": "_card-product-title-flex",
                      "name": "Product title",
                      "settings": {
                        "product": "{{ closest.product }}",
                        "width": "fit-content",
                        "unit": "percent",
                        "custom_width": 100,
                        "custom_width_pixel": 500,
                        "alignment": "left",
                        "clamp": false,
                        "clamp_row": 2,
                        "type_preset": "rte",
                        "font": "var(--font-body--family)",
                        "font_size": "1.6rem",
                        "line_height": "normal",
                        "letter_spacing": "normal",
                        "case": "none",
                        "wrap": "pretty",
                        "padding-block-start": 0,
                        "padding-block-end": 0,
                        "padding-inline-end": 0,
                        "padding-inline-start": 0
                      },
                      "blocks": {}
                    },
                    "card_product_vendor_flex_BHa8EJ": {
                      "type": "_card-product-vendor-flex",
                      "name": "Product vendor",
                      "settings": {
                        "product": "{{ closest.product }}",
                        "width": "fit-content",
                        "alignment": "left",
                        "type_preset": "rte",
                        "font": "var(--font-body--family)",
                        "font_size": "1.6rem",
                        "letter_spacing": "normal",
                        "case": "none",
                        "wrap": "pretty",
                        "padding-block-start": 0,
                        "padding-block-end": 0,
                        "padding-inline-end": 0,
                        "padding-inline-start": 0
                      },
                      "blocks": {}
                    },
                    "card_product_price_flex_YTxmgF": {
                      "type": "_card-product-price-flex",
                      "name": "Product price",
                      "settings": {
                        "product": "{{ closest.product }}",
                        "type_preset": "",
                        "width": "fit-content",
                        "alignment": "left",
                        "font": "var(--font-body--family)",
                        "font_size": "1.6rem",
                        "line_height": "normal",
                        "letter_spacing": "normal",
                        "case": "none",
                        "padding-block-start": 0,
                        "padding-block-end": 0,
                        "padding-inline-start": 0,
                        "padding-inline-end": 0
                      },
                      "blocks": {}
                    },
                    "card_product_variant_flex_8UmTDw": {
                      "type": "_card-product-variant-flex",
                      "name": "Product variant",
                      "settings": {
                        "product": "{{ closest.product }}",
                        "padding-block-start": 0,
                        "padding-block-end": 0,
                        "padding-inline-start": 0,
                        "padding-inline-end": 0
                      },
                      "blocks": {}
                    }
                  },
                  "block_order": [
                    "card_product_title_flex_Yb4iyq",
                    "card_product_vendor_flex_BHa8EJ",
                    "card_product_price_flex_YTxmgF",
                    "card_product_variant_flex_8UmTDw"
                  ]
                }
              },
              "block_order": [
                "card_product_media_flex_QiwATR",
                "card_product_information_AbEQkB"
              ]
            }
          },
          "block_order": []
        },
        "social_media_WFXftf": {
          "type": "_social_media",
          "name": "Socials",
          "settings": {},
          "blocks": {}
        },
        "back_to_top_jPnP9G": {
          "type": "_back_to_top",
          "name": "Back to top",
          "settings": {},
          "blocks": {}
        }
      },
      "block_order": [
        "recently_viewed_products_NVC4mV",
        "social_media_WFXftf",
        "back_to_top_jPnP9G"
      ],
      "settings": {
        "background": "#ffffff",
        "icon": "#000000",
        "secondary_background": "#1199bb",
        "secondary_icon": "#ffffff"
      }
    },
    "cart_drawer_PFLQy3": {
      "type": "cart-drawer",
      "blocks": {
        "cart-product": {
          "type": "_cart-product",
          "static": true,
          "settings": {
            "gap": 10,
            "image_ratio": "adapt",
            "border": true,
            "vendor": false,
            "padding-block-start": 0,
            "padding-block-end": 0,
            "padding-inline-start": 0,
            "padding-inline-end": 0
          },
          "blocks": {}
        }
      },
      "settings": {
        "cart_drawer_collection": "",
        "color_scheme": ""
      }
    },
    "toolbar_mobile_3HBwAV": {
      "type": "toolbar-mobile",
      "blocks": {
        "link_44gGkw": {
          "type": "link",
          "settings": {
            "icon": "<svg aria-hidden=\"true\" focusable=\"false\" data-prefix=\"fal\" data-icon=\"home-lg-alt\" role=\"img\" xmlns=\"http://www.w3.org/2000/svg\" viewbox=\"0 0 576 512\" class=\"svg-inline--fa fa-home-lg-alt fa-w-18 fa-3x\"><path fill=\"currentColor\" d=\"M573.48 219.91L310.6 8a35.85 35.85 0 0 0-45.19 0L2.53 219.91a6.71 6.71 0 0 0-1 9.5l14.2 17.5a6.82 6.82 0 0 0 9.6 1L64 216.72V496a16 16 0 0 0 16 16h416a16 16 0 0 0 16-16V216.82l38.8 31.29a6.83 6.83 0 0 0 9.6-1l14.19-17.5a7.14 7.14 0 0 0-1.11-9.7zM240 480V320h96v160zm240 0H368V304a16 16 0 0 0-16-16H224a16 16 0 0 0-16 16v176H96V190.92l187.71-151.4a6.63 6.63 0 0 1 8.4 0L480 191z\" class=\"\"></path></svg>",
            "title": "Home",
            "link": "/"
          }
        },
        "search_LRriqE": {
          "type": "search",
          "settings": {
            "icon": "<svg style=\"transform: scale(1.2);\" xmlns=\"http://www.w3.org/2000/svg\" viewbox=\"0 0 32 32\" class=\"icon icon-search\"><path d=\"M 19 3 C 13.488281 3 9 7.488281 9 13 C 9 15.394531 9.839844 17.589844 11.25 19.3125 L 3.28125 27.28125 L 4.71875 28.71875 L 12.6875 20.75 C 14.410156 22.160156 16.605469 23 19 23 C 24.511719 23 29 18.511719 29 13 C 29 7.488281 24.511719 3 19 3 Z M 19 5 C 23.429688 5 27 8.570313 27 13 C 27 17.429688 23.429688 21 19 21 C 14.570313 21 11 17.429688 11 13 C 11 8.570313 14.570313 5 19 5 Z\"></path></svg>",
            "title": "Search",
            "action_type": "drawer"
          }
        },
        "account_RwYWmc": {
          "type": "account",
          "settings": {
            "icon": "",
            "title": "Account",
            "action_type": "drawer"
          }
        },
        "cart_4F43pT": {
          "type": "cart",
          "settings": {
            "icon": "",
            "title": "Cart",
            "action_type": "drawer"
          }
        },
        "wishlist_gGbpcz": {
          "type": "wishlist",
          "settings": {
            "icon": "",
            "title": "Wishlist"
          }
        }
      },
      "block_order": [
        "link_44gGkw",
        "search_LRriqE",
        "account_RwYWmc",
        "cart_4F43pT",
        "wishlist_gGbpcz"
      ],
      "name": "Sticky toolbar mobile",
      "settings": {
        "icon_size": 20,
        "color_scheme": "scheme-1",
        "padding_top": 4,
        "padding_bottom": 4
      }
    },
    "promotion_popup_epACJx": {
      "type": "promotion-popup",
      "blocks": {
        "group_bK8anF": {
          "type": "group",
          "name": "t:names.group",
          "settings": {
            "link": "",
            "open_in_new_tab": false,
            "content_direction": "row",
            "content_direction_mobile": "column",
            "horizontal_alignment": "flex-start",
            "vertical_alignment": "center",
            "align_baseline": false,
            "horizontal_alignment_flex_direction_column": "flex-start",
            "vertical_alignment_flex_direction_column": "center",
            "horizontal_alignment_mobile": "flex-start",
            "vertical_alignment_mobile": "center",
            "horizontal_alignment_flex_direction_column_mobile": "flex-start",
            "vertical_alignment_flex_direction_column_mobile": "center",
            "gap": 0,
            "width": "custom",
            "custom_width": 100,
            "width_tablet": "fill",
            "custom_width_tablet": 100,
            "width_mobile": "fill",
            "custom_width_mobile": 100,
            "height": "fill",
            "custom_height": 100,
            "inherit_color_scheme": true,
            "scheme_background": "#ffffff",
            "scheme_background_gradient": "",
            "scheme_foreground_heading": "#000000",
            "scheme_foreground": "#000000",
            "scheme_primary": "#000f9f",
            "scheme_primary_hover": "#000000",
            "scheme_border": "#e6e6e6",
            "scheme_shadow": "#000000",
            "background_media": "none",
            "video_position": "cover",
            "background_image_position": "cover",
            "content_overlay": false,
            "image_ratio": "adapt",
            "border": "none",
            "border_width": 1,
            "border_opacity": 0,
            "border_radius": 0,
            "toggle_overlay": false,
            "overlay_color": "#00000026",
            "extend_left_overlay": false,
            "extend_right_overlay": false,
            "overlay_style": "solid",
            "gradient_direction": "to top",
            "enable_parallax": "none",
            "disable_parallax_mobile": false,
            "parallax_speed": 0.5,
            "horizontal_position": 0,
            "vertical_position": 0,
            "shadow_color": "rgba(0,0,0,0)",
            "shadow_horizontal_offset": 0,
            "shadow_vertical_offset": 0,
            "shadow_blur": 0,
            "spread_radius": 0,
            "margin-block-start": 0,
            "margin-block-start-mobile": 0,
            "margin-block-end": 0,
            "margin-block-end-mobile": 0,
            "margin-inline-start": 0,
            "margin-inline-start-mobile": 0,
            "margin-inline-end": 0,
            "margin-inline-end-mobile": 0,
            "padding-block-start": 0,
            "padding-block-end": 0,
            "padding-inline-start": 0,
            "padding-inline-end": 0
          },
          "blocks": {
            "image_gkP4cG": {
              "type": "image",
              "name": "Image",
              "settings": {
                "link": "",
                "hide_on_mobile": false,
                "image_ratio": "adapt",
                "width": "custom",
                "unit": "percent",
                "custom_width": 100,
                "custom_width_pixel": 100,
                "width_tablet": "custom",
                "unit_tablet": "percent",
                "custom_width_tablet": 100,
                "custom_width_tablet_pixel": 100,
                "width_mobile": "custom",
                "unit_mobile": "percent",
                "custom_width_mobile": 100,
                "custom_width_mobile_pixel": 100,
                "height": "fit",
                "border": "none",
                "border_width": 1,
                "border_opacity": 100,
                "border_radius": 0,
                "animation_type": "none",
                "disable_parallax_mobile": false,
                "parallax_speed": 0.5,
                "padding-block-start": 0,
                "padding-inline-end": 0,
                "padding-block-end": 0,
                "padding-inline-start": 0
              },
              "blocks": {}
            },
            "group_4pEepX": {
              "type": "group",
              "name": "t:names.group",
              "settings": {
                "link": "",
                "open_in_new_tab": false,
                "content_direction": "column",
                "content_direction_mobile": "column",
                "horizontal_alignment": "flex-start",
                "vertical_alignment": "center",
                "align_baseline": false,
                "horizontal_alignment_flex_direction_column": "center",
                "vertical_alignment_flex_direction_column": "center",
                "horizontal_alignment_mobile": "flex-start",
                "vertical_alignment_mobile": "center",
                "horizontal_alignment_flex_direction_column_mobile": "center",
                "vertical_alignment_flex_direction_column_mobile": "center",
                "gap": 12,
                "width": "fill",
                "custom_width": 100,
                "width_tablet": "fill",
                "custom_width_tablet": 100,
                "width_mobile": "fill",
                "custom_width_mobile": 100,
                "height": "fit",
                "custom_height": 100,
                "inherit_color_scheme": true,
                "scheme_background": "#ffffff",
                "scheme_background_gradient": "",
                "scheme_foreground_heading": "#000000",
                "scheme_foreground": "#000000",
                "scheme_primary": "#000f9f",
                "scheme_primary_hover": "#000000",
                "scheme_border": "#e6e6e6",
                "scheme_shadow": "#000000",
                "background_media": "none",
                "video_position": "cover",
                "background_image_position": "cover",
                "content_overlay": false,
                "image_ratio": "adapt",
                "border": "none",
                "border_width": 1,
                "border_opacity": 0,
                "border_radius": 0,
                "toggle_overlay": false,
                "overlay_color": "#00000026",
                "extend_left_overlay": false,
                "extend_right_overlay": false,
                "overlay_style": "solid",
                "gradient_direction": "to top",
                "enable_parallax": "none",
                "disable_parallax_mobile": false,
                "parallax_speed": 0.5,
                "horizontal_position": 0,
                "vertical_position": 0,
                "shadow_color": "rgba(0,0,0,0)",
                "shadow_horizontal_offset": 0,
                "shadow_vertical_offset": 0,
                "shadow_blur": 0,
                "spread_radius": 0,
                "margin-block-start": 0,
                "margin-block-start-mobile": 0,
                "margin-block-end": 0,
                "margin-block-end-mobile": 0,
                "margin-inline-start": 0,
                "margin-inline-start-mobile": 0,
                "margin-inline-end": 0,
                "margin-inline-end-mobile": 0,
                "padding-block-start": 100,
                "padding-block-end": 100,
                "padding-inline-start": 20,
                "padding-inline-end": 20
              },
              "blocks": {
                "group_RVnJBy": {
                  "type": "group",
                  "name": "t:names.group",
                  "settings": {
                    "link": "",
                    "open_in_new_tab": false,
                    "content_direction": "column",
                    "content_direction_mobile": "column",
                    "horizontal_alignment": "flex-start",
                    "vertical_alignment": "center",
                    "align_baseline": false,
                    "horizontal_alignment_flex_direction_column": "center",
                    "vertical_alignment_flex_direction_column": "center",
                    "horizontal_alignment_mobile": "flex-start",
                    "vertical_alignment_mobile": "center",
                    "horizontal_alignment_flex_direction_column_mobile": "center",
                    "vertical_alignment_flex_direction_column_mobile": "center",
                    "gap": 12,
                    "width": "custom",
                    "custom_width": 100,
                    "width_tablet": "fill",
                    "custom_width_tablet": 100,
                    "width_mobile": "fill",
                    "custom_width_mobile": 100,
                    "height": "fit",
                    "custom_height": 100,
                    "inherit_color_scheme": true,
                    "scheme_background": "#ffffff",
                    "scheme_background_gradient": "",
                    "scheme_foreground_heading": "#000000",
                    "scheme_foreground": "#000000",
                    "scheme_primary": "#000f9f",
                    "scheme_primary_hover": "#000000",
                    "scheme_border": "#e6e6e6",
                    "scheme_shadow": "#000000",
                    "background_media": "none",
                    "video_position": "cover",
                    "background_image_position": "cover",
                    "content_overlay": false,
                    "image_ratio": "adapt",
                    "border": "none",
                    "border_width": 1,
                    "border_opacity": 0,
                    "border_radius": 0,
                    "toggle_overlay": false,
                    "overlay_color": "#00000026",
                    "extend_left_overlay": false,
                    "extend_right_overlay": false,
                    "overlay_style": "solid",
                    "gradient_direction": "to top",
                    "enable_parallax": "none",
                    "disable_parallax_mobile": false,
                    "parallax_speed": 0.5,
                    "horizontal_position": 0,
                    "vertical_position": 0,
                    "shadow_color": "rgba(0,0,0,0)",
                    "shadow_horizontal_offset": 0,
                    "shadow_vertical_offset": 0,
                    "shadow_blur": 0,
                    "spread_radius": 0,
                    "margin-block-start": 0,
                    "margin-block-start-mobile": 0,
                    "margin-block-end": 0,
                    "margin-block-end-mobile": 0,
                    "margin-inline-start": 0,
                    "margin-inline-start-mobile": 0,
                    "margin-inline-end": 0,
                    "margin-inline-end-mobile": 0,
                    "padding-block-start": 0,
                    "padding-block-end": 0,
                    "padding-inline-start": 0,
                    "padding-inline-end": 0
                  },
                  "blocks": {
                    "text_KUxMLk": {
                      "type": "text",
                      "name": "t:names.heading",
                      "settings": {
                        "text": "<h2>New arrivals</h2>",
                        "typing_text": false,
                        "primary_text": "Welcome to our store!",
                        "secondary_text": "Exclusive offers just for you.",
                        "third_text": "Shop now and enjoy deals!",
                        "highlight_text": false,
                        "highlight_text_content": "",
                        "highlight_text_type": "text",
                        "underline_height": 18,
                        "underline_offset": -20,
                        "highlight_text_color": "#000000",
                        "highlight_underline_color": "#000000",
                        "spacing_text": false,
                        "spacing_text_content": "",
                        "spacing_text_left": 0,
                        "spacing_text_right": 0,
                        "stroke_text": false,
                        "stroke_text_content": "",
                        "width": "fit-content",
                        "unit": "percent",
                        "custom_width": 100,
                        "custom_width_pixel": 500,
                        "inherit_text_alignment": true,
                        "justify_alignment": false,
                        "alignment": "left",
                        "width_tablet": "fit-content",
                        "unit_tablet": "percent",
                        "custom_width_tablet": 100,
                        "custom_width_tablet_pixel": 100,
                        "inherit_text_alignment_tablet": true,
                        "justify_alignment_tablet": false,
                        "alignment_tablet": "left",
                        "width_mobile": "fit-content",
                        "unit_mobile": "percent",
                        "custom_width_mobile": 100,
                        "custom_width_mobile_pixel": 100,
                        "inherit_text_alignment_mobile": true,
                        "justify_alignment_mobile": false,
                        "alignment_mobile": "left",
                        "type_preset": "rte",
                        "font": "var(--font-body--family)",
                        "font_size": "1.6rem",
                        "line_height": "normal",
                        "letter_spacing": "normal",
                        "case": "none",
                        "wrap": "pretty",
                        "color": "var(--color-foreground)",
                        "background": false,
                        "background_color": "#00000026",
                        "enable_border": false,
                        "enable_border_bottom": false,
                        "border": "none",
                        "border_width": 0,
                        "border_width_type": "100%",
                        "border_custom_width": 100,
                        "border_radius": 0,
                        "text_effect": "none",
                        "animation_repeat": false,
                        "padding-block-start": 0,
                        "padding-block-end": 0,
                        "padding-inline-start": 0,
                        "padding-inline-end": 0
                      },
                      "blocks": {}
                    },
                    "text_qaNzwd": {
                      "type": "text",
                      "name": "t:names.text",
                      "settings": {
                        "text": "<p>We make things that work better and last longer. Our products solve real problems with clean design and honest materials.</p>",
                        "typing_text": false,
                        "primary_text": "Welcome to our store!",
                        "secondary_text": "Exclusive offers just for you.",
                        "third_text": "Shop now and enjoy deals!",
                        "highlight_text": false,
                        "highlight_text_content": "",
                        "highlight_text_type": "text",
                        "underline_height": 18,
                        "underline_offset": -20,
                        "highlight_text_color": "#000000",
                        "highlight_underline_color": "#000000",
                        "spacing_text": false,
                        "spacing_text_content": "",
                        "spacing_text_left": 0,
                        "spacing_text_right": 0,
                        "stroke_text": false,
                        "stroke_text_content": "",
                        "width": "fit-content",
                        "unit": "percent",
                        "custom_width": 100,
                        "custom_width_pixel": 500,
                        "inherit_text_alignment": true,
                        "justify_alignment": false,
                        "alignment": "left",
                        "width_tablet": "fit-content",
                        "unit_tablet": "percent",
                        "custom_width_tablet": 100,
                        "custom_width_tablet_pixel": 100,
                        "inherit_text_alignment_tablet": true,
                        "justify_alignment_tablet": false,
                        "alignment_tablet": "left",
                        "width_mobile": "fit-content",
                        "unit_mobile": "percent",
                        "custom_width_mobile": 100,
                        "custom_width_mobile_pixel": 100,
                        "inherit_text_alignment_mobile": true,
                        "justify_alignment_mobile": false,
                        "alignment_mobile": "left",
                        "type_preset": "rte",
                        "font": "var(--font-body--family)",
                        "font_size": "1.6rem",
                        "line_height": "normal",
                        "letter_spacing": "normal",
                        "case": "none",
                        "wrap": "pretty",
                        "color": "var(--color-foreground)",
                        "background": false,
                        "background_color": "#00000026",
                        "enable_border": false,
                        "enable_border_bottom": false,
                        "border": "none",
                        "border_width": 0,
                        "border_width_type": "100%",
                        "border_custom_width": 100,
                        "border_radius": 0,
                        "text_effect": "none",
                        "animation_repeat": false,
                        "padding-block-start": 0,
                        "padding-block-end": 0,
                        "padding-inline-start": 0,
                        "padding-inline-end": 0
                      },
                      "blocks": {}
                    },
                    "email_signup_4WxggL": {
                      "type": "email-signup",
                      "name": "Email signup",
                      "settings": {
                        "show_subscription": false,
                        "subscription_text": "Sign up to be the first to know when the event is live!",
                        "subscription_button": "SUBSCRIBE",
                        "width": "fill",
                        "custom_width": 100,
                        "width_tablet": "fill",
                        "custom_width_tablet": 100,
                        "width_mobile": "fill",
                        "custom_width_mobile": 100,
                        "inherit_color_scheme": true,
                        "scheme_background": "#ffffff",
                        "scheme_background_gradient": "",
                        "scheme_foreground_heading": "#000000",
                        "scheme_foreground": "#000000",
                        "scheme_primary": "#000f9f",
                        "scheme_primary_hover": "#000000",
                        "scheme_border": "#e6e6e6",
                        "scheme_shadow": "#000000",
                        "border": "none",
                        "border_width": 1,
                        "border_opacity": 100,
                        "border_radius": 0,
                        "field-padding-block-start": 0,
                        "field-padding-block-end": 0,
                        "field-padding-inline-start": 0,
                        "field-padding-inline-end": 0,
                        "input_label": "Enter your email address",
                        "border_style": "all",
                        "input_border_width": 1,
                        "input_border_radius": 0,
                        "input_alignment": "center",
                        "input_type_preset": "paragraph",
                        "input_focus_effect": "none",
                        "focus_border_color": "#3399ff",
                        "agree_condition": false,
                        "agree_condition_text": "I agree with the terms and conditions",
                        "condition-padding-block-start": 20,
                        "condition-padding-block-end": 20,
                        "show_input_description": false,
                        "input_description": "",
                        "type_preset": "rte",
                        "description-padding-block-start": 20,
                        "description-padding-block-end": 20,
                        "style_class": "button",
                        "hide_submit_border": false,
                        "display_type": "text",
                        "icon_type": "chevron",
                        "icon_size_desktop": 24,
                        "icon_size_mobile": 24,
                        "label": "SUTMIT",
                        "button_type_preset": "paragraph",
                        "background_button": true,
                        "integrated_button": false,
                        "gap": 12,
                        "submit_width": "fit-content",
                        "submit_custom_width": 100,
                        "submit_width_mobile": "custom",
                        "submit_custom_width_mobile": 100,
                        "padding-block-start": 0,
                        "padding-block-end": 0,
                        "padding-inline-start": 0,
                        "padding-inline-end": 0
                      },
                      "blocks": {}
                    },
                    "social_icons_mwNqPi": {
                      "type": "social-icons",
                      "name": "Social icons",
                      "settings": {
                        "social_style": "default",
                        "icon_size": 36,
                        "icon_size_mobile": 36,
                        "icon_color": "#ffffff",
                        "icon_bg_color": "#232323",
                        "icon_border_color": "#232323",
                        "icon_color_hover": "#232323",
                        "icon_bg_color_hover": "rgba(0,0,0,0)",
                        "icon_border_color_hover": "#232323",
                        "gap_x": 10,
                        "gap_y": 10,
                        "padding-block-start": 0,
                        "padding-block-end": 0
                      },
                      "blocks": {}
                    }
                  },
                  "block_order": [
                    "text_KUxMLk",
                    "text_qaNzwd",
                    "email_signup_4WxggL",
                    "social_icons_mwNqPi"
                  ]
                }
              },
              "block_order": [
                "group_RVnJBy"
              ]
            }
          },
          "block_order": [
            "image_gkP4cG",
            "group_4pEepX"
          ]
        }
      },
      "block_order": [
        "group_bK8anF"
      ],
      "settings": {
        "popup_expire": 1,
        "popup_delay": 10,
        "color_scheme": ""
      }
    },
    "before_you_leave_GxJyQy": {
      "type": "before-you-leave",
      "blocks": {
        "before-you-leave-group": {
          "type": "_before-you-leave-group",
          "name": "t:names.group",
          "static": true,
          "settings": {
            "content_direction": "row",
            "content_direction_mobile": "column",
            "horizontal_alignment": "flex-start",
            "vertical_alignment": "stretch",
            "align_baseline": false,
            "horizontal_alignment_flex_direction_column": "flex-start",
            "vertical_alignment_flex_direction_column": "center",
            "horizontal_alignment_mobile": "flex-start",
            "vertical_alignment_mobile": "center",
            "horizontal_alignment_flex_direction_column_mobile": "flex-start",
            "vertical_alignment_flex_direction_column_mobile": "center",
            "gap": 0,
            "inherit_color_scheme": true,
            "scheme_background": "#FFFFFF",
            "scheme_background_gradient": "",
            "scheme_foreground_heading": "#000000",
            "scheme_foreground": "#000000",
            "scheme_primary": "#000F9F",
            "scheme_primary_hover": "#000000",
            "scheme_border": "#E6E6E6",
            "scheme_shadow": "#000000",
            "border": "none",
            "border_width": 1,
            "border_radius": 0,
            "toggle_overlay": false,
            "overlay_color": "#00000026",
            "overlay_style": "solid",
            "gradient_direction": "to top",
            "margin-block-start": 0,
            "margin-block-start-mobile": 0,
            "margin-block-end": 0,
            "margin-block-end-mobile": 0,
            "margin-inline-start": 0,
            "margin-inline-start-mobile": 0,
            "margin-inline-end": 0,
            "margin-inline-end-mobile": 0,
            "padding-block-start": 0,
            "padding-block-end": 0,
            "padding-inline-start": 0,
            "padding-inline-end": 0
          },
          "blocks": {
            "before_you_leave_banner_ExzF6E": {
              "type": "_before-you-leave-banner",
              "name": "t:names.media_banner",
              "settings": {
                "hide_on_mobile": false,
                "image_ratio": "adapt",
                "width": "fill",
                "custom_width": 100,
                "width_mobile": "fill",
                "custom_width_mobile": 100,
                "height": "fit",
                "custom_height": 100,
                "horizontal_alignment_flex_direction_column": "center",
                "vertical_alignment_flex_direction_column": "center",
                "gap": 12,
                "inherit_color_scheme": false,
                "scheme_background": "#FFFFFF",
                "scheme_background_gradient": "",
                "scheme_foreground_heading": "#000000",
                "scheme_foreground": "#000000",
                "scheme_primary": "#000F9F",
                "scheme_primary_hover": "#000000",
                "scheme_border": "#E6E6E6",
                "scheme_shadow": "#000000",
                "toggle_overlay": false,
                "overlay_color": "#00000026",
                "overlay_style": "solid",
                "gradient_direction": "to top",
                "padding-block-start": 25,
                "padding-block-end": 25,
                "padding-inline-start": 25,
                "padding-inline-end": 25
              },
              "blocks": {}
            },
            "before_you_leave_content_KqKgBT": {
              "type": "_before-you-leave-content",
              "name": "t:names.content",
              "settings": {
                "content_direction": "column",
                "horizontal_alignment": "flex-start",
                "vertical_alignment": "center",
                "align_baseline": false,
                "horizontal_alignment_flex_direction_column": "center",
                "vertical_alignment_flex_direction_column": "center",
                "gap": 24,
                "width": "fill",
                "custom_width": 100,
                "width_mobile": "fill",
                "custom_width_mobile": 100,
                "height": "fit",
                "custom_height": 100,
                "inherit_color_scheme": false,
                "scheme_background": "#FFFFFF",
                "scheme_background_gradient": "",
                "scheme_foreground_heading": "#000000",
                "scheme_foreground": "#000000",
                "scheme_primary": "#000F9F",
                "scheme_primary_hover": "#000000",
                "scheme_border": "#E6E6E6",
                "scheme_shadow": "#000000",
                "border": "none",
                "border_width": 1,
                "border_radius": 0,
                "toggle_overlay": false,
                "overlay_color": "#00000026",
                "overlay_style": "solid",
                "gradient_direction": "to top",
                "padding-block-start": 24,
                "padding-block-end": 24,
                "padding-inline-start": 12,
                "padding-inline-end": 12
              },
              "blocks": {
                "text_Uem3Wq": {
                  "type": "text",
                  "name": "t:names.heading",
                  "settings": {
                    "text": "<p>Special Picks for You</p>",
                    "typing_text": false,
                    "primary_text": "Welcome to our store!",
                    "secondary_text": "Exclusive offers just for you.",
                    "third_text": "Shop now and enjoy deals!",
                    "highlight_text": false,
                    "highlight_text_content": "",
                    "highlight_text_type": "text",
                    "underline_height": 18,
                    "underline_offset": 20,
                    "highlight_text_color": "#000000",
                    "highlight_underline_color": "#000000",
                    "spacing_text": false,
                    "spacing_text_content": "",
                    "spacing_text_left": 0,
                    "spacing_text_right": 0,
                    "stroke_text": false,
                    "stroke_text_content": "",
                    "width": "100%",
                    "unit": "percent",
                    "custom_width": 100,
                    "custom_width_pixel": 500,
                    "inherit_text_alignment": false,
                    "justify_alignment": false,
                    "alignment": "center",
                    "width_tablet": "fit-content",
                    "unit_tablet": "percent",
                    "custom_width_tablet": 100,
                    "custom_width_tablet_pixel": 100,
                    "inherit_text_alignment_tablet": true,
                    "justify_alignment_tablet": false,
                    "alignment_tablet": "left",
                    "width_mobile": "fit-content",
                    "unit_mobile": "percent",
                    "custom_width_mobile": 100,
                    "custom_width_mobile_pixel": 100,
                    "inherit_text_alignment_mobile": true,
                    "justify_alignment_mobile": false,
                    "alignment_mobile": "left",
                    "type_preset": "custom",
                    "font": "var(--font-heading--family)",
                    "font_size": "2.8rem",
                    "line_height": "normal",
                    "letter_spacing": "normal",
                    "case": "none",
                    "wrap": "pretty",
                    "color": "var(--color-foreground)",
                    "background": false,
                    "background_color": "#00000026",
                    "enable_border": false,
                    "enable_border_bottom": false,
                    "border": "none",
                    "border_width": 0,
                    "border_width_type": "100%",
                    "border_custom_width": 100,
                    "border_radius": 0,
                    "text_effect": "none",
                    "animation_repeat": false,
                    "padding-block-start": 0,
                    "padding-block-end": 0,
                    "padding-inline-start": 0,
                    "padding-inline-end": 0
                  },
                  "blocks": {}
                },
                "text_fgQC6W": {
                  "type": "text",
                  "name": "t:names.text",
                  "settings": {
                    "text": "<p>We’ve handpicked a few styles we think you’ll love. Use code STYLE20 for 20% OFF your order today.</p>",
                    "typing_text": false,
                    "primary_text": "Welcome to our store!",
                    "secondary_text": "Exclusive offers just for you.",
                    "third_text": "Shop now and enjoy deals!",
                    "highlight_text": false,
                    "highlight_text_content": "",
                    "highlight_text_type": "text",
                    "underline_height": 18,
                    "underline_offset": 20,
                    "highlight_text_color": "#000000",
                    "highlight_underline_color": "#000000",
                    "spacing_text": false,
                    "spacing_text_content": "",
                    "spacing_text_left": 0,
                    "spacing_text_right": 0,
                    "stroke_text": false,
                    "stroke_text_content": "",
                    "width": "fit-content",
                    "unit": "percent",
                    "custom_width": 100,
                    "custom_width_pixel": 500,
                    "inherit_text_alignment": true,
                    "justify_alignment": false,
                    "alignment": "left",
                    "width_tablet": "fit-content",
                    "unit_tablet": "percent",
                    "custom_width_tablet": 100,
                    "custom_width_tablet_pixel": 100,
                    "inherit_text_alignment_tablet": true,
                    "justify_alignment_tablet": false,
                    "alignment_tablet": "left",
                    "width_mobile": "fit-content",
                    "unit_mobile": "percent",
                    "custom_width_mobile": 100,
                    "custom_width_mobile_pixel": 100,
                    "inherit_text_alignment_mobile": true,
                    "justify_alignment_mobile": false,
                    "alignment_mobile": "left",
                    "type_preset": "rte",
                    "font": "var(--font-body--family)",
                    "font_size": "1.6rem",
                    "line_height": "normal",
                    "letter_spacing": "normal",
                    "case": "none",
                    "wrap": "pretty",
                    "color": "var(--color-foreground)",
                    "background": false,
                    "background_color": "#00000026",
                    "enable_border": false,
                    "enable_border_bottom": false,
                    "border": "none",
                    "border_width": 0,
                    "border_width_type": "100%",
                    "border_custom_width": 100,
                    "border_radius": 0,
                    "text_effect": "none",
                    "animation_repeat": false,
                    "padding-block-start": 0,
                    "padding-block-end": 0,
                    "padding-inline-start": 0,
                    "padding-inline-end": 0
                  },
                  "blocks": {}
                },
                "input_promotion_code_Mjt8g6": {
                  "type": "_input_promotion_code",
                  "settings": {
                    "promotion_popup_discount_code_text": "STYLE20",
                    "border_style": "all",
                    "input_border_width": 1,
                    "input_border_radius": 50,
                    "input_alignment": "center",
                    "input_type_preset": "paragraph",
                    "style_class": "button-secondary",
                    "icon_size_desktop": 22,
                    "icon_size_mobile": 22,
                    "width": "custom",
                    "custom_width": 55,
                    "width_mobile": "fill",
                    "custom_width_mobile": 100,
                    "padding-block-start": 0,
                    "padding-block-end": 0,
                    "padding-inline-start": 0,
                    "padding-inline-end": 0
                  },
                  "blocks": {}
                },
                "product_grid_4X8Faa": {
                  "type": "product-grid",
                  "name": "Product grid",
                  "settings": {
                    "width": "fill",
                    "custom_width": 100,
                    "width_tablet": "fill",
                    "custom_width_tablet": 100,
                    "width_mobile": "fill",
                    "custom_width_mobile": 100,
                    "products_to_show": 4,
                    "columns_desktop": 3,
                    "columns_desktop_carousel": 3,
                    "columns_mobile": "2",
                    "product_grid_type": "carousel",
                    "columns_gap": 8,
                    "rows_gap": 8,
                    "navigation": "arrows",
                    "arrows_position": "inside",
                    "pagination_type": "bullets",
                    "dots_top_offset": 40,
                    "progress_top_offset": 40,
                    "progressbar_left": 0,
                    "progressbar_right": 0,
                    "padding-block-start": 0,
                    "padding-block-end": 0,
                    "padding-inline-start": 0,
                    "padding-inline-end": 0
                  },
                  "blocks": {
                    "product-slide-item": {
                      "type": "card-product-flex",
                      "static": true,
                      "settings": {
                        "product": "{{ closest.product }}",
                        "inherit_color_scheme": true,
                        "scheme_background": "#ffffff",
                        "scheme_background_gradient": "",
                        "scheme_foreground_heading": "#000000",
                        "scheme_foreground": "#000000",
                        "scheme_primary": "#000f9f",
                        "scheme_primary_hover": "#000000",
                        "scheme_border": "#e6e6e6",
                        "scheme_shadow": "#000000",
                        "border": "none",
                        "border_width": 1,
                        "border_opacity": 100,
                        "border_radius": 0,
                        "content_direction": "column",
                        "wrap": "no-wrap",
                        "align_items": "center",
                        "justify_content": "start",
                        "gap": 12,
                        "width": "fill",
                        "custom_width": 100,
                        "padding-block-start": 0,
                        "padding-block-end": 0,
                        "padding-inline-start": 0,
                        "padding-inline-end": 0
                      },
                      "blocks": {
                        "card_product_media_flex_9eHtJ4": {
                          "type": "_card-product-media-flex",
                          "settings": {
                            "product": "{{ closest.product }}",
                            "image_ratio": "adapt",
                            "show_secondary_image": true,
                            "width_option": "full",
                            "custom_width": 100,
                            "border": "none",
                            "border_width": 1,
                            "border_opacity": 100,
                            "border_radius": 0
                          },
                          "blocks": {}
                        },
                        "card_product_information_pnXEiH": {
                          "type": "_card-product-information",
                          "settings": {
                            "width_option": "full",
                            "custom_width": 80,
                            "content_direction": "column",
                            "content_direction_mobile": "column",
                            "wrap": "wrap",
                            "wrap_tablet": "wrap",
                            "vertical_alignment": "center",
                            "horizontal_alignment": "flex-start",
                            "horizontal_alignment_flex_direction_column": "center",
                            "vertical_alignment_flex_direction_column": "flex-start",
                            "gap_y": 10,
                            "gap_x": 10,
                            "inherit_color_scheme": true,
                            "scheme_background": "#ffffff",
                            "scheme_background_gradient": "",
                            "scheme_foreground_heading": "#000000",
                            "scheme_foreground": "#000000",
                            "scheme_primary": "#000f9f",
                            "scheme_primary_hover": "#000000",
                            "scheme_border": "#e6e6e6",
                            "scheme_shadow": "#000000",
                            "padding_top": 0,
                            "padding_right": 0,
                            "padding_bottom": 0,
                            "padding_left": 0
                          },
                          "blocks": {
                            "card_product_title_flex_F9M9e9": {
                              "type": "_card-product-title-flex",
                              "settings": {
                                "product": "{{ closest.product }}",
                                "width": "100%",
                                "unit": "percent",
                                "custom_width": 100,
                                "custom_width_pixel": 500,
                                "alignment": "center",
                                "clamp": false,
                                "clamp_row": 2,
                                "type_preset": "rte",
                                "font": "var(--font-body--family)",
                                "font_size": "1.6rem",
                                "line_height": "normal",
                                "letter_spacing": "normal",
                                "case": "none",
                                "wrap": "pretty",
                                "padding-block-start": 0,
                                "padding-block-end": 0,
                                "padding-inline-end": 0,
                                "padding-inline-start": 0
                              },
                              "blocks": {}
                            },
                            "card_product_price_flex_DbkMzr": {
                              "type": "_card-product-price-flex",
                              "settings": {
                                "product": "{{ closest.product }}",
                                "type_preset": "",
                                "width": "fit-content",
                                "alignment": "left",
                                "font": "var(--font-body--family)",
                                "font_size": "1.6rem",
                                "line_height": "normal",
                                "letter_spacing": "normal",
                                "case": "none",
                                "padding-block-start": 0,
                                "padding-block-end": 0,
                                "padding-inline-start": 0,
                                "padding-inline-end": 0
                              },
                              "blocks": {}
                            }
                          },
                          "block_order": [
                            "card_product_title_flex_F9M9e9",
                            "card_product_price_flex_DbkMzr"
                          ]
                        }
                      },
                      "block_order": [
                        "card_product_media_flex_9eHtJ4",
                        "card_product_information_pnXEiH"
                      ]
                    }
                  },
                  "block_order": []
                },
                "button_TWAfhN": {
                  "type": "button",
                  "settings": {
                    "label": "Continue shopping",
                    "open_in_new_tab": false,
                    "style_class": "button",
                    "button_style": "custom",
                    "button_border_width": 1,
                    "button_border_radius": 0,
                    "button_type_font": "var(--font-body--family)",
                    "button_type_size": "1.6rem",
                    "button_font_weight": "500",
                    "button_text_case": "default",
                    "buttons_shadow_horizontal_offset": 0,
                    "buttons_shadow_vertical_offset": 0,
                    "buttons_shadow_blur": 0,
                    "button_type_size_link": "1.2rem",
                    "button_font_weight_link": "default",
                    "case": "none",
                    "wrap": "pretty",
                    "font_style": "normal",
                    "link_underline": false,
                    "link_hover_underline": true,
                    "link_reveal": false,
                    "width": "custom",
                    "unit": "percent",
                    "custom_width": 58,
                    "custom_width_pixel": 100,
                    "buttons_padding_vertical": 11,
                    "buttons_padding_horizontal": 20,
                    "width_tablet": "fit-content",
                    "unit_tablet": "percent",
                    "custom_width_tablet": 100,
                    "custom_width_tablet_pixel": 100,
                    "width_mobile": "fit-content",
                    "unit_mobile": "percent",
                    "custom_width_mobile": 100,
                    "custom_width_mobile_pixel": 100,
                    "buttons_padding_vertical_mobile": 10,
                    "buttons_padding_horizontal_mobile": 10
                  },
                  "blocks": {}
                }
              },
              "block_order": [
                "text_Uem3Wq",
                "text_fgQC6W",
                "input_promotion_code_Mjt8g6",
                "product_grid_4X8Faa",
                "button_TWAfhN"
              ]
            }
          },
          "block_order": [
            "before_you_leave_banner_ExzF6E",
            "before_you_leave_content_KqKgBT"
          ]
        }
      },
      "name": "t:names.before_you_leave",
      "settings": {
        "popup_expire_minutes": 1,
        "color_scheme": ""
      }
    }
  },
  "order": [
    "multitasking_bar_AY9KgF",
    "cart_drawer_PFLQy3",
    "toolbar_mobile_3HBwAV",
    "promotion_popup_epACJx",
    "before_you_leave_GxJyQy"
  ]
}