{"sections":{"main":{"type":"main-article","blocks":{"static-blog-post-header":{"type":"_heading","static":true,"settings":{"type_preset":"rte","font":"var(--font-body--family)","font_size":"1.2rem","line_height":"normal","letter_spacing":"normal","case":"none","wrap":"pretty","color":"var(--color-foreground)","text":"<h1>Blog <\/h1>","read_only":false,"alignment":"left","show_alignment":true,"padding-block-start":0,"padding-block-end":20,"padding-inline-start":0,"padding-inline-end":0},"blocks":{}},"static-blog-post-sidebar":{"type":"_blog-post-sidebar","static":true,"settings":{},"blocks":{"blog_post_sidebar_category_zQV49C":{"type":"_blog-post-sidebar-category","name":"Category","settings":{"collapse":true,"collapse_default":"open","text":"<p>BLOG CATEGORIES<\/p>","type":"1_level","link_list":"main-menu"},"blocks":{}},"blog_post_sidebar_recent_posts_abKbw3":{"type":"_blog-post-sidebar-recent-posts","name":"Recent posts","settings":{"collapse":true,"collapse_default":"open","text":"<p>RECENT ARTICLES<\/p>","number":1},"blocks":{}},"blog_post_sidebar_products_FBn6ai":{"type":"_blog-post-sidebar-products","name":"Products","settings":{"collapse":true,"collapse_icon":"icon-caret","collapse_default":"open","text":"<p>FEATURED PRODUCT<\/p>","collection":"khinh-collection","layout":"slider","limit":4,"dots":true,"arrows":false,"columns_gap":8,"rows_gap":20},"blocks":{"product-slide-item":{"type":"card-product-flex","static":true,"settings":{"product":"{{ closest.product }}","content_direction":"row","wrap":"no-wrap","align_items":"stretch","justify_content":"start"},"blocks":{"card_product_media_flex_33CD7w":{"type":"_card-product-media-flex","name":"Product media","settings":{"product":"{{ closest.product }}","image_ratio":"adapt","show_secondary_image":true,"width_option":"full","custom_width":50},"blocks":{}},"card_product_information_xCcdYY":{"type":"_card-product-information","name":"Group: Product Information","settings":{"width_option":"full","custom_width":50,"content_direction":"column","wrap":"wrap","vertical_alignment":"center","horizontal_alignment":"flex-start","horizontal_alignment_flex_direction_column":"flex-start","vertical_alignment_flex_direction_column":"center","gap_y":8,"gap_x":0,"padding_top":0,"padding_right":0,"padding_bottom":0,"padding_left":10},"blocks":{"card_product_vendor_flex_XQeMLU":{"type":"_card-product-vendor-flex","name":"Product vendor","settings":{"product":"{{ closest.product }}","width":"fit-content","alignment":"left","type_preset":"custom","font":"var(--font-body--family)","font_size":"1.2rem","letter_spacing":"normal","case":"none","wrap":"pretty","padding-block-start":0,"padding-block-end":0,"padding-inline-end":0,"padding-inline-start":0},"blocks":{}},"card_product_title_flex_FqezQY":{"type":"_card-product-title-flex","name":"Product title","settings":{"product":"{{ closest.product }}","width":"fit-content","alignment":"left","type_preset":"custom","font":"var(--font-body--family)","font_size":"1.2rem","letter_spacing":"normal","case":"none","wrap":"pretty","padding-block-start":0,"padding-block-end":0,"padding-inline-end":0,"padding-inline-start":0},"blocks":{}},"card_product_price_flex_RTgKtb":{"type":"_card-product-price-flex","name":"Product price","settings":{"product":"{{ closest.product }}","type_preset":"","width":"fit-content","alignment":"left","font":"var(--font-body--family)","font_size":"1.6rem","line_height":"normal","letter_spacing":"normal","case":"none","padding-block-start":0,"padding-block-end":0,"padding-inline-start":0,"padding-inline-end":0},"blocks":{}},"card_product_variant_flex_ViA8YK":{"type":"_card-product-variant-flex","name":"Product variant","settings":{"product":"{{ closest.product }}","padding-block-start":0,"padding-block-end":0,"padding-inline-start":0,"padding-inline-end":0},"blocks":{}}},"block_order":["card_product_vendor_flex_XQeMLU","card_product_title_flex_FqezQY","card_product_price_flex_RTgKtb","card_product_variant_flex_ViA8YK"]}},"block_order":["card_product_media_flex_33CD7w","card_product_information_xCcdYY"]}},"block_order":[]},"blog_post_sidebar_image_rG8aJH":{"type":"_blog-post-sidebar-image","name":"Image","settings":{"collapse":true,"collapse_default":"open","text":"","image":"","link":""},"blocks":{}},"blog_post_sidebar_image_7HxPj4":{"type":"_blog-post-sidebar-image","name":"Image","settings":{"collapse":true,"collapse_default":"open","text":"","image":"","link":""},"blocks":{}},"blog_post_sidebar_text_HDNch6":{"type":"_blog-post-sidebar-text","name":"Custom text","settings":{"collapse":true,"collapse_default":"close","text":"<p>CUSTOM CMS BLOCK<\/p>","content":"Custom CMS block displayed at the left sidebar on the Catalog Page. Put your own content here: text, html, images, media... or whatever you like. There are many similar sample content placeholders across the store. All editable from Theme Editor."},"blocks":{}},"blog_post_sidebar_tags_bWQ4bD":{"type":"_blog-post-sidebar-tags","name":"Tags","settings":{"collapse":true,"collapse_default":"close","text":"<p>Tags<\/p>","show_tag_count":true,"number":10},"blocks":{}}},"block_order":["blog_post_sidebar_category_zQV49C","blog_post_sidebar_recent_posts_abKbw3","blog_post_sidebar_products_FBn6ai","blog_post_sidebar_image_rG8aJH","blog_post_sidebar_image_7HxPj4","blog_post_sidebar_text_HDNch6","blog_post_sidebar_tags_bWQ4bD"]},"static-blog-post":{"type":"_blog-post-detail","static":true,"settings":{},"blocks":{"text_Nwwncz":{"type":"text","name":"t:names.text","settings":{"text":"<p>{{ closest.article.title }}<\/p>","typing_text":false,"primary_text":"Welcome to our store!","secondary_text":"Exclusive offers just for you.","third_text":"Shop now and enjoy deals!","highlight_text":false,"highlight_text_content":"","highlight_text_color":"#000000","spacing_text":false,"spacing_text_content":"","spacing_text_left":0,"spacing_text_right":0,"stroke_text":false,"stroke_text_content":"","width":"fit-content","unit":"percent","custom_width":100,"custom_width_pixel":500,"inherit_text_alignment":true,"alignment":"left","width_tablet":"fit-content","unit_tablet":"percent","custom_width_tablet":100,"custom_width_tablet_pixel":100,"inherit_text_alignment_tablet":true,"alignment_tablet":"left","width_mobile":"fit-content","unit_mobile":"percent","custom_width_mobile":100,"custom_width_mobile_pixel":100,"inherit_text_alignment_mobile":true,"alignment_mobile":"left","type_preset":"rte","font":"var(--font-body--family)","font_size":"1.6rem","line_height":"normal","letter_spacing":"normal","case":"none","wrap":"pretty","color":"var(--color-foreground)","background":false,"background_color":"#00000026","enable_border":false,"enable_border_bottom":false,"border":"none","border_width":0,"border_width_type":"100%","border_custom_width":100,"border_radius":0,"text_effect":"none","animation_repeat":false,"padding-block-start":0,"padding-block-end":0,"padding-inline-start":0,"padding-inline-end":0},"blocks":{}},"blog_post_info_text_xwbDTD":{"type":"_blog-post-info-text","name":"Details","settings":{"show_date":true,"show_author":true,"show_comments":true,"type_preset":"","alignment":"left","show_alignment":true,"padding-block-start":24,"padding-block-end":0},"blocks":{}},"image_9X4nBP":{"type":"image","name":"Image","settings":{"image":"{{ closest.article.image }}","link":"","hide_on_mobile":false,"image_ratio":"adapt","width":"custom","unit":"percent","custom_width":100,"custom_width_pixel":100,"width_tablet":"custom","unit_tablet":"percent","custom_width_tablet":100,"custom_width_tablet_pixel":100,"width_mobile":"custom","unit_mobile":"percent","custom_width_mobile":100,"custom_width_mobile_pixel":100,"height":"fit","border":"none","border_width":1,"border_opacity":100,"border_radius":0,"disable_parallax_mobile":false,"parallax_speed":0.5,"padding-block-start":0,"padding-inline-end":0,"padding-block-end":20,"padding-inline-start":0},"blocks":{}},"group_UfEKyV":{"type":"group","name":"t:names.group","settings":{"link":"","open_in_new_tab":false,"content_direction":"row","content_direction_mobile":"column","horizontal_alignment":"flex-start","vertical_alignment":"flex-start","align_baseline":false,"horizontal_alignment_flex_direction_column":"flex-start","vertical_alignment_flex_direction_column":"center","horizontal_alignment_mobile":"flex-start","vertical_alignment_mobile":"center","horizontal_alignment_flex_direction_column_mobile":"flex-start","vertical_alignment_flex_direction_column_mobile":"center","gap":12,"width":"fill","custom_width":100,"width_mobile":"fill","custom_width_mobile":100,"height":"fit","custom_height":100,"inherit_color_scheme":true,"background_media":"none","video_position":"cover","background_image_position":"cover","content_overlay":false,"image_ratio":"adapt","border":"none","border_width":1,"border_radius":0,"toggle_overlay":false,"overlay_color":"#00000026","extend_left_overlay":false,"extend_right_overlay":false,"overlay_style":"solid","gradient_direction":"to top","disable_parallax_mobile":false,"parallax_speed":0.5,"horizontal_position":0,"vertical_position":0,"shadow_color":"rgba(0,0,0,0)","shadow_horizontal_offset":0,"shadow_vertical_offset":0,"shadow_blur":0,"spread_radius":0,"margin-block-start":0,"margin-block-start-mobile":0,"margin-block-end":0,"margin-block-end-mobile":0,"margin-inline-start":0,"margin-inline-start-mobile":0,"margin-inline-end":0,"margin-inline-end-mobile":0,"padding-block-start":20,"padding-block-end":20,"padding-inline-start":0,"padding-inline-end":0},"blocks":{"text_XCH4ay":{"type":"text","name":"t:names.text","settings":{"text":"{{ closest.article.content }}","typing_text":false,"primary_text":"Welcome to our store!","secondary_text":"Exclusive offers just for you.","third_text":"Shop now and enjoy deals!","highlight_text":false,"highlight_text_content":"","highlight_text_color":"#000000","spacing_text":false,"spacing_text_content":"","spacing_text_left":0,"spacing_text_right":0,"stroke_text":false,"stroke_text_content":"","width":"fit-content","unit":"percent","custom_width":100,"custom_width_pixel":500,"inherit_text_alignment":true,"alignment":"left","width_tablet":"fit-content","unit_tablet":"percent","custom_width_tablet":100,"custom_width_tablet_pixel":100,"inherit_text_alignment_tablet":true,"alignment_tablet":"left","width_mobile":"fit-content","unit_mobile":"percent","custom_width_mobile":100,"custom_width_mobile_pixel":100,"inherit_text_alignment_mobile":true,"alignment_mobile":"left","type_preset":"rte","font":"var(--font-body--family)","font_size":"1.6rem","line_height":"normal","letter_spacing":"normal","case":"none","wrap":"pretty","color":"var(--color-foreground)","background":false,"background_color":"#00000026","enable_border":false,"enable_border_bottom":false,"border":"none","border_width":0,"border_width_type":"100%","border_custom_width":100,"border_radius":0,"text_effect":"none","animation_repeat":false,"padding-block-start":0,"padding-block-end":0,"padding-inline-start":0,"padding-inline-end":0},"blocks":{}},"video_9We4kB":{"type":"video","name":"Video","settings":{"source":"uploaded","video_url":"","video_autoplay":false,"video_loop":true,"alt":"","custom_width":100,"custom_width_mobile":100,"aspect_ratio":"auto","border":"none","border_width":1,"border_radius":0,"padding-block-start":0,"padding-block-end":0,"padding-inline-start":0,"padding-inline-end":0},"blocks":{}}},"block_order":["text_XCH4ay","video_9We4kB"]},"group_WXyAyd":{"type":"group","name":"t:names.group","settings":{"link":"","open_in_new_tab":false,"content_direction":"row","content_direction_mobile":"column","horizontal_alignment":"flex-start","vertical_alignment":"center","align_baseline":false,"horizontal_alignment_flex_direction_column":"flex-start","vertical_alignment_flex_direction_column":"center","horizontal_alignment_mobile":"flex-start","vertical_alignment_mobile":"center","horizontal_alignment_flex_direction_column_mobile":"flex-start","vertical_alignment_flex_direction_column_mobile":"center","gap":0,"width":"fill","custom_width":100,"width_mobile":"fill","custom_width_mobile":100,"height":"fit","custom_height":100,"inherit_color_scheme":true,"background_media":"none","video_position":"cover","background_image_position":"cover","content_overlay":false,"image_ratio":"adapt","border":"none","border_width":1,"border_radius":0,"toggle_overlay":false,"overlay_color":"#00000026","extend_left_overlay":false,"extend_right_overlay":false,"overlay_style":"solid","gradient_direction":"to top","disable_parallax_mobile":false,"parallax_speed":0.5,"horizontal_position":0,"vertical_position":0,"shadow_color":"rgba(0,0,0,0)","shadow_horizontal_offset":0,"shadow_vertical_offset":0,"shadow_blur":0,"spread_radius":0,"margin-block-start":0,"margin-block-start-mobile":0,"margin-block-end":0,"margin-block-end-mobile":0,"margin-inline-start":0,"margin-inline-start-mobile":0,"margin-inline-end":0,"margin-inline-end-mobile":0,"padding-block-start":0,"padding-block-end":0,"padding-inline-start":0,"padding-inline-end":0},"blocks":{"image_8RV4z8":{"type":"image","name":"Image","settings":{"image":"","link":"","hide_on_mobile":false,"image_ratio":"adapt","width":"custom","unit":"percent","custom_width":100,"custom_width_pixel":100,"width_tablet":"custom","unit_tablet":"percent","custom_width_tablet":100,"custom_width_tablet_pixel":100,"width_mobile":"custom","unit_mobile":"percent","custom_width_mobile":100,"custom_width_mobile_pixel":100,"height":"fit","border":"none","border_width":1,"border_opacity":100,"border_radius":0,"disable_parallax_mobile":false,"parallax_speed":0.5,"padding-block-start":0,"padding-inline-end":0,"padding-block-end":0,"padding-inline-start":0},"blocks":{}},"image_XjFTDD":{"type":"image","name":"Image","settings":{"image":"","link":"","hide_on_mobile":false,"image_ratio":"adapt","width":"custom","unit":"percent","custom_width":100,"custom_width_pixel":100,"width_tablet":"custom","unit_tablet":"percent","custom_width_tablet":100,"custom_width_tablet_pixel":100,"width_mobile":"custom","unit_mobile":"percent","custom_width_mobile":100,"custom_width_mobile_pixel":100,"height":"fit","border":"none","border_width":1,"border_opacity":100,"border_radius":0,"disable_parallax_mobile":false,"parallax_speed":0.5,"padding-block-start":0,"padding-inline-end":0,"padding-block-end":0,"padding-inline-start":0},"blocks":{}}},"block_order":["image_8RV4z8","image_XjFTDD"]},"group_V4W7Mr":{"type":"group","name":"t:names.group","settings":{"link":"","open_in_new_tab":false,"content_direction":"row","content_direction_mobile":"column","horizontal_alignment":"flex-start","vertical_alignment":"center","align_baseline":false,"horizontal_alignment_flex_direction_column":"flex-start","vertical_alignment_flex_direction_column":"center","horizontal_alignment_mobile":"flex-start","vertical_alignment_mobile":"center","horizontal_alignment_flex_direction_column_mobile":"flex-start","vertical_alignment_flex_direction_column_mobile":"center","gap":0,"width":"fill","custom_width":100,"width_mobile":"fill","custom_width_mobile":100,"height":"fit","custom_height":100,"inherit_color_scheme":true,"background_media":"none","video_position":"cover","background_image_position":"cover","content_overlay":false,"image_ratio":"adapt","border":"none","border_width":1,"border_radius":0,"toggle_overlay":false,"overlay_color":"#00000026","extend_left_overlay":false,"extend_right_overlay":false,"overlay_style":"solid","gradient_direction":"to top","disable_parallax_mobile":false,"parallax_speed":0.5,"horizontal_position":0,"vertical_position":0,"shadow_color":"rgba(0,0,0,0)","shadow_horizontal_offset":0,"shadow_vertical_offset":0,"shadow_blur":0,"spread_radius":0,"margin-block-start":0,"margin-block-start-mobile":0,"margin-block-end":0,"margin-block-end-mobile":0,"margin-inline-start":0,"margin-inline-start-mobile":0,"margin-inline-end":0,"margin-inline-end-mobile":0,"padding-block-start":0,"padding-block-end":0,"padding-inline-start":0,"padding-inline-end":0},"blocks":{"image_iqbfHB":{"type":"image","name":"Image","settings":{"image":"","link":"","hide_on_mobile":false,"image_ratio":"adapt","width":"custom","unit":"percent","custom_width":100,"custom_width_pixel":100,"width_tablet":"custom","unit_tablet":"percent","custom_width_tablet":100,"custom_width_tablet_pixel":100,"width_mobile":"custom","unit_mobile":"percent","custom_width_mobile":100,"custom_width_mobile_pixel":100,"height":"fit","border":"none","border_width":1,"border_opacity":100,"border_radius":0,"disable_parallax_mobile":false,"parallax_speed":0.5,"padding-block-start":0,"padding-inline-end":0,"padding-block-end":0,"padding-inline-start":0},"blocks":{}},"image_me4mLW":{"type":"image","name":"Image","settings":{"image":"","link":"","hide_on_mobile":false,"image_ratio":"adapt","width":"custom","unit":"percent","custom_width":100,"custom_width_pixel":100,"width_tablet":"custom","unit_tablet":"percent","custom_width_tablet":100,"custom_width_tablet_pixel":100,"width_mobile":"custom","unit_mobile":"percent","custom_width_mobile":100,"custom_width_mobile_pixel":100,"height":"fit","border":"none","border_width":1,"border_opacity":100,"border_radius":0,"disable_parallax_mobile":false,"parallax_speed":0.5,"padding-block-start":0,"padding-inline-end":0,"padding-block-end":0,"padding-inline-start":0},"blocks":{}}},"block_order":["image_iqbfHB","image_me4mLW"]},"text_Dpq3AY":{"type":"text","name":"t:names.text","settings":{"text":"<p><em>Image Gallery<\/em><\/p>","typing_text":false,"primary_text":"Welcome to our store!","secondary_text":"Exclusive offers just for you.","third_text":"Shop now and enjoy deals!","highlight_text":false,"highlight_text_content":"","highlight_text_color":"#000000","spacing_text":false,"spacing_text_content":"","spacing_text_left":0,"spacing_text_right":0,"stroke_text":false,"stroke_text_content":"","width":"100%","unit":"percent","custom_width":100,"custom_width_pixel":500,"inherit_text_alignment":false,"alignment":"center","width_tablet":"fit-content","unit_tablet":"percent","custom_width_tablet":100,"custom_width_tablet_pixel":100,"inherit_text_alignment_tablet":true,"alignment_tablet":"left","width_mobile":"fit-content","unit_mobile":"percent","custom_width_mobile":100,"custom_width_mobile_pixel":100,"inherit_text_alignment_mobile":true,"alignment_mobile":"left","type_preset":"rte","font":"var(--font-body--family)","font_size":"1.6rem","line_height":"normal","letter_spacing":"normal","case":"none","wrap":"pretty","color":"var(--color-foreground)","background":false,"background_color":"#00000026","enable_border":false,"enable_border_bottom":false,"border":"none","border_width":0,"border_width_type":"100%","border_custom_width":100,"border_radius":0,"text_effect":"none","animation_repeat":false,"padding-block-start":17,"padding-block-end":0,"padding-inline-start":0,"padding-inline-end":0},"blocks":{}},"group_999Eny":{"type":"group","name":"t:names.group","settings":{"link":"","open_in_new_tab":false,"content_direction":"column","content_direction_mobile":"column","horizontal_alignment":"flex-start","vertical_alignment":"center","align_baseline":false,"horizontal_alignment_flex_direction_column":"center","vertical_alignment_flex_direction_column":"center","horizontal_alignment_mobile":"flex-start","vertical_alignment_mobile":"center","horizontal_alignment_flex_direction_column_mobile":"flex-start","vertical_alignment_flex_direction_column_mobile":"center","gap":12,"width":"fill","custom_width":100,"width_mobile":"fill","custom_width_mobile":100,"height":"fit","custom_height":100,"inherit_color_scheme":true,"background_media":"none","video_position":"cover","background_image_position":"cover","content_overlay":false,"image_ratio":"adapt","border":"solid","border_width":1,"border_radius":0,"toggle_overlay":false,"overlay_color":"#00000026","extend_left_overlay":false,"extend_right_overlay":false,"overlay_style":"solid","gradient_direction":"to top","disable_parallax_mobile":false,"parallax_speed":0.5,"horizontal_position":0,"vertical_position":0,"shadow_color":"rgba(0,0,0,0)","shadow_horizontal_offset":0,"shadow_vertical_offset":0,"shadow_blur":0,"spread_radius":0,"margin-block-start":60,"margin-block-start-mobile":0,"margin-block-end":0,"margin-block-end-mobile":0,"margin-inline-start":0,"margin-inline-start-mobile":0,"margin-inline-end":0,"margin-inline-end-mobile":0,"padding-block-start":36,"padding-block-end":30,"padding-inline-start":36,"padding-inline-end":36},"blocks":{"text_8giqaD":{"type":"text","name":"t:names.text","settings":{"text":"<p><strong>Quote of the Day<\/strong><\/p>","typing_text":false,"primary_text":"Welcome to our store!","secondary_text":"Exclusive offers just for you.","third_text":"Shop now and enjoy deals!","highlight_text":false,"highlight_text_content":"","highlight_text_color":"#000000","spacing_text":false,"spacing_text_content":"","spacing_text_left":0,"spacing_text_right":0,"stroke_text":false,"stroke_text_content":"","width":"fit-content","unit":"percent","custom_width":100,"custom_width_pixel":500,"inherit_text_alignment":true,"alignment":"left","width_tablet":"fit-content","unit_tablet":"percent","custom_width_tablet":100,"custom_width_tablet_pixel":100,"inherit_text_alignment_tablet":true,"alignment_tablet":"left","width_mobile":"fit-content","unit_mobile":"percent","custom_width_mobile":100,"custom_width_mobile_pixel":100,"inherit_text_alignment_mobile":true,"alignment_mobile":"left","type_preset":"rte","font":"var(--font-body--family)","font_size":"1.6rem","line_height":"normal","letter_spacing":"normal","case":"none","wrap":"pretty","color":"var(--color-foreground)","background":false,"background_color":"#00000026","enable_border":false,"enable_border_bottom":false,"border":"none","border_width":0,"border_width_type":"100%","border_custom_width":100,"border_radius":0,"text_effect":"none","animation_repeat":false,"padding-block-start":0,"padding-block-end":0,"padding-inline-start":0,"padding-inline-end":0},"blocks":{}},"text_EXCdiT":{"type":"text","name":"t:names.text","settings":{"text":"<p><em>Style is more than what we wear or how we decorate our spaces — it’s the freedom to choose what reflects who we are. Every design, every detail, is crafted with intention: to inspire joy, to add meaning, and to transform the everyday into something extraordinary. Because when comfort meets elegance, life itself feels more beautiful.<\/em><\/p>","typing_text":false,"primary_text":"Welcome to our store!","secondary_text":"Exclusive offers just for you.","third_text":"Shop now and enjoy deals!","highlight_text":false,"highlight_text_content":"","highlight_text_color":"#000000","spacing_text":false,"spacing_text_content":"","spacing_text_left":0,"spacing_text_right":0,"stroke_text":false,"stroke_text_content":"","width":"fit-content","unit":"percent","custom_width":100,"custom_width_pixel":500,"inherit_text_alignment":true,"alignment":"left","width_tablet":"fit-content","unit_tablet":"percent","custom_width_tablet":100,"custom_width_tablet_pixel":100,"inherit_text_alignment_tablet":true,"alignment_tablet":"left","width_mobile":"fit-content","unit_mobile":"percent","custom_width_mobile":100,"custom_width_mobile_pixel":100,"inherit_text_alignment_mobile":true,"alignment_mobile":"left","type_preset":"rte","font":"var(--font-body--family)","font_size":"1.6rem","line_height":"normal","letter_spacing":"normal","case":"none","wrap":"pretty","color":"var(--color-foreground)","background":false,"background_color":"#00000026","enable_border":false,"enable_border_bottom":false,"border":"none","border_width":0,"border_width_type":"100%","border_custom_width":100,"border_radius":0,"text_effect":"none","animation_repeat":false,"padding-block-start":0,"padding-block-end":0,"padding-inline-start":0,"padding-inline-end":0},"blocks":{}}},"block_order":["text_8giqaD","text_EXCdiT"]},"group_33TXPw":{"type":"group","name":"t:names.group","settings":{"link":"","open_in_new_tab":false,"content_direction":"column","content_direction_mobile":"column","horizontal_alignment":"flex-start","vertical_alignment":"center","align_baseline":false,"horizontal_alignment_flex_direction_column":"flex-start","vertical_alignment_flex_direction_column":"center","horizontal_alignment_mobile":"flex-start","vertical_alignment_mobile":"center","horizontal_alignment_flex_direction_column_mobile":"flex-start","vertical_alignment_flex_direction_column_mobile":"center","gap":12,"width":"fill","custom_width":100,"width_mobile":"fill","custom_width_mobile":100,"height":"fit","custom_height":100,"inherit_color_scheme":true,"background_media":"none","video_position":"cover","background_image_position":"cover","content_overlay":false,"image_ratio":"adapt","border":"none","border_width":1,"border_radius":0,"toggle_overlay":false,"overlay_color":"#00000026","extend_left_overlay":false,"extend_right_overlay":false,"overlay_style":"solid","gradient_direction":"to top","disable_parallax_mobile":false,"parallax_speed":0.5,"horizontal_position":0,"vertical_position":0,"shadow_color":"rgba(0,0,0,0)","shadow_horizontal_offset":0,"shadow_vertical_offset":0,"shadow_blur":0,"spread_radius":0,"margin-block-start":60,"margin-block-start-mobile":0,"margin-block-end":0,"margin-block-end-mobile":0,"margin-inline-start":0,"margin-inline-start-mobile":0,"margin-inline-end":0,"margin-inline-end-mobile":0,"padding-block-start":0,"padding-block-end":0,"padding-inline-start":0,"padding-inline-end":0},"blocks":{"text_7FJP4G":{"type":"text","name":"t:names.text","settings":{"text":"<p><strong>Brand Description<\/strong><\/p>","typing_text":false,"primary_text":"Welcome to our store!","secondary_text":"Exclusive offers just for you.","third_text":"Shop now and enjoy deals!","highlight_text":false,"highlight_text_content":"","highlight_text_color":"#000000","spacing_text":false,"spacing_text_content":"","spacing_text_left":0,"spacing_text_right":0,"stroke_text":false,"stroke_text_content":"","width":"fit-content","unit":"percent","custom_width":100,"custom_width_pixel":500,"inherit_text_alignment":true,"alignment":"left","width_tablet":"fit-content","unit_tablet":"percent","custom_width_tablet":100,"custom_width_tablet_pixel":100,"inherit_text_alignment_tablet":true,"alignment_tablet":"left","width_mobile":"fit-content","unit_mobile":"percent","custom_width_mobile":100,"custom_width_mobile_pixel":100,"inherit_text_alignment_mobile":true,"alignment_mobile":"left","type_preset":"rte","font":"var(--font-body--family)","font_size":"1.6rem","line_height":"normal","letter_spacing":"normal","case":"none","wrap":"pretty","color":"var(--color-foreground)","background":false,"background_color":"#00000026","enable_border":false,"enable_border_bottom":false,"border":"none","border_width":0,"border_width_type":"100%","border_custom_width":100,"border_radius":0,"text_effect":"none","animation_repeat":false,"padding-block-start":0,"padding-block-end":0,"padding-inline-start":0,"padding-inline-end":0},"blocks":{}},"text_L33zNY":{"type":"text","name":"t:names.text","settings":{"text":"<p>At our core, we believe that style should feel effortless yet meaningful. Each collection is carefully designed with attention to detail, blending modern aesthetics with everyday comfort. From timeless silhouettes to refined textures, our pieces are crafted to inspire confidence and elevate the way you live and dress. More than fashion, it’s a lifestyle made for you.<\/p>","typing_text":false,"primary_text":"Welcome to our store!","secondary_text":"Exclusive offers just for you.","third_text":"Shop now and enjoy deals!","highlight_text":false,"highlight_text_content":"","highlight_text_color":"#000000","spacing_text":false,"spacing_text_content":"","spacing_text_left":0,"spacing_text_right":0,"stroke_text":false,"stroke_text_content":"","width":"fit-content","unit":"percent","custom_width":100,"custom_width_pixel":500,"inherit_text_alignment":true,"alignment":"left","width_tablet":"fit-content","unit_tablet":"percent","custom_width_tablet":100,"custom_width_tablet_pixel":100,"inherit_text_alignment_tablet":true,"alignment_tablet":"left","width_mobile":"fit-content","unit_mobile":"percent","custom_width_mobile":100,"custom_width_mobile_pixel":100,"inherit_text_alignment_mobile":true,"alignment_mobile":"left","type_preset":"rte","font":"var(--font-body--family)","font_size":"1.6rem","line_height":"normal","letter_spacing":"normal","case":"none","wrap":"pretty","color":"var(--color-foreground)","background":false,"background_color":"#00000026","enable_border":false,"enable_border_bottom":false,"border":"none","border_width":0,"border_width_type":"100%","border_custom_width":100,"border_radius":0,"text_effect":"none","animation_repeat":false,"padding-block-start":0,"padding-block-end":0,"padding-inline-start":0,"padding-inline-end":0},"blocks":{}}},"block_order":["text_7FJP4G","text_L33zNY"]},"text_WAMaKE":{"type":"text","name":"t:names.text","settings":{"text":"<p><strong>Current Top Sellers<\/strong><\/p>","typing_text":false,"primary_text":"Welcome to our store!","secondary_text":"Exclusive offers just for you.","third_text":"Shop now and enjoy deals!","highlight_text":false,"highlight_text_content":"","highlight_text_color":"#000000","spacing_text":false,"spacing_text_content":"","spacing_text_left":0,"spacing_text_right":0,"stroke_text":false,"stroke_text_content":"","width":"fit-content","unit":"percent","custom_width":100,"custom_width_pixel":500,"inherit_text_alignment":true,"alignment":"left","width_tablet":"fit-content","unit_tablet":"percent","custom_width_tablet":100,"custom_width_tablet_pixel":100,"inherit_text_alignment_tablet":true,"alignment_tablet":"left","width_mobile":"fit-content","unit_mobile":"percent","custom_width_mobile":100,"custom_width_mobile_pixel":100,"inherit_text_alignment_mobile":true,"alignment_mobile":"left","type_preset":"custom","font":"var(--font-body--family)","font_size":"1.6rem","line_height":"normal","letter_spacing":"normal","case":"none","wrap":"pretty","color":"var(--color-foreground)","background":false,"background_color":"#00000026","enable_border":false,"enable_border_bottom":false,"border":"none","border_width":0,"border_width_type":"100%","border_custom_width":100,"border_radius":0,"text_effect":"none","animation_repeat":false,"padding-block-start":50,"padding-block-end":20,"padding-inline-start":0,"padding-inline-end":0},"blocks":{}},"blog_post_tags_83yjKY":{"type":"_blog-post-tags","name":"Blog post tags","settings":{"show_tags":true,"padding-block-start":60,"padding-block-end":0},"blocks":{"text_h6P46m":{"type":"text","name":"t:names.heading","settings":{"text":"<h5>Tags<\/h5>","typing_text":false,"primary_text":"Welcome to our store!","secondary_text":"Exclusive offers just for you.","third_text":"Shop now and enjoy deals!","highlight_text":false,"highlight_text_content":"","highlight_text_color":"#000000","spacing_text":false,"spacing_text_content":"","spacing_text_left":0,"spacing_text_right":0,"stroke_text":false,"stroke_text_content":"","width":"fit-content","unit":"percent","custom_width":100,"custom_width_pixel":500,"inherit_text_alignment":true,"alignment":"left","width_tablet":"fit-content","unit_tablet":"percent","custom_width_tablet":100,"custom_width_tablet_pixel":100,"inherit_text_alignment_tablet":true,"alignment_tablet":"left","width_mobile":"fit-content","unit_mobile":"percent","custom_width_mobile":100,"custom_width_mobile_pixel":100,"inherit_text_alignment_mobile":true,"alignment_mobile":"left","type_preset":"rte","font":"var(--font-body--family)","font_size":"1.6rem","line_height":"normal","letter_spacing":"normal","case":"none","wrap":"pretty","color":"var(--color-foreground)","background":false,"background_color":"#00000026","enable_border":false,"enable_border_bottom":false,"border":"none","border_width":0,"border_width_type":"100%","border_custom_width":100,"border_radius":0,"text_effect":"none","animation_repeat":false,"padding-block-start":0,"padding-block-end":18,"padding-inline-start":0,"padding-inline-end":0},"blocks":{}}},"block_order":["text_h6P46m"]},"social_icons_LFtxY9":{"type":"social-icons","name":"Social icons","settings":{"gap_x":20,"gap_y":10,"padding-block-start":27,"padding-block-end":44},"blocks":{}}},"block_order":["text_Nwwncz","blog_post_info_text_xwbDTD","image_9X4nBP","group_UfEKyV","group_WXyAyd","group_V4W7Mr","text_Dpq3AY","group_999Eny","group_33TXPw","text_WAMaKE","blog_post_tags_83yjKY","social_icons_LFtxY9"]}},"settings":{"section_width":"page-width","show_next_prev":true,"columns_gap":30,"color_scheme":"","padding_top":0,"padding_bottom":36}},"section_7QAXyA":{"type":"section","blocks":{"text_XaWLUN":{"type":"text","name":"t:names.heading","settings":{"text":"<h2>Sign-up for EllaNews<\/h2>","typing_text":false,"primary_text":"Welcome to our store!","secondary_text":"Exclusive offers just for you.","third_text":"Shop now and enjoy deals!","highlight_text":false,"highlight_text_content":"","highlight_text_color":"#000000","spacing_text":false,"spacing_text_content":"","spacing_text_left":0,"spacing_text_right":0,"stroke_text":false,"stroke_text_content":"","width":"100%","unit":"percent","custom_width":100,"custom_width_pixel":500,"inherit_text_alignment":true,"alignment":"center","width_tablet":"100%","unit_tablet":"percent","custom_width_tablet":100,"custom_width_tablet_pixel":100,"inherit_text_alignment_tablet":true,"alignment_tablet":"left","width_mobile":"100%","unit_mobile":"percent","custom_width_mobile":100,"custom_width_mobile_pixel":100,"inherit_text_alignment_mobile":true,"alignment_mobile":"left","type_preset":"custom","font":"var(--font-heading--family)","font_size":"2.4rem","line_height":"normal","letter_spacing":"normal","case":"none","wrap":"pretty","color":"var(--color-foreground)","background":false,"background_color":"#00000026","enable_border":false,"enable_border_bottom":false,"border":"none","border_width":0,"border_width_type":"100%","border_custom_width":100,"border_radius":0,"text_effect":"none","animation_repeat":false,"padding-block-start":0,"padding-block-end":28,"padding-inline-start":0,"padding-inline-end":0},"blocks":{}},"text_CVaWR8":{"type":"text","settings":{"text":"<p>Stay informed about the latest style advice and product launches. <br\/>Learn more about our emails and our Privacy Policy. <\/p>","typing_text":false,"primary_text":"Welcome to our store!","secondary_text":"Exclusive offers just for you.","third_text":"Shop now and enjoy deals!","highlight_text":false,"highlight_text_content":"","highlight_text_color":"#000000","spacing_text":false,"spacing_text_content":"","spacing_text_left":0,"spacing_text_right":0,"stroke_text":false,"stroke_text_content":"","width":"100%","unit":"percent","custom_width":100,"custom_width_pixel":500,"inherit_text_alignment":true,"alignment":"center","width_tablet":"fit-content","unit_tablet":"percent","custom_width_tablet":100,"custom_width_tablet_pixel":100,"inherit_text_alignment_tablet":true,"alignment_tablet":"left","width_mobile":"fit-content","unit_mobile":"percent","custom_width_mobile":100,"custom_width_mobile_pixel":100,"inherit_text_alignment_mobile":true,"alignment_mobile":"left","type_preset":"paragraph","font":"var(--font-body--family)","font_size":"1.6rem","line_height":"normal","letter_spacing":"normal","case":"none","wrap":"pretty","color":"var(--color-foreground)","background":false,"background_color":"#00000026","enable_border":false,"enable_border_bottom":false,"border":"none","border_width":0,"border_width_type":"100%","border_custom_width":100,"border_radius":0,"text_effect":"none","animation_repeat":false,"padding-block-start":0,"padding-block-end":34,"padding-inline-start":0,"padding-inline-end":0},"blocks":{}},"email_signup_QRYDmz":{"type":"email-signup","settings":{"show_subscription":false,"subscription_text":"Sign up to be the first to know when the event is live!","subscription_button":"SUBSCRIBE","width":"custom","custom_width":50,"width_mobile":"fill","custom_width_mobile":100,"inherit_color_scheme":true,"border_width":1,"border_radius":0,"input_label":"Your email address","border_style":"all","input_alignment":"left","input_type_preset":"paragraph","agree_condition":true,"agree_condition_text":"","condition-padding-block-start":20,"condition-padding-block-end":20,"show_input_description":false,"input_description":"","type_preset":"rte","description-padding-block-start":20,"description-padding-block-end":20,"style_class":"button","display_type":"text","icon_type":"chevron","label":"Subscribe","button_type_preset":"paragraph","background_button":true,"integrated_button":false,"gap":11,"submit_width":"fit-content","submit_custom_width":30,"submit_width_mobile":"custom","submit_custom_width_mobile":100,"padding-block-start":0,"padding-block-end":0,"padding-inline-start":0,"padding-inline-end":0},"blocks":{}}},"block_order":["text_XaWLUN","text_CVaWR8","email_signup_QRYDmz"],"name":"t:names.email_signup","settings":{"content_direction":"column","content_direction_mobile":"column","horizontal_alignment":"flex-start","vertical_alignment":"center","align_baseline":false,"horizontal_alignment_flex_direction_column":"center","vertical_alignment_flex_direction_column":"center","gap":16,"section_width":"page-width","page_width_custom":1570,"section_height":"","section_height_custom":50,"color_scheme":"scheme-2","background_media":"none","video_position":"cover","background_image_position":"cover","border":"none","border_width":1,"border_radius":0,"toggle_overlay":false,"overlay_color":"#00000026","overlay_style":"solid","gradient_direction":"to top","image_behavior":"none","padding-block-start":52,"padding-block-end":60}}},"order":["main","section_7QAXyA"]}