{"sections":{"breadcrumb_gTLByG":{"type":"breadcrumb","name":"Breadcrumb","settings":{"separator":"slash","horizontal_alignment":"start","gap":12,"section_width":"custom","page_width_custom":1670,"background_media":"none","video_position":"cover","background_image_position":"cover","toggle_overlay":false,"overlay_color":"#00000026","overlay_style":"solid","gradient_direction":"to top","padding-block-start":22,"padding-block-end":21}},"main":{"type":"main-blog","blocks":{"blog-post-header":{"type":"_blog-post-header","static":true,"settings":{"content_direction":"column","content_direction_mobile":"column","horizontal_alignment":"flex-start","vertical_alignment":"center","align_baseline":false,"horizontal_alignment_flex_direction_column":"flex-start","vertical_alignment_flex_direction_column":"center","gap":8,"width":"fill","custom_width":100,"width_mobile":"fill","custom_width_mobile":100,"height":"fit","custom_height":100,"inherit_color_scheme":true,"background_media":"none","video_position":"cover","background_image_position":"cover","border":"none","border_width":1,"border_radius":0,"padding-block-start":0,"padding-block-end":39,"padding-inline-start":0,"padding-inline-end":0},"blocks":{"text_WMQMjN":{"type":"text","name":"Heading","settings":{"text":"<p>{{ closest.blog.title }}<\/p>","typing_text":false,"primary_text":"Welcome to our store!","secondary_text":"Exclusive offers just for you.","third_text":"Shop now and enjoy deals!","highlight_text":false,"highlight_text_content":"","highlight_text_color":"#000000","spacing_text":false,"spacing_text_content":"","spacing_text_left":0,"spacing_text_right":0,"stroke_text":false,"stroke_text_content":"","width":"fit-content","unit":"percent","custom_width":100,"custom_width_pixel":500,"inherit_text_alignment":true,"alignment":"left","width_tablet":"fit-content","unit_tablet":"percent","custom_width_tablet":100,"custom_width_tablet_pixel":100,"inherit_text_alignment_tablet":true,"alignment_tablet":"left","width_mobile":"fit-content","unit_mobile":"percent","custom_width_mobile":100,"custom_width_mobile_pixel":100,"inherit_text_alignment_mobile":true,"alignment_mobile":"left","type_preset":"custom","font":"var(--font-body--family)","font_size":"2.4rem","line_height":"normal","letter_spacing":"normal","case":"uppercase","wrap":"pretty","color":"var(--color-foreground-heading)","background":false,"background_color":"#00000026","enable_border":false,"enable_border_bottom":false,"border":"none","border_width":0,"border_width_type":"100%","border_custom_width":100,"border_radius":0,"text_effect":"none","animation_repeat":false,"padding-block-start":0,"padding-block-end":22,"padding-inline-start":0,"padding-inline-end":0},"blocks":{}}},"block_order":["text_WMQMjN"]},"static-blog-post-sidebar":{"type":"_blog-post-sidebar","static":true,"settings":{},"blocks":{"blog_post_sidebar_category_zQV49C":{"type":"_blog-post-sidebar-category","name":"Category","settings":{"collapse":true,"collapse_default":"open","text":"<p>BLOG CATEGORIES<\/p>","type":"1_level","link_list":"main-menu"},"blocks":{}},"blog_post_sidebar_recent_posts_abKbw3":{"type":"_blog-post-sidebar-recent-posts","name":"Recent posts","settings":{"collapse":true,"collapse_default":"open","text":"<p>RECENT ARTICLES<\/p>","number":1},"blocks":{}},"blog_post_sidebar_products_FBn6ai":{"type":"_blog-post-sidebar-products","name":"Products","settings":{"collapse":true,"collapse_icon":"none","collapse_default":"open","text":"<p>FEATURED PRODUCT<\/p>","collection":"collection-1","layout":"grid","limit":4,"dots":true,"arrows":true,"columns_gap":8,"rows_gap":20},"blocks":{"product-slide-item":{"type":"card-product-flex","static":true,"settings":{"product":"{{ closest.product }}","content_direction":"row","wrap":"no-wrap","align_items":"stretch","justify_content":"start"},"blocks":{"card_product_media_flex_33CD7w":{"type":"_card-product-media-flex","name":"Product media","settings":{"product":"{{ closest.product }}","image_ratio":"adapt","show_secondary_image":true,"width_option":"full","custom_width":50},"blocks":{}},"card_product_information_xCcdYY":{"type":"_card-product-information","name":"Group: Product Information","settings":{"width_option":"full","custom_width":50,"content_direction":"column","wrap":"wrap","vertical_alignment":"center","horizontal_alignment":"flex-start","horizontal_alignment_flex_direction_column":"flex-start","vertical_alignment_flex_direction_column":"center","gap_y":8,"gap_x":0,"padding_top":0,"padding_right":0,"padding_bottom":0,"padding_left":10},"blocks":{"card_product_vendor_flex_XQeMLU":{"type":"_card-product-vendor-flex","name":"Product vendor","settings":{"product":"{{ closest.product }}","width":"fit-content","alignment":"left","type_preset":"custom","font":"var(--font-body--family)","font_size":"1.2rem","letter_spacing":"normal","case":"none","wrap":"pretty","padding-block-start":0,"padding-block-end":0,"padding-inline-end":0,"padding-inline-start":0},"blocks":{}},"card_product_title_flex_FqezQY":{"type":"_card-product-title-flex","name":"Product title","settings":{"product":"{{ closest.product }}","width":"fit-content","alignment":"left","type_preset":"custom","font":"var(--font-body--family)","font_size":"1.2rem","letter_spacing":"normal","case":"none","wrap":"pretty","padding-block-start":0,"padding-block-end":0,"padding-inline-end":0,"padding-inline-start":0},"blocks":{}},"card_product_price_flex_RTgKtb":{"type":"_card-product-price-flex","name":"Product price","settings":{"product":"{{ closest.product }}","type_preset":"","width":"fit-content","alignment":"left","font":"var(--font-body--family)","font_size":"1.6rem","line_height":"normal","letter_spacing":"normal","case":"none","padding-block-start":0,"padding-block-end":0,"padding-inline-start":0,"padding-inline-end":0},"blocks":{}},"card_product_variant_flex_ViA8YK":{"type":"_card-product-variant-flex","name":"Product variant","settings":{"product":"{{ closest.product }}","padding-block-start":0,"padding-block-end":0,"padding-inline-start":0,"padding-inline-end":0},"blocks":{}}},"block_order":["card_product_vendor_flex_XQeMLU","card_product_title_flex_FqezQY","card_product_price_flex_RTgKtb","card_product_variant_flex_ViA8YK"]}},"block_order":["card_product_media_flex_33CD7w","card_product_information_xCcdYY"]}},"block_order":[]},"blog_post_sidebar_image_rG8aJH":{"type":"_blog-post-sidebar-image","name":"Image","settings":{"collapse":true,"collapse_default":"open","text":"","image":"","link":""},"blocks":{}},"blog_post_sidebar_image_7HxPj4":{"type":"_blog-post-sidebar-image","name":"Image","settings":{"collapse":true,"collapse_default":"open","text":"","image":"","link":""},"blocks":{}},"blog_post_sidebar_text_HDNch6":{"type":"_blog-post-sidebar-text","name":"Custom text","settings":{"collapse":true,"collapse_default":"close","text":"<p>CUSTOM CMS BLOCK<\/p>","content":"Custom CMS block displayed at the left sidebar on the Catalog Page. Put your own content here: text, html, images, media... or whatever you like.There are many similar sample content placeholders across the store. All editable from Theme Editor."},"blocks":{}},"blog_post_sidebar_tags_bWQ4bD":{"type":"_blog-post-sidebar-tags","name":"Tags","settings":{"collapse":true,"collapse_default":"close","text":"<p>Tags<\/p>","show_tag_count":true,"number":10},"blocks":{}}},"block_order":["blog_post_sidebar_category_zQV49C","blog_post_sidebar_recent_posts_abKbw3","blog_post_sidebar_products_FBn6ai","blog_post_sidebar_image_rG8aJH","blog_post_sidebar_image_7HxPj4","blog_post_sidebar_text_HDNch6","blog_post_sidebar_tags_bWQ4bD"]},"static-blog-post-card":{"type":"_blog-post-card","static":true,"settings":{"layout_type":"balance","blog_post_card_gap":80,"blog_post_card_gap_mobile":10,"content_direction":"column","horizontal_alignment_flex_direction_column":"flex-start","vertical_alignment_flex_direction_column":"center","gap":0,"padding-block-start-content":30,"padding-block-end-content":30,"padding-inline-start-content":0,"padding-inline-end-content":0},"blocks":{"divider_wrzxr8":{"type":"_divider","name":"Divider","disabled":true,"settings":{"thickness":1,"corner_radius":"square","width_percent":100,"alignment_horizontal":"center","padding-block-start":45,"padding-block-end":45},"blocks":{}},"image":{"type":"_blog-post-image","static":true,"settings":{"image_ratio":"adapt","width":"custom","unit":"percent","custom_width":100,"custom_width_pixel":100,"width_tablet":"custom","unit_tablet":"percent","custom_width_tablet":100,"custom_width_tablet_pixel":100,"width_mobile":"custom","unit_mobile":"percent","custom_width_mobile":100,"custom_width_mobile_pixel":100,"border":"none","border_width":0,"border_opacity":100,"border_radius":0,"padding-block-start":0,"padding-inline-end":0,"padding-block-end":0,"padding-inline-start":0},"blocks":{}},"heading":{"type":"_heading","static":true,"settings":{"type_preset":"h4","font":"var(--font-body--family)","font_size":"1rem","line_height":"normal","letter_spacing":"normal","case":"none","wrap":"pretty","color":"var(--color-foreground)","text":"","read_only":false,"alignment":"left","show_alignment":true,"padding-block-start":0,"padding-block-end":0,"padding-inline-start":0,"padding-inline-end":0},"blocks":{}},"content":{"type":"_blog-post-description","static":true,"settings":{"type_preset":"rte","font":"var(--font-body--family)","font_size":"1rem","line_height":"normal","letter_spacing":"normal","case":"none","wrap":"pretty","color":"var(--color-foreground)","padding-block-start":0,"padding-block-end":0},"blocks":{}},"blog-post-details":{"type":"_blog-post-info-text","static":true,"settings":{"show_date":true,"show_author":true,"show_comments":true,"type_preset":"","alignment":"left","show_alignment":true,"padding-block-start":29,"padding-block-end":0},"blocks":{}},"button":{"type":"_blog-post-button","static":true,"settings":{"label":"Read more","open_in_new_tab":false,"style_class":"button","button_style":"default","button_border_width":1,"button_border_radius":100,"button_type_font":"var(--font-body--family)","button_type_size":"1.2rem","button_font_weight":"default","button_text_case":"default","buttons_shadow_horizontal_offset":0,"buttons_shadow_vertical_offset":0,"buttons_shadow_blur":0,"button_type_size_link":"1.2rem","button_font_weight_link":"default","link_underline":false,"link_reveal":false,"width":"fit-content","unit":"percent","custom_width":100,"custom_width_pixel":100,"buttons_padding_vertical":10,"buttons_padding_horizontal":20,"width_mobile":"fit-content","unit_mobile":"percent","custom_width_mobile":100,"custom_width_mobile_pixel":100,"buttons_padding_vertical_mobile":10,"buttons_padding_horizontal_mobile":10,"padding-block-start":16,"padding-block-end":0},"blocks":{}}},"block_order":["divider_wrzxr8"]}},"settings":{"section_width":"custom","page_width_custom":1670,"columns_gap":60,"limit_blog_posts":6,"blog_post_gap":0,"blog_post_gap_mobile":40,"pagination_alignment":"flex-end","pagination_icons_type":"chevron","border":"none","border_width":1,"border_radius":100,"padding-block-start-pagination":50,"padding-block-end-pagination":0,"padding-block-start":52,"padding-block-end":80}}},"order":["breadcrumb_gTLByG","main"]}