{
  "sections": {
    "breadcrumb_w3kGjz": {
      "type": "breadcrumb",
      "name": "Breadcrumb",
      "settings": {
        "separator": "caret",
        "horizontal_alignment": "start",
        "gap": 6,
        "font_size": "1.6rem",
        "section_width": "page-width",
        "page_width_custom": 1570,
        "color_scheme": "",
        "background_media": "none",
        "video_position": "cover",
        "background_image_position": "cover",
        "toggle_overlay": false,
        "overlay_color": "#00000026",
        "overlay_style": "solid",
        "gradient_direction": "to top",
        "padding-block-start": 0,
        "padding-block-end": 24
      }
    },
    "cart-section": {
      "type": "main-cart",
      "blocks": {
        "cart-page-title": {
          "type": "_cart-title",
          "static": true,
          "settings": {
            "title": "<strong>MY CART</strong>",
            "show_count": true,
            "type_preset": "h5",
            "alignment": "left",
            "padding-block-start": 0,
            "padding-block-end": 24,
            "padding-inline-start": 0,
            "padding-inline-end": 0
          },
          "blocks": {}
        },
        "cart-page-message": {
          "type": "_cart-shipping",
          "static": true,
          "settings": {
            "alignment": "left",
            "padding-block-start": 0,
            "padding-block-end": 24,
            "padding-inline-start": 0,
            "padding-inline-end": 0
          },
          "blocks": {}
        },
        "cart-page-countdown": {
          "type": "_cart-countdown",
          "static": true,
          "settings": {
            "alignment": "center",
            "cart_countdown_text": "[icon] Please, hurry! Someone has placed an order on one of the items you have in the cart. We'll keep it for you for [time] minutes.",
            "cart_countdown_text_empty": "[icon] Please, hurry! The [product] product is being sold at a shocking promotional price. We'll keep it for you for [time] minutes.",
            "icon": "alert",
            "cart_countdown_product": "game-cover-23",
            "countdown_time": 60,
            "inherit_color_scheme": false,
            "scheme_background": "#fbf8e5",
            "scheme_background_gradient": "",
            "scheme_foreground_heading": "#000000",
            "scheme_foreground": "#8b714a",
            "scheme_primary": "#000f9f",
            "scheme_primary_hover": "#000000",
            "margin-block-start": 0,
            "margin-block-end": 45,
            "margin-inline-start": 0,
            "margin-inline-end": 0,
            "padding-block-start": 7,
            "padding-block-end": 14,
            "padding-inline-start": 10,
            "padding-inline-end": 10
          },
          "blocks": {}
        },
        "cart-page-items": {
          "type": "_cart-items",
          "static": true,
          "settings": {
            "inherit_color_scheme": true,
            "scheme_background": "#ffffff",
            "scheme_background_gradient": "",
            "scheme_foreground_heading": "#000000",
            "scheme_foreground": "#000000",
            "scheme_primary": "#000f9f",
            "scheme_primary_hover": "#000000",
            "scheme_border": "#e6e6e6",
            "scheme_shadow": "#000000"
          },
          "blocks": {
            "image_with_content_tLAWVm": {
              "type": "image-with-content",
              "name": "Image with content",
              "settings": {
                "content_direction": "row",
                "content_direction_mobile": "row",
                "horizontal_alignment": "flex-start",
                "horizontal_alignment_mobile": "flex-start",
                "vertical_alignment": "center",
                "align_baseline": false,
                "gap": 13,
                "icon_position": "icon-left",
                "icon": "security",
                "icon_custom": "none",
                "svg_upload": "",
                "image_ratio": "adapt",
                "icon_width": 20,
                "border": "none",
                "border_width": 1,
                "border_radius": 0,
                "text": "<p>Secure Shopping Guarantee</p>",
                "type_preset": "rte",
                "font": "var(--font-body--family)",
                "font_size": "1.6rem",
                "line_height": "normal",
                "letter_spacing": "normal",
                "case": "none",
                "wrap": "pretty",
                "color": "var(--color-foreground)",
                "subtext": "",
                "width": "fit-content",
                "alignment": "left",
                "padding-block-start": 0,
                "padding-block-end": 0,
                "padding-inline-start": 0,
                "padding-inline-end": 0
              },
              "blocks": {}
            },
            "cart-product": {
              "type": "_cart-product",
              "static": true,
              "settings": {
                "gap": 10,
                "image_ratio": "adapt",
                "border": true,
                "vendor": false,
                "padding-block-start": 0,
                "padding-block-end": 0,
                "padding-inline-start": 0,
                "padding-inline-end": 0
              },
              "blocks": {}
            },
            "cart-gift-card": {
              "type": "_cart-gift-card",
              "static": true,
              "settings": {
                "alignment": "left",
                "padding-block-start": 10,
                "padding-block-end": 20,
                "padding-inline-start": 0,
                "padding-inline-end": 0
              },
              "blocks": {}
            },
            "cart-note": {
              "type": "_cart-note",
              "static": true,
              "settings": {
                "alignment": "left",
                "padding-block-start": 0,
                "padding-block-end": 20,
                "padding-inline-start": 0,
                "padding-inline-end": 0
              },
              "blocks": {}
            }
          },
          "block_order": [
            "image_with_content_tLAWVm"
          ]
        },
        "cart-page-summary": {
          "type": "_cart-summary",
          "static": true,
          "settings": {
            "extend_summary": false,
            "inherit_color_scheme": true,
            "scheme_background": "#ffffff",
            "scheme_background_gradient": "",
            "scheme_foreground_heading": "#000000",
            "scheme_foreground": "#000000",
            "scheme_primary": "#000f9f",
            "scheme_primary_hover": "#000000",
            "scheme_border": "#e6e6e6",
            "scheme_shadow": "#000000",
            "border": "none",
            "border_width": 1,
            "border_opacity": 100,
            "border_radius": 4
          },
          "blocks": {
            "cart-shipping-calculator": {
              "type": "_cart-shipping-calculator",
              "static": true,
              "settings": {
                "alignment": "left",
                "padding-block-start": 18,
                "padding-block-end": 0,
                "padding-inline-start": 0,
                "padding-inline-end": 0
              },
              "blocks": {}
            },
            "cart-summary-divider-1": {
              "type": "_divider",
              "static": true,
              "settings": {
                "thickness": 1,
                "corner_radius": "square",
                "width_percent": 100,
                "alignment_horizontal": "center",
                "padding-block-start": 25,
                "padding-block-end": 25
              },
              "blocks": {}
            },
            "cart-discounts": {
              "type": "_cart-discounts",
              "static": true,
              "settings": {
                "alignment": "left",
                "padding-block-start": 0,
                "padding-block-end": 0,
                "padding-inline-start": 0,
                "padding-inline-end": 0
              },
              "blocks": {}
            },
            "cart-summary-divider-2": {
              "type": "_divider",
              "static": true,
              "settings": {
                "thickness": 1,
                "corner_radius": "square",
                "width_percent": 100,
                "alignment_horizontal": "center",
                "padding-block-start": 25,
                "padding-block-end": 25
              },
              "blocks": {}
            },
            "cart-total": {
              "type": "_cart-total",
              "static": true,
              "settings": {
                "alignment": "left",
                "padding-block-start": 0,
                "padding-block-end": 0,
                "padding-inline-start": 0,
                "padding-inline-end": 0
              },
              "blocks": {}
            },
            "cart-summary-divider-3": {
              "type": "_divider",
              "static": true,
              "settings": {
                "thickness": 1,
                "corner_radius": "square",
                "width_percent": 100,
                "alignment_horizontal": "center",
                "padding-block-start": 25,
                "padding-block-end": 25
              },
              "blocks": {}
            },
            "cart-checkout": {
              "type": "_cart-checkout",
              "static": true,
              "settings": {
                "alignment": "left",
                "padding-block-start": 0,
                "padding-block-end": 0,
                "padding-inline-start": 0,
                "padding-inline-end": 0
              },
              "blocks": {}
            }
          },
          "block_order": []
        }
      },
      "settings": {
        "section_width": "page-width",
        "page_width_custom": 1040,
        "color_scheme": "",
        "padding-block-start": 0,
        "padding-block-end": 100
      }
    },
    "section_7Yzqfd": {
      "type": "section",
      "blocks": {
        "divider_if3ARj": {
          "type": "_divider",
          "name": "t:names.divider",
          "settings": {
            "thickness": 1,
            "corner_radius": "square",
            "width_percent": 100,
            "alignment_horizontal": "center",
            "padding-block-start": 0,
            "padding-block-end": 0
          },
          "blocks": {}
        }
      },
      "block_order": [
        "divider_if3ARj"
      ],
      "name": "t:names.custom_section",
      "settings": {
        "content_direction": "column",
        "content_direction_mobile": "column",
        "wrap": "no-wrap",
        "horizontal_alignment": "flex-start",
        "vertical_alignment": "center",
        "align_baseline": false,
        "horizontal_alignment_flex_direction_column": "flex-start",
        "vertical_alignment_flex_direction_column": "center",
        "gap": 12,
        "section_width": "page-width",
        "page_width_custom": 1570,
        "section_height": "",
        "section_height_custom": 50,
        "section_height_mobile": "",
        "section_height_mobile_custom": 50,
        "color_scheme": "",
        "background_media": "none",
        "video_position": "cover",
        "background_image_position": "cover",
        "border": "none",
        "border_width": 1,
        "border_opacity": 100,
        "border_radius": 0,
        "toggle_overlay": false,
        "overlay_color": "#00000026",
        "overlay_style": "solid",
        "gradient_direction": "to top",
        "image_behavior": "none",
        "padding-block-start": 36,
        "padding-block-end": 36,
        "padding-inline-start": 0,
        "padding-inline-end": 0
      }
    },
    "featured_collection_ATEDND": {
      "type": "featured-collection",
      "blocks": {
        "section-header": {
          "type": "_section-header",
          "static": true,
          "settings": {
            "content_direction": "row",
            "content_direction_mobile": "column",
            "horizontal_alignment": "flex-start",
            "vertical_alignment": "center",
            "align_baseline": false,
            "horizontal_alignment_flex_direction_column": "flex-start",
            "vertical_alignment_flex_direction_column": "center",
            "horizontal_alignment_mobile": "flex-start",
            "vertical_alignment_mobile": "center",
            "horizontal_alignment_flex_direction_column_mobile": "flex-start",
            "vertical_alignment_flex_direction_column_mobile": "center",
            "gap": 16,
            "width": "fill",
            "custom_width": 100,
            "inherit_color_scheme": true,
            "scheme_background": "#FFFFFF",
            "scheme_background_gradient": "",
            "scheme_foreground_heading": "#000000",
            "scheme_foreground": "#000000",
            "scheme_primary": "#000F9F",
            "scheme_primary_hover": "#000000",
            "scheme_border": "#E6E6E6",
            "scheme_shadow": "#000000",
            "border": "none",
            "border_width": 1,
            "border_opacity": 0,
            "border_radius": 0,
            "margin_top": 0,
            "margin_bottom": 0,
            "padding-block-start": 0,
            "padding-inline-end": 0,
            "padding-block-end": 16,
            "padding-inline-start": 0
          },
          "blocks": {
            "collection_title_44Tb9H": {
              "type": "_collection_title",
              "settings": {
                "text": "<h2>{{ closest.collection.title }}</h2>",
                "width": "100%",
                "alignment": "left",
                "type_preset": "custom",
                "font": "var(--font-heading--family)",
                "font_size": "1.8rem",
                "letter_spacing": "normal",
                "case": "none",
                "wrap": "pretty",
                "border": "none",
                "border_width": 2,
                "padding-block-start": 0,
                "padding-inline-end": 0,
                "padding-block-end": 0,
                "padding-inline-start": 0
              },
              "blocks": {}
            }
          },
          "block_order": [
            "collection_title_44Tb9H"
          ]
        },
        "product-slide-item": {
          "type": "card-product-flex",
          "name": "Product card",
          "static": true,
          "settings": {
            "product": "{{ closest.product }}",
            "inherit_color_scheme": true,
            "scheme_background": "#FFFFFF",
            "scheme_background_gradient": "",
            "scheme_foreground_heading": "#000000",
            "scheme_foreground": "#000000",
            "scheme_primary": "#000F9F",
            "scheme_primary_hover": "#000000",
            "scheme_border": "#E6E6E6",
            "scheme_shadow": "#000000",
            "padding-block-start": 36,
            "padding-block-end": 36,
            "padding-inline-start": 0,
            "padding-inline-end": 0,
            "border": "none",
            "border_width": 1,
            "border_opacity": 100,
            "border_radius": 0,
            "content_direction": "column",
            "wrap": "no-wrap",
            "align_items": "stretch",
            "justify_content": "start",
            "gap": 12,
            "width": "fill",
            "custom_width": 100
          },
          "blocks": {
            "card_product_media_flex_7mnQyR": {
              "type": "_card-product-media-flex",
              "name": "Group: Product media",
              "settings": {
                "product": "{{ closest.product }}",
                "image_ratio": "adapt",
                "show_secondary_image": true,
                "width_option": "full",
                "custom_width": 80,
                "border": "none",
                "border_width": 1,
                "border_opacity": 100,
                "border_radius": 0
              },
              "blocks": {}
            },
            "spacer_wFxewt": {
              "type": "spacer",
              "settings": {
                "spacer_height": 16,
                "spacer_width": 0
              },
              "blocks": {}
            },
            "card_product_information_a8V46c": {
              "type": "_card-product-information",
              "name": "Group: Information",
              "settings": {
                "width_option": "full",
                "custom_width": 80,
                "padding_top": 0,
                "padding_right": 0,
                "padding_bottom": 0,
                "padding_left": 0,
                "content_direction": "column",
                "content_direction_mobile": "column",
                "wrap": "wrap",
                "wrap_tablet": "wrap",
                "vertical_alignment": "center",
                "horizontal_alignment": "flex-start",
                "horizontal_alignment_flex_direction_column": "flex-start",
                "vertical_alignment_flex_direction_column": "center",
                "gap_y": 10,
                "gap_x": 10,
                "inherit_color_scheme": true,
                "scheme_background": "#FFFFFF",
                "scheme_background_gradient": "",
                "scheme_foreground_heading": "#000000",
                "scheme_foreground": "#000000",
                "scheme_primary": "#000F9F",
                "scheme_primary_hover": "#000000",
                "scheme_border": "#E6E6E6",
                "scheme_shadow": "#000000"
              },
              "blocks": {
                "card_product_vendor_flex_rbVyRL": {
                  "type": "_card-product-vendor-flex",
                  "settings": {
                    "product": "{{ closest.product }}",
                    "width": "fit-content",
                    "alignment": "left",
                    "type_preset": "rte",
                    "font": "var(--font-body--family)",
                    "font_size": "1.6rem",
                    "letter_spacing": "normal",
                    "case": "none",
                    "wrap": "pretty",
                    "padding-block-start": 0,
                    "padding-block-end": 0,
                    "padding-inline-end": 0,
                    "padding-inline-start": 0
                  },
                  "blocks": {}
                },
                "spacer_cibMRk": {
                  "type": "spacer",
                  "settings": {
                    "spacer_height": 2,
                    "spacer_width": 0
                  },
                  "blocks": {}
                },
                "card_product_title_flex_qfRxDV": {
                  "type": "_card-product-title-flex",
                  "settings": {
                    "product": "{{ closest.product }}",
                    "width": "fit-content",
                    "unit": "percent",
                    "custom_width": 100,
                    "custom_width_pixel": 500,
                    "alignment": "left",
                    "clamp": false,
                    "clamp_row": 2,
                    "type_preset": "rte",
                    "font": "var(--font-body--family)",
                    "font_size": "1.6rem",
                    "letter_spacing": "normal",
                    "case": "none",
                    "wrap": "pretty",
                    "padding-block-start": 0,
                    "padding-block-end": 0,
                    "padding-inline-end": 0,
                    "padding-inline-start": 0
                  },
                  "blocks": {}
                },
                "spacer_zytpxU": {
                  "type": "spacer",
                  "settings": {
                    "spacer_height": 2,
                    "spacer_width": 0
                  },
                  "blocks": {}
                },
                "card_product_price_flex_WX8HH8": {
                  "type": "_card-product-price-flex",
                  "settings": {
                    "product": "{{ closest.product }}",
                    "type_preset": "",
                    "width": "fit-content",
                    "alignment": "left",
                    "font": "var(--font-body--family)",
                    "font_size": "1.6rem",
                    "line_height": "normal",
                    "letter_spacing": "normal",
                    "case": "none",
                    "padding-block-start": 0,
                    "padding-block-end": 0,
                    "padding-inline-start": 0,
                    "padding-inline-end": 0
                  },
                  "blocks": {}
                },
                "spacer_U9xken": {
                  "type": "spacer",
                  "settings": {
                    "spacer_height": 16,
                    "spacer_width": 0
                  },
                  "blocks": {}
                },
                "card_product_variant_flex_E3QpUH": {
                  "type": "_card-product-variant-flex",
                  "settings": {
                    "product": "{{ closest.product }}",
                    "padding-block-start": 0,
                    "padding-block-end": 0,
                    "padding-inline-start": 0,
                    "padding-inline-end": 0
                  },
                  "blocks": {}
                }
              },
              "block_order": [
                "card_product_vendor_flex_rbVyRL",
                "spacer_cibMRk",
                "card_product_title_flex_qfRxDV",
                "spacer_zytpxU",
                "card_product_price_flex_WX8HH8",
                "spacer_U9xken",
                "card_product_variant_flex_E3QpUH"
              ]
            }
          },
          "block_order": [
            "card_product_media_flex_7mnQyR",
            "spacer_wFxewt",
            "card_product_information_a8V46c"
          ]
        }
      },
      "name": "t:names.product_list_carousel",
      "settings": {
        "collection": "classic-all",
        "layout_type": "carousel",
        "widget_layout": "default",
        "products_to_show": 8,
        "columns_desktop": 5,
        "columns_desktop_widget": "1",
        "columns_gap": 30,
        "rows_gap": 8,
        "media_size": "medium",
        "source": "uploaded",
        "video_display_mode": "inline",
        "video_autoplay": false,
        "video_loop": true,
        "alt": "",
        "position": "left",
        "align_items": "stretch",
        "media_ratio": "adapt",
        "image_position": "cover",
        "content_media_position": "center",
        "content_media_alignment": "left",
        "content_heading": "",
        "heading_margin_bottom": 0,
        "heading_type_preset": "rte",
        "heading_font": "var(--font-body--family)",
        "heading_font_size": "",
        "heading_line_height": "normal",
        "heading_letter_spacing": "normal",
        "heading_case": "none",
        "heading_wrap": "pretty",
        "heading_color": "var(--color-foreground)",
        "content_subheading": "",
        "subheading_margin_bottom": 0,
        "subheading_type_preset": "rte",
        "subheading_font": "var(--font-body--family)",
        "subheading_font_size": "",
        "subheading_line_height": "normal",
        "subheading_letter_spacing": "normal",
        "subheading_case": "none",
        "subheading_wrap": "pretty",
        "subheading_color": "var(--color-foreground)",
        "content_text": "",
        "text_margin_bottom": 0,
        "text_type_preset": "rte",
        "text_font": "var(--font-body--family)",
        "text_font_size": "",
        "text_line_height": "normal",
        "text_letter_spacing": "normal",
        "text_case": "none",
        "text_wrap": "pretty",
        "text_color": "var(--color-foreground)",
        "content_button_label": "",
        "content_button_style": "button",
        "content_button_link": "",
        "show_more_product": false,
        "show_more_product_text": "Show more",
        "show_more_font_size": "",
        "show_more_font_weight": "default",
        "show_more_product_width": "fit-content",
        "unit": "percent",
        "custom_width": 100,
        "custom_width_pixel": 100,
        "show_more_product_width_mobile": "fit-content",
        "custom_width_mobile": 100,
        "custom_width_mobile_pixel": 100,
        "show_more_product_top_offset": 40,
        "loop": false,
        "full_width": false,
        "navigation": "arrows",
        "arrows_position": "inside",
        "pagination_type": "bullets",
        "dots_top_offset": 40,
        "progress_top_offset": 40,
        "page_width": "page-width",
        "page_width_custom": 1570,
        "color_scheme": "",
        "columns_mobile": "2",
        "swipe_on_mobile": false,
        "padding-block-start": 40,
        "padding-block-end": 50,
        "padding-inline-start": 0,
        "padding-inline-end": 0
      }
    }
  },
  "order": [
    "breadcrumb_w3kGjz",
    "cart-section",
    "section_7Yzqfd",
    "featured_collection_ATEDND"
  ]
}
