{
  "sections": {
    "breadcrumb_ztwnCj": {
      "type": "breadcrumb",
      "name": "Breadcrumb",
      "settings": {
        "separator": "caret",
        "horizontal_alignment": "space-between",
        "gap": 12,
        "font_size": "1.2rem",
        "section_width": "page-width",
        "page_width_custom": 1570,
        "color_scheme": "",
        "background_media": "none",
        "video_position": "cover",
        "background_image_position": "cover",
        "toggle_overlay": false,
        "overlay_color": "#00000026",
        "overlay_style": "solid",
        "gradient_direction": "to top",
        "padding-block-start": 24,
        "padding-block-end": 24
      }
    },
    "product-grid": {
      "type": "main-collection-product-grid",
      "blocks": {
        "filters": {
          "type": "filters",
          "static": true,
          "settings": {
            "filter_style": "vertical",
            "filter_position": "left",
            "filter_width": "full-width",
            "heading_label_case": "uppercase",
            "text_label_case": "uppercase",
            "style": "underline",
            "enable_sticky_filters": false,
            "enable_hover_reveal": false,
            "enable_divider": false,
            "divider_spacing_top": 20,
            "divider_spacing_bottom": 20,
            "divider_color": "#000000",
            "inherit_color_scheme": false,
            "scheme_background": "#ffffff",
            "scheme_background_gradient": "",
            "scheme_foreground_heading": "#000000",
            "scheme_foreground": "#000000",
            "scheme_primary": "#000f9f",
            "scheme_primary_hover": "#000000",
            "scheme_border": "#e6e6e6",
            "scheme_shadow": "#000000",
            "enable_filtering": true,
            "filter_gap_vertical": 20,
            "show_swatch_label": false,
            "show_filter_label": false,
            "filter_variant_pill": "Size",
            "filter_swatch": "Color",
            "show_filter_by_tags_sidebar": false,
            "filter_label_all": "",
            "number_filters": 1,
            "fbt_heading_1": "",
            "fbt_tags_list_1": "",
            "fbt_heading_2": "",
            "fbt_tags_list_2": "",
            "fbt_heading_3": "",
            "fbt_tags_list_3": "",
            "fbt_heading_4": "",
            "fbt_tags_list_4": "",
            "fbt_heading_5": "",
            "fbt_tags_list_5": "",
            "enable_divider_sorting_vertical": true,
            "enable_sorting": true,
            "enable_count": true,
            "enable_items_per_page": true,
            "enable_grid_density": true,
            "sorting_vertical_padding_block_start": 24,
            "sorting_vertical_padding_block_end": 40,
            "padding-block-start": 16,
            "padding-block-end": 16,
            "facets_margin_bottom": 8,
            "facets_margin_right": 30,
            "facets_margin_left": 20
          },
          "blocks": {
            "blog_post_sidebar_products_ggRB8x": {
              "type": "_blog-post-sidebar-products",
              "name": "Products",
              "settings": {
                "collapse": true,
                "collapse_icon": "icon-caret",
                "collapse_default": "open",
                "text": "<p>FEATURED PRODUCTS</p>",
                "layout": "slider",
                "limit": 8,
                "dots": true,
                "arrows": true,
                "columns_gap": 8,
                "rows_gap": 8
              },
              "blocks": {
                "product-slide-item": {
                  "type": "card-product-flex",
                  "static": true,
                  "settings": {
                    "product": "{{ closest.product }}",
                    "inherit_color_scheme": true,
                    "scheme_background": "#ffffff",
                    "scheme_background_gradient": "",
                    "scheme_foreground_heading": "#000000",
                    "scheme_foreground": "#000000",
                    "scheme_primary": "#000f9f",
                    "scheme_primary_hover": "#000000",
                    "scheme_border": "#e6e6e6",
                    "scheme_shadow": "#000000",
                    "border": "none",
                    "border_width": 1,
                    "border_opacity": 100,
                    "border_radius": 0,
                    "content_direction": "column",
                    "wrap": "no-wrap",
                    "align_items": "stretch",
                    "justify_content": "start",
                    "gap": 12,
                    "width": "fill",
                    "custom_width": 100,
                    "padding-block-start": 16,
                    "padding-block-end": 20,
                    "padding-inline-start": 0,
                    "padding-inline-end": 0
                  },
                  "blocks": {
                    "card_product_media_flex_H4W3wb": {
                      "type": "_card-product-media-flex",
                      "name": "Product media",
                      "settings": {
                        "product": "{{ closest.product }}",
                        "image_ratio": "adapt",
                        "show_secondary_image": true,
                        "width_option": "full",
                        "custom_width": 80,
                        "border": "none",
                        "border_width": 1,
                        "border_opacity": 100,
                        "border_radius": 0
                      },
                      "blocks": {}
                    },
                    "card_product_information_Ugzzdn": {
                      "type": "_card-product-information",
                      "name": "Group: Product Information",
                      "settings": {
                        "width_option": "full",
                        "custom_width": 80,
                        "content_direction": "row",
                        "content_direction_mobile": "column",
                        "wrap": "wrap",
                        "wrap_tablet": "wrap",
                        "vertical_alignment": "center",
                        "horizontal_alignment": "flex-start",
                        "horizontal_alignment_flex_direction_column": "flex-start",
                        "vertical_alignment_flex_direction_column": "center",
                        "gap_y": 10,
                        "gap_x": 10,
                        "inherit_color_scheme": true,
                        "scheme_background": "#ffffff",
                        "scheme_background_gradient": "",
                        "scheme_foreground_heading": "#000000",
                        "scheme_foreground": "#000000",
                        "scheme_primary": "#000f9f",
                        "scheme_primary_hover": "#000000",
                        "scheme_border": "#e6e6e6",
                        "scheme_shadow": "#000000",
                        "padding_top": 20,
                        "padding_right": 0,
                        "padding_bottom": 0,
                        "padding_left": 0
                      },
                      "blocks": {
                        "card_product_title_flex_pKetyW": {
                          "type": "_card-product-title-flex",
                          "name": "Product title",
                          "settings": {
                            "product": "{{ closest.product }}",
                            "width": "fit-content",
                            "unit": "percent",
                            "custom_width": 100,
                            "custom_width_pixel": 500,
                            "alignment": "left",
                            "clamp": false,
                            "clamp_row": 2,
                            "type_preset": "rte",
                            "font": "var(--font-body--family)",
                            "font_size": "1.6rem",
                            "line_height": "normal",
                            "letter_spacing": "normal",
                            "case": "none",
                            "wrap": "pretty",
                            "padding-block-start": 0,
                            "padding-block-end": 0,
                            "padding-inline-end": 0,
                            "padding-inline-start": 0
                          },
                          "blocks": {}
                        },
                        "card_product_price_flex_9pjeRD": {
                          "type": "_card-product-price-flex",
                          "name": "Product price",
                          "settings": {
                            "product": "{{ closest.product }}",
                            "type_preset": "",
                            "width": "fit-content",
                            "alignment": "left",
                            "font": "var(--font-body--family)",
                            "font_size": "1.6rem",
                            "line_height": "normal",
                            "letter_spacing": "normal",
                            "case": "none",
                            "padding-block-start": 0,
                            "padding-block-end": 0,
                            "padding-inline-start": 0,
                            "padding-inline-end": 0
                          },
                          "blocks": {}
                        }
                      },
                      "block_order": [
                        "card_product_title_flex_pKetyW",
                        "card_product_price_flex_9pjeRD"
                      ]
                    }
                  },
                  "block_order": [
                    "card_product_media_flex_H4W3wb",
                    "card_product_information_Ugzzdn"
                  ]
                }
              },
              "block_order": []
            },
            "blog_post_sidebar_image_MPfpni": {
              "type": "_blog-post-sidebar-image",
              "name": "Image",
              "settings": {
                "collapse": false,
                "collapse_default": "close",
                "text": "",
                "link": ""
              },
              "blocks": {}
            },
            "blog_post_sidebar_image_yNgcP9": {
              "type": "_blog-post-sidebar-image",
              "name": "Image",
              "settings": {
                "collapse": false,
                "collapse_default": "close",
                "text": "",
                "link": ""
              },
              "blocks": {}
            },
            "blog_post_sidebar_text_QgiPNy": {
              "type": "_blog-post-sidebar-text",
              "name": "Custom text",
              "settings": {
                "collapse": true,
                "collapse_default": "close",
                "text": "<p>Custom block</p>",
                "content": "Custom CMS block displayed at the left sidebar on the Catalog Page. Put your own content here: text, html, images, media... or whatever you like.\n\nThere are many similar sample content placeholders across the store. All editable from admin panel."
              },
              "blocks": {}
            },
            "static-collection-categories": {
              "type": "_blog-post-sidebar-category",
              "static": true,
              "settings": {
                "collapse": true,
                "collapse_default": "close",
                "text": "<p>Categories</p>",
                "type": "3_level",
                "link_list": "main-menu"
              },
              "blocks": {}
            }
          },
          "block_order": [
            "blog_post_sidebar_products_ggRB8x",
            "blog_post_sidebar_image_MPfpni",
            "blog_post_sidebar_image_yNgcP9",
            "blog_post_sidebar_text_QgiPNy"
          ]
        },
        "collection-header": {
          "type": "_collection-header",
          "static": true,
          "settings": {
            "padding-block-start": 0,
            "padding-block-end": 20,
            "padding-inline-start": 0,
            "padding-inline-end": 0
          },
          "blocks": {
            "collection_header_image_Jtintk": {
              "type": "_collection_header_image",
              "name": "t:names.image",
              "settings": {
                "link": "",
                "hide_on_mobile": false,
                "image_ratio": "adapt",
                "width": "custom",
                "unit": "percent",
                "custom_width": 100,
                "custom_width_pixel": 100,
                "width_tablet": "custom",
                "unit_tablet": "percent",
                "custom_width_tablet": 100,
                "custom_width_tablet_pixel": 100,
                "width_mobile": "custom",
                "unit_mobile": "percent",
                "custom_width_mobile": 100,
                "custom_width_mobile_pixel": 100,
                "height": "fit",
                "border": "none",
                "border_width": 1,
                "border_opacity": 100,
                "border_radius": 0,
                "animation_type": "zoom-out",
                "padding-block-start": 0,
                "padding-inline-end": 0,
                "padding-block-end": 0,
                "padding-inline-start": 0
              },
              "blocks": {}
            },
            "text_NKnynq": {
              "type": "text",
              "name": "t:names.heading",
              "settings": {
                "text": "<h1>{{ closest.collection.title }}</h1>",
                "typing_text": false,
                "primary_text": "Welcome to our store!",
                "secondary_text": "Exclusive offers just for you.",
                "third_text": "Shop now and enjoy deals!",
                "highlight_text": false,
                "highlight_text_content": "",
                "highlight_text_type": "text",
                "underline_height": 18,
                "underline_offset": 20,
                "highlight_text_color": "#000000",
                "highlight_underline_color": "#000000",
                "spacing_text": false,
                "spacing_text_content": "",
                "spacing_text_left": 0,
                "spacing_text_right": 0,
                "stroke_text": false,
                "stroke_text_content": "",
                "width": "fit-content",
                "unit": "percent",
                "custom_width": 100,
                "custom_width_pixel": 500,
                "inherit_text_alignment": true,
                "justify_alignment": false,
                "alignment": "left",
                "width_tablet": "fit-content",
                "unit_tablet": "percent",
                "custom_width_tablet": 100,
                "custom_width_tablet_pixel": 100,
                "inherit_text_alignment_tablet": true,
                "justify_alignment_tablet": false,
                "alignment_tablet": "left",
                "width_mobile": "fit-content",
                "unit_mobile": "percent",
                "custom_width_mobile": 100,
                "custom_width_mobile_pixel": 100,
                "inherit_text_alignment_mobile": true,
                "justify_alignment_mobile": false,
                "alignment_mobile": "left",
                "type_preset": "custom",
                "font": "var(--font-heading--family)",
                "font_size": "3.0rem",
                "line_height": "normal",
                "letter_spacing": "normal",
                "case": "uppercase",
                "wrap": "pretty",
                "color": "var(--color-foreground-heading)",
                "background": false,
                "background_color": "#00000026",
                "enable_border": false,
                "enable_border_bottom": false,
                "border": "none",
                "border_width": 0,
                "border_width_type": "100%",
                "border_custom_width": 100,
                "border_radius": 0,
                "text_effect": "none",
                "animation_repeat": false,
                "padding-block-start": 24,
                "padding-block-end": 0,
                "padding-inline-start": 0,
                "padding-inline-end": 0
              },
              "blocks": {}
            },
            "text_RPNaLa": {
              "type": "text",
              "name": "t:names.text",
              "settings": {
                "text": "{{ closest.collection.description }}",
                "collection_description_only": true,
                "collapse_text": true,
                "typing_text": false,
                "primary_text": "Welcome to our store!",
                "secondary_text": "Exclusive offers just for you.",
                "third_text": "Shop now and enjoy deals!",
                "highlight_text": false,
                "highlight_text_content": "",
                "highlight_text_type": "text",
                "underline_height": 18,
                "underline_offset": 20,
                "highlight_text_color": "#000000",
                "highlight_underline_color": "#000000",
                "spacing_text": false,
                "spacing_text_content": "",
                "spacing_text_left": 0,
                "spacing_text_right": 0,
                "stroke_text": false,
                "stroke_text_content": "",
                "width": "fit-content",
                "unit": "percent",
                "custom_width": 100,
                "custom_width_pixel": 500,
                "inherit_text_alignment": true,
                "justify_alignment": false,
                "alignment": "left",
                "width_tablet": "fit-content",
                "unit_tablet": "percent",
                "custom_width_tablet": 100,
                "custom_width_tablet_pixel": 100,
                "inherit_text_alignment_tablet": true,
                "justify_alignment_tablet": false,
                "alignment_tablet": "left",
                "width_mobile": "fit-content",
                "unit_mobile": "percent",
                "custom_width_mobile": 100,
                "custom_width_mobile_pixel": 100,
                "inherit_text_alignment_mobile": true,
                "justify_alignment_mobile": false,
                "alignment_mobile": "left",
                "type_preset": "rte",
                "font": "var(--font-body--family)",
                "font_size": "1.6rem",
                "line_height": "normal",
                "letter_spacing": "normal",
                "case": "none",
                "wrap": "pretty",
                "color": "var(--color-foreground)",
                "background": false,
                "background_color": "#00000026",
                "enable_border": false,
                "enable_border_bottom": false,
                "border": "none",
                "border_width": 0,
                "border_width_type": "100%",
                "border_custom_width": 100,
                "border_radius": 0,
                "text_effect": "none",
                "animation_repeat": false,
                "padding-block-start": 16,
                "padding-block-end": 0,
                "padding-inline-start": 0,
                "padding-inline-end": 0
              },
              "blocks": {}
            }
          },
          "block_order": [
            "collection_header_image_Jtintk",
            "text_NKnynq",
            "text_RPNaLa"
          ]
        },
        "product-card": {
          "type": "_product-card",
          "static": true,
          "settings": {
            "inherit_color_scheme": true,
            "scheme_background": "#ffffff",
            "scheme_background_gradient": "",
            "scheme_foreground_heading": "#000000",
            "scheme_foreground": "#000000",
            "scheme_primary": "#000f9f",
            "scheme_primary_hover": "#000000",
            "scheme_border": "#e6e6e6",
            "scheme_shadow": "#000000",
            "content_direction": "column",
            "wrap": "no-wrap",
            "align_items": "stretch",
            "justify_content": "start",
            "gap": 10
          },
          "blocks": {
            "card-product-media": {
              "type": "_card-product-media",
              "static": true,
              "settings": {
                "image_ratio": "square",
                "show_secondary_image": true,
                "enable_quick_add": true,
                "width_option": "full",
                "custom_width": 80
              },
              "blocks": {}
            },
            "card-product-information": {
              "type": "_card-product-information",
              "static": true,
              "settings": {
                "width_option": "full",
                "custom_width": 80,
                "content_direction": "column",
                "content_direction_mobile": "column",
                "wrap": "wrap",
                "wrap_tablet": "wrap",
                "vertical_alignment": "center",
                "horizontal_alignment": "flex-start",
                "horizontal_alignment_flex_direction_column": "flex-start",
                "vertical_alignment_flex_direction_column": "center",
                "gap_y": 10,
                "gap_x": 10,
                "inherit_color_scheme": true,
                "scheme_background": "#ffffff",
                "scheme_background_gradient": "",
                "scheme_foreground_heading": "#000000",
                "scheme_foreground": "#000000",
                "scheme_primary": "#000f9f",
                "scheme_primary_hover": "#000000",
                "scheme_border": "#e6e6e6",
                "scheme_shadow": "#000000",
                "padding_top": 0,
                "padding_right": 0,
                "padding_bottom": 0,
                "padding_left": 0
              },
              "blocks": {
                "card_product_vendor_flex_Y9XPVi": {
                  "type": "_card-product-vendor-flex",
                  "name": "Product vendor",
                  "settings": {
                    "product": "{{ closest.product }}",
                    "width": "fit-content",
                    "alignment": "left",
                    "type_preset": "rte",
                    "font": "var(--font-body--family)",
                    "font_size": "1.6rem",
                    "letter_spacing": "normal",
                    "case": "none",
                    "wrap": "pretty",
                    "padding-block-start": 0,
                    "padding-block-end": 0,
                    "padding-inline-end": 0,
                    "padding-inline-start": 0
                  },
                  "blocks": {}
                },
                "card_product_title_flex_DiBw9p": {
                  "type": "_card-product-title-flex",
                  "name": "Product title",
                  "settings": {
                    "product": "{{ closest.product }}",
                    "width": "fit-content",
                    "unit": "percent",
                    "custom_width": 100,
                    "custom_width_pixel": 500,
                    "alignment": "left",
                    "clamp": false,
                    "clamp_row": 2,
                    "type_preset": "rte",
                    "font": "var(--font-body--family)",
                    "font_size": "1.6rem",
                    "line_height": "normal",
                    "letter_spacing": "normal",
                    "case": "none",
                    "wrap": "pretty",
                    "padding-block-start": 0,
                    "padding-block-end": 0,
                    "padding-inline-end": 0,
                    "padding-inline-start": 0
                  },
                  "blocks": {}
                },
                "card_product_price_flex_YQLH8i": {
                  "type": "_card-product-price-flex",
                  "name": "Product price",
                  "settings": {
                    "product": "{{ closest.product }}",
                    "type_preset": "",
                    "width": "fit-content",
                    "alignment": "left",
                    "font": "var(--font-body--family)",
                    "font_size": "1.6rem",
                    "line_height": "normal",
                    "letter_spacing": "normal",
                    "case": "none",
                    "padding-block-start": 0,
                    "padding-block-end": 0,
                    "padding-inline-start": 0,
                    "padding-inline-end": 0
                  },
                  "blocks": {}
                },
                "card_product_variant_flex_nJPt9y": {
                  "type": "_card-product-variant-flex",
                  "name": "Product variant",
                  "settings": {
                    "product": "{{ closest.product }}",
                    "padding-block-start": 0,
                    "padding-block-end": 0,
                    "padding-inline-start": 0,
                    "padding-inline-end": 0
                  },
                  "blocks": {}
                }
              },
              "block_order": [
                "card_product_vendor_flex_Y9XPVi",
                "card_product_title_flex_DiBw9p",
                "card_product_price_flex_YQLH8i",
                "card_product_variant_flex_nJPt9y"
              ]
            }
          },
          "block_order": []
        }
      },
      "settings": {
        "layout_type": "grid",
        "products_per_page": 24,
        "product_card_size": "medium",
        "color_scheme": "scheme-1",
        "product_grid_width": "centered",
        "full_width_on_mobile": true,
        "columns_gap_horizontal": 30,
        "columns_gap_vertical": 30,
        "padding-inline-start": 0,
        "padding-inline-end": 0,
        "pagination_type": "pagination",
        "padding-block-start-pagination": 50,
        "padding-block-end-pagination": 0,
        "padding_top": 36,
        "padding_bottom": 60
      }
    },
    "section_HbFpjx": {
      "type": "section",
      "blocks": {
        "divider_P9KCbQ": {
          "type": "_divider",
          "name": "t:names.divider",
          "settings": {
            "thickness": 1,
            "corner_radius": "square",
            "width_percent": 100,
            "alignment_horizontal": "center",
            "padding-block-start": 10,
            "padding-block-end": 10
          },
          "blocks": {}
        }
      },
      "block_order": [
        "divider_P9KCbQ"
      ],
      "name": "t:names.custom_section",
      "settings": {
        "content_direction": "column",
        "content_direction_mobile": "column",
        "wrap": "no-wrap",
        "horizontal_alignment": "flex-start",
        "vertical_alignment": "center",
        "align_baseline": false,
        "horizontal_alignment_flex_direction_column": "flex-start",
        "vertical_alignment_flex_direction_column": "center",
        "gap": 12,
        "section_width": "page-width",
        "page_width_custom": 1570,
        "section_height": "",
        "section_height_custom": 50,
        "section_height_mobile": "",
        "section_height_mobile_custom": 50,
        "color_scheme": "",
        "background_media": "none",
        "video_position": "cover",
        "background_image_position": "cover",
        "border": "none",
        "border_width": 1,
        "border_opacity": 100,
        "border_radius": 0,
        "toggle_overlay": false,
        "overlay_color": "#00000026",
        "overlay_style": "solid",
        "gradient_direction": "to top",
        "image_behavior": "none",
        "padding-block-start": 0,
        "padding-block-end": 0,
        "padding-inline-start": 0,
        "padding-inline-end": 0
      }
    },
    "recently_viewed_products_PjBQye": {
      "type": "recently-viewed-products",
      "blocks": {
        "section-header": {
          "type": "_section-header",
          "static": true,
          "settings": {
            "content_direction": "row",
            "content_direction_mobile": "column",
            "horizontal_alignment": "flex-start",
            "vertical_alignment": "center",
            "align_baseline": false,
            "horizontal_alignment_flex_direction_column": "flex-start",
            "vertical_alignment_flex_direction_column": "center",
            "horizontal_alignment_mobile": "flex-start",
            "vertical_alignment_mobile": "center",
            "horizontal_alignment_flex_direction_column_mobile": "flex-start",
            "vertical_alignment_flex_direction_column_mobile": "center",
            "gap": 16,
            "width": "fill",
            "custom_width": 100,
            "inherit_color_scheme": true,
            "scheme_background": "#ffffff",
            "scheme_background_gradient": "",
            "scheme_foreground_heading": "#000000",
            "scheme_foreground": "#000000",
            "scheme_primary": "#000f9f",
            "scheme_primary_hover": "#000000",
            "scheme_border": "#e6e6e6",
            "scheme_shadow": "#000000",
            "border": "none",
            "border_width": 1,
            "border_opacity": 0,
            "border_radius": 0,
            "margin_top": 0,
            "margin_bottom": 0,
            "padding-block-start": 0,
            "padding-inline-end": 0,
            "padding-block-end": 40,
            "padding-inline-start": 0
          },
          "blocks": {
            "collection_title_tXzTjf": {
              "type": "_collection_title",
              "settings": {
                "text": "<h2>Recently viewed products</h2>",
                "width": "100%",
                "alignment": "left",
                "type_preset": "custom",
                "font": "var(--font-heading--family)",
                "font_size": "2.0rem",
                "letter_spacing": "normal",
                "case": "none",
                "wrap": "pretty",
                "border": "none",
                "border_width": 2,
                "padding-block-start": 0,
                "padding-inline-end": 0,
                "padding-block-end": 0,
                "padding-inline-start": 0
              },
              "blocks": {}
            }
          },
          "block_order": [
            "collection_title_tXzTjf"
          ]
        },
        "product-slide-item": {
          "type": "card-product-flex",
          "name": "Product card",
          "static": true,
          "settings": {
            "product": "{{ closest.product }}",
            "inherit_color_scheme": true,
            "scheme_background": "#ffffff",
            "scheme_background_gradient": "",
            "scheme_foreground_heading": "#000000",
            "scheme_foreground": "#000000",
            "scheme_primary": "#000f9f",
            "scheme_primary_hover": "#000000",
            "scheme_border": "#e6e6e6",
            "scheme_shadow": "#000000",
            "border": "none",
            "border_width": 1,
            "border_opacity": 100,
            "border_radius": 0,
            "content_direction": "column",
            "wrap": "no-wrap",
            "align_items": "stretch",
            "justify_content": "start",
            "gap": 12,
            "width": "fill",
            "custom_width": 100,
            "padding-block-start": 0,
            "padding-block-end": 0,
            "padding-inline-start": 0,
            "padding-inline-end": 0
          },
          "blocks": {
            "card_product_media_flex_Tca7zp": {
              "type": "_card-product-media-flex",
              "name": "Group: Product media",
              "settings": {
                "product": "{{ closest.product }}",
                "image_ratio": "adapt",
                "show_secondary_image": true,
                "width_option": "full",
                "custom_width": 80,
                "border": "none",
                "border_width": 1,
                "border_opacity": 100,
                "border_radius": 0
              },
              "blocks": {}
            },
            "card_product_information_jEdy9c": {
              "type": "_card-product-information",
              "name": "Group: Information",
              "settings": {
                "width_option": "full",
                "custom_width": 80,
                "content_direction": "column",
                "content_direction_mobile": "column",
                "wrap": "wrap",
                "wrap_tablet": "wrap",
                "vertical_alignment": "center",
                "horizontal_alignment": "flex-start",
                "horizontal_alignment_flex_direction_column": "flex-start",
                "vertical_alignment_flex_direction_column": "center",
                "gap_y": 10,
                "gap_x": 10,
                "inherit_color_scheme": true,
                "scheme_background": "#ffffff",
                "scheme_background_gradient": "",
                "scheme_foreground_heading": "#000000",
                "scheme_foreground": "#000000",
                "scheme_primary": "#000f9f",
                "scheme_primary_hover": "#000000",
                "scheme_border": "#e6e6e6",
                "scheme_shadow": "#000000",
                "padding_top": 0,
                "padding_right": 0,
                "padding_bottom": 0,
                "padding_left": 0
              },
              "blocks": {
                "card_product_vendor_flex_NDfAGA": {
                  "type": "_card-product-vendor-flex",
                  "settings": {
                    "product": "{{ closest.product }}",
                    "width": "fit-content",
                    "alignment": "left",
                    "type_preset": "rte",
                    "font": "var(--font-body--family)",
                    "font_size": "1.6rem",
                    "letter_spacing": "normal",
                    "case": "none",
                    "wrap": "pretty",
                    "padding-block-start": 0,
                    "padding-block-end": 0,
                    "padding-inline-end": 0,
                    "padding-inline-start": 0
                  },
                  "blocks": {}
                },
                "card_product_title_flex_yLneBy": {
                  "type": "_card-product-title-flex",
                  "settings": {
                    "product": "{{ closest.product }}",
                    "width": "fit-content",
                    "unit": "percent",
                    "custom_width": 100,
                    "custom_width_pixel": 500,
                    "alignment": "left",
                    "clamp": false,
                    "clamp_row": 2,
                    "type_preset": "rte",
                    "font": "var(--font-body--family)",
                    "font_size": "1.6rem",
                    "line_height": "normal",
                    "letter_spacing": "normal",
                    "case": "none",
                    "wrap": "pretty",
                    "padding-block-start": 0,
                    "padding-block-end": 0,
                    "padding-inline-end": 0,
                    "padding-inline-start": 0
                  },
                  "blocks": {}
                },
                "card_product_price_flex_CyhraW": {
                  "type": "_card-product-price-flex",
                  "settings": {
                    "product": "{{ closest.product }}",
                    "type_preset": "",
                    "width": "fit-content",
                    "alignment": "left",
                    "font": "var(--font-body--family)",
                    "font_size": "1.6rem",
                    "line_height": "normal",
                    "letter_spacing": "normal",
                    "case": "none",
                    "padding-block-start": 0,
                    "padding-block-end": 0,
                    "padding-inline-start": 0,
                    "padding-inline-end": 0
                  },
                  "blocks": {}
                },
                "card_product_variant_flex_z4m7cV": {
                  "type": "_card-product-variant-flex",
                  "settings": {
                    "product": "{{ closest.product }}",
                    "padding-block-start": 0,
                    "padding-block-end": 0,
                    "padding-inline-start": 0,
                    "padding-inline-end": 0
                  },
                  "blocks": {}
                }
              },
              "block_order": [
                "card_product_vendor_flex_NDfAGA",
                "card_product_title_flex_yLneBy",
                "card_product_price_flex_CyhraW",
                "card_product_variant_flex_z4m7cV"
              ]
            }
          },
          "block_order": [
            "card_product_media_flex_Tca7zp",
            "card_product_information_jEdy9c"
          ]
        }
      },
      "name": "t:names.recently_viewed_products",
      "settings": {
        "layout_type": "carousel",
        "carousel_on_mobile": false,
        "products_to_show": 8,
        "columns_desktop": 4,
        "columns_gap": 12,
        "rows_gap": 24,
        "loop": false,
        "full_width": false,
        "navigation": "arrows",
        "arrows_position": "inside",
        "pagination_type": "bullets",
        "dots_top_offset": 40,
        "progress_top_offset": 40,
        "columns_mobile": "2",
        "section_width": "page-width",
        "page_width_custom": 1570,
        "color_scheme": "",
        "padding-block-start": 40,
        "padding-block-end": 48,
        "padding-inline-start": 0,
        "padding-inline-end": 0
      }
    }
  },
  "order": [
    "breadcrumb_ztwnCj",
    "product-grid",
    "section_HbFpjx",
    "recently_viewed_products_PjBQye"
  ]
}
