{"sections":{"banner":{"type":"main-collection-banner","blocks":{"breadcrumb_EKT3dP":{"type":"_breadcrumb","name":"Breadcrumb","settings":{"separator":"caret","horizontal_alignment":"center","gap":12,"font_size":"1.6rem","width":"fill","custom_width":100,"width_mobile":"fill","custom_width_mobile":100,"inherit_color_scheme":true,"scheme_background":"#ffffff","scheme_background_gradient":"","scheme_foreground_heading":"#000000","scheme_foreground":"#000000","scheme_primary":"#000f9f","scheme_primary_hover":"#000000","scheme_border":"#e6e6e6","scheme_shadow":"#000000","background_media":"none","video_position":"cover","background_image_position":"cover","content_overlay":false,"image_ratio":"adapt","border":"none","border_width":1,"border_radius":0,"toggle_overlay":false,"overlay_color":"#00000026","extend_left_overlay":false,"extend_right_overlay":false,"overlay_style":"solid","gradient_direction":"to top","padding-block-start":24,"padding-block-end":24,"padding-inline-start":0,"padding-inline-end":0},"blocks":{}},"text_QYCLHk":{"type":"text","name":"t:names.heading","settings":{"text":"<h1>{{ closest.collection.title }}<\/h1>","typing_text":false,"primary_text":"Welcome to our store!","secondary_text":"Exclusive offers just for you.","third_text":"Shop now and enjoy deals!","highlight_text":false,"highlight_text_content":"","highlight_text_type":"text","underline_height":18,"underline_offset":20,"highlight_text_color":"#000000","highlight_underline_color":"#000000","spacing_text":false,"spacing_text_content":"","spacing_text_left":0,"spacing_text_right":0,"stroke_text":false,"stroke_text_content":"","width":"100%","unit":"percent","custom_width":100,"custom_width_pixel":500,"inherit_text_alignment":false,"justify_alignment":false,"alignment":"center","width_tablet":"100%","unit_tablet":"percent","custom_width_tablet":100,"custom_width_tablet_pixel":100,"inherit_text_alignment_tablet":false,"justify_alignment_tablet":false,"alignment_tablet":"center","width_mobile":"100%","unit_mobile":"percent","custom_width_mobile":100,"custom_width_mobile_pixel":100,"inherit_text_alignment_mobile":false,"justify_alignment_mobile":false,"alignment_mobile":"center","type_preset":"custom","font":"var(--font-heading--family)","font_size":"2.4rem","line_height":"normal","letter_spacing":"normal","case":"uppercase","wrap":"pretty","color":"var(--color-foreground)","background":false,"background_color":"#00000026","enable_border":false,"enable_border_bottom":false,"border":"none","border_width":0,"border_width_type":"100%","border_custom_width":100,"border_radius":0,"text_effect":"none","animation_repeat":false,"padding-block-start":26,"padding-block-end":20,"padding-inline-start":0,"padding-inline-end":0},"blocks":{}},"text_Lw7jtn":{"type":"text","name":"t:names.text","settings":{"text":"{{ closest.collection.description }}","collection_description_only":true,"collapse_text":true,"typing_text":false,"primary_text":"Welcome to our store!","secondary_text":"Exclusive offers just for you.","third_text":"Shop now and enjoy deals!","highlight_text":false,"highlight_text_content":"","highlight_text_type":"text","underline_height":18,"underline_offset":20,"highlight_text_color":"#000000","highlight_underline_color":"#000000","spacing_text":false,"spacing_text_content":"","spacing_text_left":0,"spacing_text_right":0,"stroke_text":false,"stroke_text_content":"","width":"custom","unit":"percent","custom_width":57,"custom_width_pixel":500,"inherit_text_alignment":false,"justify_alignment":false,"alignment":"center","width_tablet":"100%","unit_tablet":"percent","custom_width_tablet":100,"custom_width_tablet_pixel":100,"inherit_text_alignment_tablet":false,"justify_alignment_tablet":false,"alignment_tablet":"center","width_mobile":"100%","unit_mobile":"percent","custom_width_mobile":100,"custom_width_mobile_pixel":100,"inherit_text_alignment_mobile":false,"justify_alignment_mobile":false,"alignment_mobile":"center","type_preset":"rte","font":"var(--font-body--family)","font_size":"1.6rem","line_height":"normal","letter_spacing":"normal","case":"none","wrap":"pretty","color":"var(--color-foreground)","background":false,"background_color":"#00000026","enable_border":false,"enable_border_bottom":false,"border":"none","border_width":0,"border_width_type":"100%","border_custom_width":100,"border_radius":0,"text_effect":"none","animation_repeat":false,"padding-block-start":0,"padding-block-end":20,"padding-inline-start":0,"padding-inline-end":0},"blocks":{}}},"block_order":["breadcrumb_EKT3dP","text_QYCLHk","text_Lw7jtn"],"settings":{"content_stacked":false,"page_width":"full-width","section_height":"adapt","alignment":"center","vertical_alignment":"center","color_scheme":"scheme-1","show_collection_image":true,"image_overlay_opacity":40,"color_scheme_image":"scheme-1"}},"section_dWjRCJ":{"type":"section","blocks":{"group_Xcctzc":{"type":"group","name":"t:names.group","settings":{"link":"","open_in_new_tab":false,"content_direction":"row","content_direction_mobile":"column","horizontal_alignment":"center","vertical_alignment":"center","align_baseline":false,"horizontal_alignment_flex_direction_column":"flex-start","vertical_alignment_flex_direction_column":"center","horizontal_alignment_mobile":"flex-start","vertical_alignment_mobile":"center","horizontal_alignment_flex_direction_column_mobile":"center","vertical_alignment_flex_direction_column_mobile":"center","gap":40,"width":"fill","custom_width":100,"width_tablet":"fill","custom_width_tablet":100,"width_mobile":"fill","custom_width_mobile":100,"height":"fit","custom_height":100,"inherit_color_scheme":false,"scheme_background":"#ffffff","scheme_background_gradient":"","scheme_foreground_heading":"#000000","scheme_foreground":"#000000","scheme_primary":"#000f9f","scheme_primary_hover":"#000000","scheme_border":"#e6e6e6","scheme_shadow":"#000000","background_media":"none","video_position":"cover","background_image_position":"cover","content_overlay":false,"image_ratio":"adapt","border":"none","border_width":1,"border_opacity":0,"border_radius":0,"toggle_overlay":false,"overlay_color":"#00000026","extend_left_overlay":false,"extend_right_overlay":false,"overlay_style":"solid","gradient_direction":"to top","enable_parallax":"false","disable_parallax_mobile":false,"parallax_speed":0.5,"horizontal_position":0,"vertical_position":0,"shadow_color":"rgba(0,0,0,0)","shadow_horizontal_offset":0,"shadow_vertical_offset":0,"shadow_blur":0,"spread_radius":0,"margin-block-start":0,"margin-block-start-mobile":0,"margin-block-end":0,"margin-block-end-mobile":0,"margin-inline-start":0,"margin-inline-start-mobile":0,"margin-inline-end":0,"margin-inline-end-mobile":0,"padding-block-start":16,"padding-block-end":16,"padding-inline-start":0,"padding-inline-end":0},"blocks":{"text_WwU9XJ":{"type":"text","name":"t:names.text","settings":{"text":"<p>JUMP TO: <\/p>","typing_text":false,"primary_text":"Welcome to our store!","secondary_text":"Exclusive offers just for you.","third_text":"Shop now and enjoy deals!","highlight_text":true,"highlight_text_content":"","highlight_text_type":"text","underline_height":18,"underline_offset":20,"highlight_text_color":"#dc2626","highlight_underline_color":"#000000","spacing_text":false,"spacing_text_content":"","spacing_text_left":0,"spacing_text_right":0,"stroke_text":false,"stroke_text_content":"","width":"fit-content","unit":"percent","custom_width":100,"custom_width_pixel":500,"inherit_text_alignment":true,"justify_alignment":false,"alignment":"left","width_tablet":"fit-content","unit_tablet":"percent","custom_width_tablet":100,"custom_width_tablet_pixel":100,"inherit_text_alignment_tablet":true,"justify_alignment_tablet":false,"alignment_tablet":"left","width_mobile":"fit-content","unit_mobile":"percent","custom_width_mobile":100,"custom_width_mobile_pixel":100,"inherit_text_alignment_mobile":true,"justify_alignment_mobile":false,"alignment_mobile":"left","type_preset":"rte","font":"var(--font-body--family)","font_size":"1.6rem","line_height":"normal","letter_spacing":"normal","case":"none","wrap":"pretty","color":"var(--color-foreground)","background":false,"background_color":"#00000026","enable_border":false,"enable_border_bottom":true,"border":"solid","border_width":1,"border_width_type":"100%","border_custom_width":100,"border_radius":0,"text_effect":"none","animation_repeat":false,"padding-block-start":0,"padding-block-end":0,"padding-inline-start":0,"padding-inline-end":0},"blocks":{}},"menu_LVxVkr":{"type":"menu","name":"t:names.menu","settings":{"menu":"main-menu","heading":"","margin-block-end":10,"content_direction":"row","content_direction_mobile":"row","width":"fit-content","custom_width":100,"width_mobile":"fit-content","custom_width_mobile":100,"menu_spacing":40,"accordion_item_dividers":false,"show_as_accordion":false,"accordion_icon":"caret","accordion_heading_dividers":false,"inherit_color_scheme":true,"scheme_background":"#ffffff","scheme_background_gradient":"","scheme_foreground_heading":"#000000","scheme_foreground":"#000000","scheme_primary":"#000f9f","scheme_primary_hover":"#000000","scheme_border":"#e6e6e6","scheme_shadow":"#000000","heading_preset":"h3","link_preset":"paragraph","padding-block-start":0,"padding-block-end":0,"padding-inline-start":0,"padding-inline-end":0},"blocks":{}}},"block_order":["text_WwU9XJ","menu_LVxVkr"]}},"block_order":["group_Xcctzc"],"name":"t:names.custom_section","settings":{"content_direction":"column","content_direction_mobile":"column","wrap":"no-wrap","horizontal_alignment":"flex-start","vertical_alignment":"center","align_baseline":false,"horizontal_alignment_flex_direction_column":"flex-start","vertical_alignment_flex_direction_column":"center","gap":12,"section_width":"full-width","page_width_custom":1570,"section_height":"","section_height_custom":50,"section_height_mobile":"","section_height_mobile_custom":50,"color_scheme":"","background_media":"none","video_position":"cover","background_image_position":"cover","border":"none","border_width":1,"border_radius":0,"toggle_overlay":false,"overlay_color":"#00000026","overlay_style":"solid","gradient_direction":"to top","image_behavior":"none","padding-block-start":0,"padding-block-end":0,"padding-inline-start":0,"padding-inline-end":0}},"product-grid-banner-adv":{"type":"main-collection-product-grid-banner-adv","blocks":{"filters":{"type":"filters","static":true,"settings":{"filter_style":"horizontal","filter_position":"right","filter_width":"full-width","heading_label_case":"uppercase","text_label_case":"uppercase","style":"frame","enable_hover_reveal":true,"enable_divider":true,"divider_spacing_top":20,"divider_spacing_bottom":20,"divider_color":"#000000","inherit_color_scheme":true,"scheme_background":"#ffffff","scheme_background_gradient":"","scheme_foreground_heading":"#000000","scheme_foreground":"#000000","scheme_primary":"#000f9f","scheme_primary_hover":"#000000","scheme_border":"#e6e6e6","scheme_shadow":"#000000","enable_filtering":true,"filter_gap_vertical":20,"show_swatch_label":false,"show_filter_label":false,"filter_variant_pill":"Size","filter_swatch":"Color","show_filter_by_tags_sidebar":false,"filter_label_all":"","number_filters":1,"fbt_heading_1":"","fbt_tags_list_1":"","fbt_heading_2":"","fbt_tags_list_2":"","fbt_heading_3":"","fbt_tags_list_3":"","fbt_heading_4":"","fbt_tags_list_4":"","fbt_heading_5":"","fbt_tags_list_5":"","enable_divider_sorting_vertical":true,"enable_sorting":true,"enable_items_per_page":true,"enable_grid_density":true,"sorting_vertical_padding_block_start":24,"sorting_vertical_padding_block_end":40,"padding-block-start":16,"padding-block-end":16,"facets_margin_bottom":8,"facets_margin_right":30,"facets_margin_left":20},"blocks":{"blog_post_sidebar_products_ggRB8x":{"type":"_blog-post-sidebar-products","name":"Products","settings":{"collapse":true,"collapse_icon":"icon-caret","collapse_default":"open","text":"<p>Featured Products<\/p>","layout":"slider","limit":8,"dots":false,"arrows":true,"columns_gap":8,"rows_gap":8},"blocks":{"product-slide-item":{"type":"card-product-flex","static":true,"settings":{"product":"{{ closest.product }}","inherit_color_scheme":true,"scheme_background":"#ffffff","scheme_background_gradient":"","scheme_foreground_heading":"#000000","scheme_foreground":"#000000","scheme_primary":"#000f9f","scheme_primary_hover":"#000000","scheme_border":"#e6e6e6","scheme_shadow":"#000000","border":"none","border_width":1,"border_opacity":100,"border_radius":0,"content_direction":"column","wrap":"no-wrap","align_items":"stretch","justify_content":"start","gap":12,"width":"fill","custom_width":100,"padding-block-start":36,"padding-block-end":36,"padding-inline-start":0,"padding-inline-end":0},"blocks":{"card_product_media_flex_H4W3wb":{"type":"_card-product-media-flex","name":"Product media","settings":{"product":"{{ closest.product }}","image_ratio":"adapt","show_secondary_image":true,"width_option":"full","custom_width":80,"border":"none","border_width":1,"border_opacity":100,"border_radius":0},"blocks":{}},"card_product_information_Ugzzdn":{"type":"_card-product-information","name":"Group: Product Information","settings":{"width_option":"full","custom_width":80,"content_direction":"row","content_direction_mobile":"column","wrap":"wrap","wrap_tablet":"wrap","vertical_alignment":"center","horizontal_alignment":"flex-start","horizontal_alignment_flex_direction_column":"flex-start","vertical_alignment_flex_direction_column":"center","gap_y":10,"gap_x":10,"inherit_color_scheme":true,"scheme_background":"#ffffff","scheme_background_gradient":"","scheme_foreground_heading":"#000000","scheme_foreground":"#000000","scheme_primary":"#000f9f","scheme_primary_hover":"#000000","scheme_border":"#e6e6e6","scheme_shadow":"#000000","padding_top":20,"padding_right":0,"padding_bottom":0,"padding_left":0},"blocks":{"card_product_title_flex_pKetyW":{"type":"_card-product-title-flex","name":"Product title","settings":{"product":"{{ closest.product }}","width":"fit-content","unit":"percent","custom_width":100,"custom_width_pixel":500,"alignment":"left","clamp":false,"clamp_row":2,"type_preset":"rte","font":"var(--font-body--family)","font_size":"1.6rem","letter_spacing":"normal","case":"none","wrap":"pretty","padding-block-start":0,"padding-block-end":0,"padding-inline-end":0,"padding-inline-start":0},"blocks":{}},"card_product_price_flex_9pjeRD":{"type":"_card-product-price-flex","name":"Product price","settings":{"product":"{{ closest.product }}","type_preset":"","width":"fit-content","alignment":"left","font":"var(--font-body--family)","font_size":"1.6rem","line_height":"normal","letter_spacing":"normal","case":"none","padding-block-start":0,"padding-block-end":0,"padding-inline-start":0,"padding-inline-end":0},"blocks":{}}},"block_order":["card_product_title_flex_pKetyW","card_product_price_flex_9pjeRD"]}},"block_order":["card_product_media_flex_H4W3wb","card_product_information_Ugzzdn"]}},"block_order":[]},"blog_post_sidebar_text_QgiPNy":{"type":"_blog-post-sidebar-text","name":"Custom text","settings":{"collapse":true,"collapse_default":"close","text":"<p>Custom block<\/p>","content":"Custom CMS block displayed at the left sidebar on the Catalog Page. Put your own content here: text, html, images, media... or whatever you like.\n\nThere are many similar sample content placeholders across the store. All editable from admin panel."},"blocks":{}},"static-collection-categories":{"type":"_blog-post-sidebar-category","static":true,"settings":{"collapse":true,"collapse_default":"close","text":"<p>Categories<\/p>","type":"1_level","link_list":"main-menu"},"blocks":{}}},"block_order":["blog_post_sidebar_products_ggRB8x","blog_post_sidebar_text_QgiPNy"]},"collection-header":{"type":"_collection-header","disabled":true,"static":true,"settings":{"padding-block-start":0,"padding-block-end":20,"padding-inline-start":0,"padding-inline-end":0},"blocks":{"collection_header_image_Jtintk":{"type":"_collection_header_image","name":"t:names.image","settings":{"link":"","hide_on_mobile":false,"image_ratio":"adapt","width":"custom","unit":"percent","custom_width":100,"custom_width_pixel":100,"width_tablet":"custom","unit_tablet":"percent","custom_width_tablet":100,"custom_width_tablet_pixel":100,"width_mobile":"custom","unit_mobile":"percent","custom_width_mobile":100,"custom_width_mobile_pixel":100,"height":"fit","border":"none","border_width":1,"border_opacity":100,"border_radius":0,"animation_type":"zoom-out","padding-block-start":0,"padding-inline-end":0,"padding-block-end":0,"padding-inline-start":0},"blocks":{}},"text_NKnynq":{"type":"text","name":"t:names.heading","settings":{"text":"<h1>{{ closest.collection.title }}<\/h1>","typing_text":false,"primary_text":"Welcome to our store!","secondary_text":"Exclusive offers just for you.","third_text":"Shop now and enjoy deals!","highlight_text":false,"highlight_text_content":"","highlight_text_type":"text","underline_height":18,"underline_offset":20,"highlight_text_color":"#000000","highlight_underline_color":"#000000","spacing_text":false,"spacing_text_content":"","spacing_text_left":0,"spacing_text_right":0,"stroke_text":false,"stroke_text_content":"","width":"fit-content","unit":"percent","custom_width":100,"custom_width_pixel":500,"inherit_text_alignment":true,"justify_alignment":false,"alignment":"left","width_tablet":"fit-content","unit_tablet":"percent","custom_width_tablet":100,"custom_width_tablet_pixel":100,"inherit_text_alignment_tablet":true,"justify_alignment_tablet":false,"alignment_tablet":"left","width_mobile":"fit-content","unit_mobile":"percent","custom_width_mobile":100,"custom_width_mobile_pixel":100,"inherit_text_alignment_mobile":true,"justify_alignment_mobile":false,"alignment_mobile":"left","type_preset":"custom","font":"var(--font-heading--family)","font_size":"3.0rem","line_height":"normal","letter_spacing":"normal","case":"uppercase","wrap":"pretty","color":"var(--color-foreground-heading)","background":false,"background_color":"#00000026","enable_border":false,"enable_border_bottom":false,"border":"none","border_width":0,"border_width_type":"100%","border_custom_width":100,"border_radius":0,"text_effect":"none","animation_repeat":false,"padding-block-start":24,"padding-block-end":0,"padding-inline-start":0,"padding-inline-end":0},"blocks":{}},"text_RPNaLa":{"type":"text","name":"t:names.text","settings":{"text":"{{ closest.collection.description }}","collection_description_only":true,"collapse_text":true,"typing_text":false,"primary_text":"Welcome to our store!","secondary_text":"Exclusive offers just for you.","third_text":"Shop now and enjoy deals!","highlight_text":false,"highlight_text_content":"","highlight_text_type":"text","underline_height":18,"underline_offset":20,"highlight_text_color":"#000000","highlight_underline_color":"#000000","spacing_text":false,"spacing_text_content":"","spacing_text_left":0,"spacing_text_right":0,"stroke_text":false,"stroke_text_content":"","width":"fit-content","unit":"percent","custom_width":100,"custom_width_pixel":500,"inherit_text_alignment":true,"justify_alignment":false,"alignment":"left","width_tablet":"fit-content","unit_tablet":"percent","custom_width_tablet":100,"custom_width_tablet_pixel":100,"inherit_text_alignment_tablet":true,"justify_alignment_tablet":false,"alignment_tablet":"left","width_mobile":"fit-content","unit_mobile":"percent","custom_width_mobile":100,"custom_width_mobile_pixel":100,"inherit_text_alignment_mobile":true,"justify_alignment_mobile":false,"alignment_mobile":"left","type_preset":"rte","font":"var(--font-body--family)","font_size":"1.6rem","line_height":"normal","letter_spacing":"normal","case":"none","wrap":"pretty","color":"var(--color-foreground)","background":false,"background_color":"#00000026","enable_border":false,"enable_border_bottom":false,"border":"none","border_width":0,"border_width_type":"100%","border_custom_width":100,"border_radius":0,"text_effect":"none","animation_repeat":false,"padding-block-start":16,"padding-block-end":0,"padding-inline-start":0,"padding-inline-end":0},"blocks":{}}},"block_order":["collection_header_image_Jtintk","text_NKnynq","text_RPNaLa"]},"product-card":{"type":"_product-card","static":true,"settings":{"inherit_color_scheme":true,"scheme_background":"#ffffff","scheme_background_gradient":"","scheme_foreground_heading":"#000000","scheme_foreground":"#000000","scheme_primary":"#000f9f","scheme_primary_hover":"#000000","scheme_border":"#e6e6e6","scheme_shadow":"#000000","content_direction":"column","wrap":"no-wrap","align_items":"stretch","justify_content":"start","gap":10},"blocks":{"card-product-media":{"type":"_card-product-media","static":true,"settings":{"image_ratio":"adapt","show_secondary_image":true,"enable_quick_add":true,"width_option":"full","custom_width":80},"blocks":{}},"card-product-information":{"type":"_card-product-information","static":true,"settings":{"width_option":"full","custom_width":80,"content_direction":"column","content_direction_mobile":"column","wrap":"nowrap","wrap_tablet":"wrap","vertical_alignment":"center","horizontal_alignment":"flex-start","horizontal_alignment_flex_direction_column":"center","vertical_alignment_flex_direction_column":"flex-start","gap_y":10,"gap_x":10,"inherit_color_scheme":true,"scheme_background":"#ffffff","scheme_background_gradient":"","scheme_foreground_heading":"#000000","scheme_foreground":"#000000","scheme_primary":"#000f9f","scheme_primary_hover":"#000000","scheme_border":"#e6e6e6","scheme_shadow":"#000000","padding_top":0,"padding_right":0,"padding_bottom":0,"padding_left":0},"blocks":{"card_product_vendor_flex_Y9XPVi":{"type":"_card-product-vendor-flex","name":"Product vendor","settings":{"product":"{{ closest.product }}","width":"fit-content","alignment":"left","type_preset":"rte","font":"var(--font-body--family)","font_size":"1.6rem","letter_spacing":"normal","case":"none","wrap":"pretty","padding-block-start":0,"padding-block-end":0,"padding-inline-end":0,"padding-inline-start":0},"blocks":{}},"card_product_title_flex_DiBw9p":{"type":"_card-product-title-flex","name":"Product title","settings":{"product":"{{ closest.product }}","width":"100%","unit":"percent","custom_width":100,"custom_width_pixel":500,"alignment":"center","clamp":false,"clamp_row":2,"type_preset":"rte","font":"var(--font-body--family)","font_size":"1.6rem","letter_spacing":"normal","case":"none","wrap":"pretty","padding-block-start":0,"padding-block-end":0,"padding-inline-end":0,"padding-inline-start":0},"blocks":{}},"card_product_price_flex_YQLH8i":{"type":"_card-product-price-flex","name":"Product price","settings":{"product":"{{ closest.product }}","type_preset":"","width":"fit-content","alignment":"left","font":"var(--font-body--family)","font_size":"1.6rem","line_height":"normal","letter_spacing":"normal","case":"none","padding-block-start":0,"padding-block-end":0,"padding-inline-start":0,"padding-inline-end":0},"blocks":{}},"card_product_variant_flex_nJPt9y":{"type":"_card-product-variant-flex","name":"Product variant","settings":{"product":"{{ closest.product }}","padding-block-start":0,"padding-block-end":0,"padding-inline-start":0,"padding-inline-end":0},"blocks":{}}},"block_order":["card_product_vendor_flex_Y9XPVi","card_product_title_flex_DiBw9p","card_product_price_flex_YQLH8i","card_product_variant_flex_nJPt9y"]}},"block_order":[]}},"settings":{"layout_type":"grid","products_per_page":8,"columns_desktop":5,"color_scheme":"scheme-1","product_grid_width":"full-width","full_width_on_mobile":true,"columns_gap_horizontal":30,"columns_gap_vertical":30,"padding-inline-start":75,"padding-inline-end":75,"show_banner_1":false,"banner_position_1":"4","link_banner_1":"","show_banner_2":false,"banner_position_2":"5","link_banner_2":"","show_banner_3":false,"banner_position_3":"10","link_banner_3":"","pagination_type":"infinite","padding_top":36,"padding_bottom":36}},"section_yLbMEV":{"type":"section","blocks":{"multicolumn_zzRy8E":{"type":"multicolumn","settings":{"layout_type":"grid","carousel_on_mobile":false,"columns_grid":2,"columns_carousel":2,"mobile_columns_grid":"1","mobile_columns_carousel":"1","vertical_alignment_flex_direction_column":"flex-start","vertical_gap":30,"column_gap":30,"gap":16,"loop":true,"navigation":"arrows","pagination_type":"bullets","dots_top_offset":40,"progress_top_offset":40,"width":"fill","custom_width":100,"width_mobile":"fill","custom_width_mobile":100,"height":"fit","custom_height":100,"border":"none","border_separator_items":false,"border_width":1,"border_opacity":100,"border_radius":0,"inherit_color_scheme":true,"scheme_background":"#ffffff","scheme_background_gradient":"","scheme_foreground_heading":"#000000","scheme_foreground":"#000000","scheme_primary":"#000f9f","scheme_primary_hover":"#000000","scheme_border":"#e6e6e6","scheme_shadow":"#000000","background_media":"none","video_position":"cover","background_image_position":"cover","toggle_overlay":false,"overlay_color":"#00000026","overlay_style":"solid","gradient_direction":"to top","padding-block-start":48,"padding-block-end":48,"padding-inline-start":0,"padding-inline-end":0},"blocks":{"group_wYjYxf":{"type":"group","settings":{"link":"","open_in_new_tab":false,"content_direction":"column","content_direction_mobile":"column","horizontal_alignment":"flex-start","vertical_alignment":"center","align_baseline":false,"horizontal_alignment_flex_direction_column":"center","vertical_alignment_flex_direction_column":"flex-end","horizontal_alignment_mobile":"flex-start","vertical_alignment_mobile":"center","horizontal_alignment_flex_direction_column_mobile":"flex-start","vertical_alignment_flex_direction_column_mobile":"center","gap":16,"width":"fill","custom_width":100,"width_tablet":"fill","custom_width_tablet":100,"width_mobile":"fill","custom_width_mobile":100,"height":"fill","custom_height":100,"inherit_color_scheme":true,"scheme_background":"#ffffff","scheme_background_gradient":"","scheme_foreground_heading":"#000000","scheme_foreground":"#000000","scheme_primary":"#000f9f","scheme_primary_hover":"#000000","scheme_border":"#e6e6e6","scheme_shadow":"#000000","background_media":"none","video_position":"cover","background_image_position":"cover","content_overlay":false,"image_ratio":"adapt","border":"none","border_width":1,"border_opacity":0,"border_radius":0,"toggle_overlay":false,"overlay_color":"#00000026","extend_left_overlay":false,"extend_right_overlay":false,"overlay_style":"solid","gradient_direction":"to top","enable_parallax":"none","disable_parallax_mobile":false,"parallax_speed":0.5,"horizontal_position":0,"vertical_position":0,"shadow_color":"#000000","shadow_horizontal_offset":0,"shadow_vertical_offset":0,"shadow_blur":0,"spread_radius":0,"margin-block-start":0,"margin-block-start-mobile":0,"margin-block-end":0,"margin-block-end-mobile":0,"margin-inline-start":0,"margin-inline-start-mobile":0,"margin-inline-end":0,"margin-inline-end-mobile":0,"padding-block-start":0,"padding-block-end":0,"padding-inline-start":0,"padding-inline-end":0},"blocks":{"group_jTeKMk":{"type":"group","name":"t:names.group","settings":{"link":"","open_in_new_tab":false,"content_direction":"row","content_direction_mobile":"column","horizontal_alignment":"flex-start","vertical_alignment":"center","align_baseline":false,"horizontal_alignment_flex_direction_column":"flex-start","vertical_alignment_flex_direction_column":"center","horizontal_alignment_mobile":"flex-start","vertical_alignment_mobile":"center","horizontal_alignment_flex_direction_column_mobile":"flex-start","vertical_alignment_flex_direction_column_mobile":"center","gap":30,"width":"fill","custom_width":100,"width_tablet":"fill","custom_width_tablet":100,"width_mobile":"fill","custom_width_mobile":100,"height":"fit","custom_height":100,"inherit_color_scheme":true,"scheme_background":"#FFFFFF","scheme_background_gradient":"","scheme_foreground_heading":"#000000","scheme_foreground":"#000000","scheme_primary":"#000F9F","scheme_primary_hover":"#000000","scheme_border":"#E6E6E6","scheme_shadow":"#000000","background_media":"none","video_position":"cover","background_image_position":"cover","content_overlay":false,"image_ratio":"adapt","border":"none","border_width":1,"border_opacity":0,"border_radius":0,"toggle_overlay":false,"overlay_color":"#00000026","extend_left_overlay":false,"extend_right_overlay":false,"overlay_style":"solid","gradient_direction":"to top","enable_parallax":"none","disable_parallax_mobile":false,"parallax_speed":0.5,"horizontal_position":0,"vertical_position":0,"shadow_color":"#00000000","shadow_horizontal_offset":0,"shadow_vertical_offset":0,"shadow_blur":0,"spread_radius":0,"margin-block-start":0,"margin-block-start-mobile":0,"margin-block-end":0,"margin-block-end-mobile":0,"margin-inline-start":0,"margin-inline-start-mobile":0,"margin-inline-end":0,"margin-inline-end-mobile":0,"padding-block-start":0,"padding-block-end":0,"padding-inline-start":0,"padding-inline-end":0},"blocks":{"image_hLxAeq":{"type":"image","name":"t:names.image","settings":{"image":"","link":"","hide_on_mobile":false,"image_ratio":"adapt","width":"custom","unit":"percent","custom_width":100,"custom_width_pixel":100,"width_tablet":"custom","unit_tablet":"percent","custom_width_tablet":100,"custom_width_tablet_pixel":100,"width_mobile":"custom","unit_mobile":"percent","custom_width_mobile":100,"custom_width_mobile_pixel":100,"height":"fit","border":"none","border_width":1,"border_opacity":100,"border_radius":0,"animation_type":"none","disable_parallax_mobile":false,"parallax_speed":0.5,"padding-block-start":0,"padding-inline-end":0,"padding-block-end":0,"padding-inline-start":0},"blocks":{}},"group_LeqjjV":{"type":"group","name":"t:names.group","settings":{"link":"","open_in_new_tab":false,"content_direction":"column","content_direction_mobile":"column","horizontal_alignment":"flex-start","vertical_alignment":"center","align_baseline":false,"horizontal_alignment_flex_direction_column":"center","vertical_alignment_flex_direction_column":"center","horizontal_alignment_mobile":"flex-start","vertical_alignment_mobile":"center","horizontal_alignment_flex_direction_column_mobile":"center","vertical_alignment_flex_direction_column_mobile":"center","gap":12,"width":"fill","custom_width":100,"width_tablet":"fill","custom_width_tablet":100,"width_mobile":"fill","custom_width_mobile":100,"height":"fill","custom_height":100,"inherit_color_scheme":false,"scheme_background":"#f8f8f8","scheme_background_gradient":"","scheme_foreground_heading":"#000000","scheme_foreground":"#000000","scheme_primary":"#000F9F","scheme_primary_hover":"#000000","scheme_border":"#232323","scheme_shadow":"#000000","background_media":"none","video_position":"cover","background_image_position":"cover","content_overlay":false,"image_ratio":"adapt","border":"solid","border_width":1,"border_opacity":100,"border_radius":0,"toggle_overlay":false,"overlay_color":"#00000026","extend_left_overlay":false,"extend_right_overlay":false,"overlay_style":"solid","gradient_direction":"to top","enable_parallax":"none","disable_parallax_mobile":false,"parallax_speed":0.5,"horizontal_position":0,"vertical_position":0,"shadow_color":"#00000000","shadow_horizontal_offset":0,"shadow_vertical_offset":0,"shadow_blur":0,"spread_radius":0,"margin-block-start":0,"margin-block-start-mobile":0,"margin-block-end":0,"margin-block-end-mobile":0,"margin-inline-start":0,"margin-inline-start-mobile":0,"margin-inline-end":0,"margin-inline-end-mobile":0,"padding-block-start":20,"padding-block-end":20,"padding-inline-start":10,"padding-inline-end":10},"blocks":{"text_3URewh":{"type":"text","name":"t:names.text","settings":{"text":"<p>New Collection<\/p>","typing_text":false,"primary_text":"Welcome to our store!","secondary_text":"Exclusive offers just for you.","third_text":"Shop now and enjoy deals!","highlight_text":false,"highlight_text_content":"","highlight_text_type":"text","underline_height":18,"underline_offset":20,"highlight_text_color":"#000000","highlight_underline_color":"#000000","spacing_text":false,"spacing_text_content":"","spacing_text_left":0,"spacing_text_right":0,"stroke_text":false,"stroke_text_content":"","width":"fit-content","unit":"percent","custom_width":100,"custom_width_pixel":500,"inherit_text_alignment":true,"justify_alignment":false,"alignment":"left","width_tablet":"fit-content","unit_tablet":"percent","custom_width_tablet":100,"custom_width_tablet_pixel":100,"inherit_text_alignment_tablet":true,"justify_alignment_tablet":false,"alignment_tablet":"left","width_mobile":"fit-content","unit_mobile":"percent","custom_width_mobile":100,"custom_width_mobile_pixel":100,"inherit_text_alignment_mobile":true,"justify_alignment_mobile":false,"alignment_mobile":"left","type_preset":"custom","font":"var(--font-body--family)","font_size":"1.2rem","line_height":"normal","letter_spacing":"normal","case":"none","wrap":"pretty","color":"var(--color-foreground)","background":false,"background_color":"#00000026","enable_border":false,"enable_border_bottom":false,"border":"none","border_width":0,"border_width_type":"100%","border_custom_width":100,"border_radius":0,"text_effect":"none","animation_repeat":false,"padding-block-start":0,"padding-block-end":8,"padding-inline-start":0,"padding-inline-end":0},"blocks":{}},"text_MBAYYa":{"type":"text","name":"t:names.heading","settings":{"text":"<p><strong>#MILANCE<\/strong><\/p>","typing_text":false,"primary_text":"Welcome to our store!","secondary_text":"Exclusive offers just for you.","third_text":"Shop now and enjoy deals!","highlight_text":false,"highlight_text_content":"","highlight_text_type":"text","underline_height":18,"underline_offset":20,"highlight_text_color":"#000000","highlight_underline_color":"#000000","spacing_text":false,"spacing_text_content":"","spacing_text_left":0,"spacing_text_right":0,"stroke_text":false,"stroke_text_content":"","width":"fit-content","unit":"percent","custom_width":17,"custom_width_pixel":500,"inherit_text_alignment":true,"justify_alignment":false,"alignment":"left","width_tablet":"fit-content","unit_tablet":"percent","custom_width_tablet":100,"custom_width_tablet_pixel":100,"inherit_text_alignment_tablet":true,"justify_alignment_tablet":false,"alignment_tablet":"left","width_mobile":"fit-content","unit_mobile":"percent","custom_width_mobile":100,"custom_width_mobile_pixel":100,"inherit_text_alignment_mobile":true,"justify_alignment_mobile":false,"alignment_mobile":"left","type_preset":"custom","font":"var(--font-heading--family)","font_size":"2.4rem","line_height":"normal","letter_spacing":"normal","case":"none","wrap":"pretty","color":"var(--color-foreground)","background":false,"background_color":"#00000026","enable_border":false,"enable_border_bottom":false,"border":"none","border_width":0,"border_width_type":"100%","border_custom_width":100,"border_radius":0,"text_effect":"none","animation_repeat":false,"padding-block-start":0,"padding-block-end":0,"padding-inline-start":0,"padding-inline-end":0},"blocks":{}},"text_A9Q9FK":{"type":"text","name":"t:names.text","settings":{"text":"<p>Nullam aliquet vestibulum augue non varius. Cras cosmo  congue an melitos. Duis tristique del a ...<\/p>","typing_text":false,"primary_text":"Welcome to our store!","secondary_text":"Exclusive offers just for you.","third_text":"Shop now and enjoy deals!","highlight_text":false,"highlight_text_content":"","highlight_text_type":"text","underline_height":18,"underline_offset":20,"highlight_text_color":"#000000","highlight_underline_color":"#000000","spacing_text":false,"spacing_text_content":"","spacing_text_left":0,"spacing_text_right":0,"stroke_text":false,"stroke_text_content":"","width":"custom","unit":"percent","custom_width":80,"custom_width_pixel":500,"inherit_text_alignment":true,"justify_alignment":false,"alignment":"left","width_tablet":"fit-content","unit_tablet":"percent","custom_width_tablet":100,"custom_width_tablet_pixel":100,"inherit_text_alignment_tablet":true,"justify_alignment_tablet":false,"alignment_tablet":"left","width_mobile":"fit-content","unit_mobile":"percent","custom_width_mobile":100,"custom_width_mobile_pixel":100,"inherit_text_alignment_mobile":true,"justify_alignment_mobile":false,"alignment_mobile":"left","type_preset":"custom","font":"var(--font-body--family)","font_size":"1.2rem","line_height":"normal","letter_spacing":"normal","case":"none","wrap":"pretty","color":"var(--color-foreground)","background":false,"background_color":"#00000026","enable_border":false,"enable_border_bottom":false,"border":"none","border_width":0,"border_width_type":"100%","border_custom_width":100,"border_radius":0,"text_effect":"none","animation_repeat":false,"padding-block-start":15,"padding-block-end":25,"padding-inline-start":0,"padding-inline-end":0},"blocks":{}},"button_GfkUH8":{"type":"button","name":"t:names.button","settings":{"label":"Shop now","link":"","open_in_new_tab":false,"style_class":"button","button_style":"default","button_border_width":1,"button_border_radius":100,"button_type_font":"var(--font-body--family)","button_type_size":"1.2rem","button_font_weight":"default","button_text_case":"default","buttons_shadow_horizontal_offset":0,"buttons_shadow_vertical_offset":0,"buttons_shadow_blur":0,"button_type_size_link":"1.2rem","button_font_weight_link":"default","case":"none","wrap":"pretty","font_style":"normal","link_underline":false,"link_hover_underline":true,"link_reveal":false,"width":"fit-content","unit":"percent","custom_width":100,"custom_width_pixel":100,"buttons_padding_vertical":10,"buttons_padding_horizontal":20,"width_tablet":"fit-content","unit_tablet":"percent","custom_width_tablet":100,"custom_width_tablet_pixel":100,"width_mobile":"fit-content","unit_mobile":"percent","custom_width_mobile":100,"custom_width_mobile_pixel":100,"buttons_padding_vertical_mobile":10,"buttons_padding_horizontal_mobile":10},"blocks":{}}},"block_order":["text_3URewh","text_MBAYYa","text_A9Q9FK","button_GfkUH8"]}},"block_order":["image_hLxAeq","group_LeqjjV"]}},"block_order":["group_jTeKMk"]},"group_K7APRB":{"type":"group","settings":{"link":"","open_in_new_tab":false,"content_direction":"column","content_direction_mobile":"column","horizontal_alignment":"flex-start","vertical_alignment":"center","align_baseline":false,"horizontal_alignment_flex_direction_column":"center","vertical_alignment_flex_direction_column":"flex-end","horizontal_alignment_mobile":"flex-start","vertical_alignment_mobile":"center","horizontal_alignment_flex_direction_column_mobile":"flex-start","vertical_alignment_flex_direction_column_mobile":"center","gap":16,"width":"fill","custom_width":100,"width_tablet":"fill","custom_width_tablet":100,"width_mobile":"fill","custom_width_mobile":100,"height":"fill","custom_height":100,"inherit_color_scheme":true,"scheme_background":"#ffffff","scheme_background_gradient":"","scheme_foreground_heading":"#000000","scheme_foreground":"#000000","scheme_primary":"#000f9f","scheme_primary_hover":"#000000","scheme_border":"#e6e6e6","scheme_shadow":"#000000","background_media":"none","video_position":"cover","background_image_position":"cover","content_overlay":false,"image_ratio":"adapt","border":"none","border_width":1,"border_opacity":0,"border_radius":0,"toggle_overlay":false,"overlay_color":"#00000026","extend_left_overlay":false,"extend_right_overlay":false,"overlay_style":"solid","gradient_direction":"to top","enable_parallax":"none","disable_parallax_mobile":false,"parallax_speed":0.5,"horizontal_position":0,"vertical_position":0,"shadow_color":"#000000","shadow_horizontal_offset":0,"shadow_vertical_offset":0,"shadow_blur":0,"spread_radius":0,"margin-block-start":0,"margin-block-start-mobile":0,"margin-block-end":0,"margin-block-end-mobile":0,"margin-inline-start":0,"margin-inline-start-mobile":0,"margin-inline-end":0,"margin-inline-end-mobile":0,"padding-block-start":0,"padding-block-end":0,"padding-inline-start":0,"padding-inline-end":0},"blocks":{"group_VLbwDN":{"type":"group","name":"t:names.group","settings":{"link":"","open_in_new_tab":false,"content_direction":"row","content_direction_mobile":"column","horizontal_alignment":"flex-start","vertical_alignment":"center","align_baseline":false,"horizontal_alignment_flex_direction_column":"flex-start","vertical_alignment_flex_direction_column":"center","horizontal_alignment_mobile":"flex-start","vertical_alignment_mobile":"center","horizontal_alignment_flex_direction_column_mobile":"flex-start","vertical_alignment_flex_direction_column_mobile":"center","gap":30,"width":"fill","custom_width":100,"width_tablet":"fill","custom_width_tablet":100,"width_mobile":"fill","custom_width_mobile":100,"height":"fit","custom_height":100,"inherit_color_scheme":true,"scheme_background":"#FFFFFF","scheme_background_gradient":"","scheme_foreground_heading":"#000000","scheme_foreground":"#000000","scheme_primary":"#000F9F","scheme_primary_hover":"#000000","scheme_border":"#E6E6E6","scheme_shadow":"#000000","background_media":"none","video_position":"cover","background_image_position":"cover","content_overlay":false,"image_ratio":"adapt","border":"none","border_width":1,"border_opacity":0,"border_radius":0,"toggle_overlay":false,"overlay_color":"#00000026","extend_left_overlay":false,"extend_right_overlay":false,"overlay_style":"solid","gradient_direction":"to top","enable_parallax":"none","disable_parallax_mobile":false,"parallax_speed":0.5,"horizontal_position":0,"vertical_position":0,"shadow_color":"#00000000","shadow_horizontal_offset":0,"shadow_vertical_offset":0,"shadow_blur":0,"spread_radius":0,"margin-block-start":0,"margin-block-start-mobile":0,"margin-block-end":0,"margin-block-end-mobile":0,"margin-inline-start":0,"margin-inline-start-mobile":0,"margin-inline-end":0,"margin-inline-end-mobile":0,"padding-block-start":0,"padding-block-end":0,"padding-inline-start":0,"padding-inline-end":0},"blocks":{"image_6dhfTT":{"type":"image","name":"t:names.image","settings":{"image":"","link":"","hide_on_mobile":false,"image_ratio":"adapt","width":"custom","unit":"percent","custom_width":100,"custom_width_pixel":100,"width_tablet":"custom","unit_tablet":"percent","custom_width_tablet":100,"custom_width_tablet_pixel":100,"width_mobile":"custom","unit_mobile":"percent","custom_width_mobile":100,"custom_width_mobile_pixel":100,"height":"fit","border":"none","border_width":1,"border_opacity":100,"border_radius":0,"animation_type":"none","disable_parallax_mobile":false,"parallax_speed":0.5,"padding-block-start":0,"padding-inline-end":0,"padding-block-end":0,"padding-inline-start":0},"blocks":{}},"group_ikd79L":{"type":"group","name":"t:names.group","settings":{"link":"","open_in_new_tab":false,"content_direction":"column","content_direction_mobile":"column","horizontal_alignment":"flex-start","vertical_alignment":"center","align_baseline":false,"horizontal_alignment_flex_direction_column":"center","vertical_alignment_flex_direction_column":"center","horizontal_alignment_mobile":"flex-start","vertical_alignment_mobile":"center","horizontal_alignment_flex_direction_column_mobile":"center","vertical_alignment_flex_direction_column_mobile":"center","gap":12,"width":"fill","custom_width":100,"width_tablet":"fill","custom_width_tablet":100,"width_mobile":"fill","custom_width_mobile":100,"height":"fill","custom_height":100,"inherit_color_scheme":false,"scheme_background":"#f8f8f8","scheme_background_gradient":"","scheme_foreground_heading":"#000000","scheme_foreground":"#000000","scheme_primary":"#000F9F","scheme_primary_hover":"#000000","scheme_border":"#232323","scheme_shadow":"#000000","background_media":"none","video_position":"cover","background_image_position":"cover","content_overlay":false,"image_ratio":"adapt","border":"solid","border_width":1,"border_opacity":100,"border_radius":0,"toggle_overlay":false,"overlay_color":"#00000026","extend_left_overlay":false,"extend_right_overlay":false,"overlay_style":"solid","gradient_direction":"to top","enable_parallax":"none","disable_parallax_mobile":false,"parallax_speed":0.5,"horizontal_position":0,"vertical_position":0,"shadow_color":"#00000000","shadow_horizontal_offset":0,"shadow_vertical_offset":0,"shadow_blur":0,"spread_radius":0,"margin-block-start":0,"margin-block-start-mobile":0,"margin-block-end":0,"margin-block-end-mobile":0,"margin-inline-start":0,"margin-inline-start-mobile":0,"margin-inline-end":0,"margin-inline-end-mobile":0,"padding-block-start":20,"padding-block-end":20,"padding-inline-start":10,"padding-inline-end":10},"blocks":{"text_itDPTX":{"type":"text","name":"t:names.text","settings":{"text":"<p>New Collection<\/p>","typing_text":false,"primary_text":"Welcome to our store!","secondary_text":"Exclusive offers just for you.","third_text":"Shop now and enjoy deals!","highlight_text":false,"highlight_text_content":"","highlight_text_type":"text","underline_height":18,"underline_offset":20,"highlight_text_color":"#000000","highlight_underline_color":"#000000","spacing_text":false,"spacing_text_content":"","spacing_text_left":0,"spacing_text_right":0,"stroke_text":false,"stroke_text_content":"","width":"fit-content","unit":"percent","custom_width":100,"custom_width_pixel":500,"inherit_text_alignment":true,"justify_alignment":false,"alignment":"left","width_tablet":"fit-content","unit_tablet":"percent","custom_width_tablet":100,"custom_width_tablet_pixel":100,"inherit_text_alignment_tablet":true,"justify_alignment_tablet":false,"alignment_tablet":"left","width_mobile":"fit-content","unit_mobile":"percent","custom_width_mobile":100,"custom_width_mobile_pixel":100,"inherit_text_alignment_mobile":true,"justify_alignment_mobile":false,"alignment_mobile":"left","type_preset":"custom","font":"var(--font-body--family)","font_size":"1.2rem","line_height":"normal","letter_spacing":"normal","case":"none","wrap":"pretty","color":"var(--color-foreground)","background":false,"background_color":"#00000026","enable_border":false,"enable_border_bottom":false,"border":"none","border_width":0,"border_width_type":"100%","border_custom_width":100,"border_radius":0,"text_effect":"none","animation_repeat":false,"padding-block-start":0,"padding-block-end":8,"padding-inline-start":0,"padding-inline-end":0},"blocks":{}},"text_8XGT8d":{"type":"text","name":"t:names.heading","settings":{"text":"<p><strong>#CONVALIS<\/strong><\/p>","typing_text":false,"primary_text":"Welcome to our store!","secondary_text":"Exclusive offers just for you.","third_text":"Shop now and enjoy deals!","highlight_text":false,"highlight_text_content":"","highlight_text_type":"text","underline_height":18,"underline_offset":20,"highlight_text_color":"#000000","highlight_underline_color":"#000000","spacing_text":false,"spacing_text_content":"","spacing_text_left":0,"spacing_text_right":0,"stroke_text":false,"stroke_text_content":"","width":"fit-content","unit":"percent","custom_width":17,"custom_width_pixel":500,"inherit_text_alignment":true,"justify_alignment":false,"alignment":"left","width_tablet":"fit-content","unit_tablet":"percent","custom_width_tablet":100,"custom_width_tablet_pixel":100,"inherit_text_alignment_tablet":true,"justify_alignment_tablet":false,"alignment_tablet":"left","width_mobile":"fit-content","unit_mobile":"percent","custom_width_mobile":100,"custom_width_mobile_pixel":100,"inherit_text_alignment_mobile":true,"justify_alignment_mobile":false,"alignment_mobile":"left","type_preset":"custom","font":"var(--font-heading--family)","font_size":"2.4rem","line_height":"normal","letter_spacing":"normal","case":"none","wrap":"pretty","color":"var(--color-foreground)","background":false,"background_color":"#00000026","enable_border":false,"enable_border_bottom":false,"border":"none","border_width":0,"border_width_type":"100%","border_custom_width":100,"border_radius":0,"text_effect":"none","animation_repeat":false,"padding-block-start":0,"padding-block-end":0,"padding-inline-start":0,"padding-inline-end":0},"blocks":{}},"text_t7JkQQ":{"type":"text","name":"t:names.text","settings":{"text":"<p>Nullam aliquet vestibulum augue non varius. Cras cosmo  congue an melitos. Duis tristique del a ...<\/p>","typing_text":false,"primary_text":"Welcome to our store!","secondary_text":"Exclusive offers just for you.","third_text":"Shop now and enjoy deals!","highlight_text":false,"highlight_text_content":"","highlight_text_type":"text","underline_height":18,"underline_offset":20,"highlight_text_color":"#000000","highlight_underline_color":"#000000","spacing_text":false,"spacing_text_content":"","spacing_text_left":0,"spacing_text_right":0,"stroke_text":false,"stroke_text_content":"","width":"custom","unit":"percent","custom_width":80,"custom_width_pixel":500,"inherit_text_alignment":true,"justify_alignment":false,"alignment":"left","width_tablet":"fit-content","unit_tablet":"percent","custom_width_tablet":100,"custom_width_tablet_pixel":100,"inherit_text_alignment_tablet":true,"justify_alignment_tablet":false,"alignment_tablet":"left","width_mobile":"fit-content","unit_mobile":"percent","custom_width_mobile":100,"custom_width_mobile_pixel":100,"inherit_text_alignment_mobile":true,"justify_alignment_mobile":false,"alignment_mobile":"left","type_preset":"custom","font":"var(--font-body--family)","font_size":"1.2rem","line_height":"normal","letter_spacing":"normal","case":"none","wrap":"pretty","color":"var(--color-foreground)","background":false,"background_color":"#00000026","enable_border":false,"enable_border_bottom":false,"border":"none","border_width":0,"border_width_type":"100%","border_custom_width":100,"border_radius":0,"text_effect":"none","animation_repeat":false,"padding-block-start":15,"padding-block-end":25,"padding-inline-start":0,"padding-inline-end":0},"blocks":{}},"button_wkbVi6":{"type":"button","name":"t:names.button","settings":{"label":"Shop now","link":"","open_in_new_tab":false,"style_class":"button","button_style":"default","button_border_width":1,"button_border_radius":100,"button_type_font":"var(--font-body--family)","button_type_size":"1.2rem","button_font_weight":"default","button_text_case":"default","buttons_shadow_horizontal_offset":0,"buttons_shadow_vertical_offset":0,"buttons_shadow_blur":0,"button_type_size_link":"1.2rem","button_font_weight_link":"default","case":"none","wrap":"pretty","font_style":"normal","link_underline":false,"link_hover_underline":true,"link_reveal":false,"width":"fit-content","unit":"percent","custom_width":100,"custom_width_pixel":100,"buttons_padding_vertical":10,"buttons_padding_horizontal":20,"width_tablet":"fit-content","unit_tablet":"percent","custom_width_tablet":100,"custom_width_tablet_pixel":100,"width_mobile":"fit-content","unit_mobile":"percent","custom_width_mobile":100,"custom_width_mobile_pixel":100,"buttons_padding_vertical_mobile":10,"buttons_padding_horizontal_mobile":10},"blocks":{}}},"block_order":["text_itDPTX","text_8XGT8d","text_t7JkQQ","button_wkbVi6"]}},"block_order":["image_6dhfTT","group_ikd79L"]}},"block_order":["group_VLbwDN"]}},"block_order":["group_wYjYxf","group_K7APRB"]}},"block_order":["multicolumn_zzRy8E"],"name":"t:names.multicolumn","settings":{"content_direction":"column","content_direction_mobile":"column","wrap":"no-wrap","horizontal_alignment":"flex-start","vertical_alignment":"center","align_baseline":false,"horizontal_alignment_flex_direction_column":"center","vertical_alignment_flex_direction_column":"flex-start","gap":32,"section_width":"page-width","page_width_custom":1570,"section_height":"","section_height_custom":50,"section_height_mobile":"","section_height_mobile_custom":50,"color_scheme":"scheme-1","background_media":"none","video_position":"cover","background_image_position":"cover","border":"none","border_width":1,"border_radius":0,"toggle_overlay":false,"overlay_color":"#00000026","overlay_style":"solid","gradient_direction":"to top","image_behavior":"none","padding-block-start":20,"padding-block-end":20,"padding-inline-start":0,"padding-inline-end":0}},"section_hVm4TT":{"type":"section","blocks":{"text_JazeFJ":{"type":"text","settings":{"text":"<p>Nullam aliquet vestibulum augue non varius. Cras cosmo  congue an melitos. Duis tristique del ante le maliquam  praesent murna de tellus laoreet cosmopolis Nullam aliquet vestibulum augue non varius. Cras cosmo  congue an melitos. Duis tristique del ante le maliquam  praesent murna de tellus laoreet cosmopolis Nullam aliquet vestibulum augue non varius. Cras cosmo  congue an melitos. Duis tristique del ante le maliquam  praesent murna de tellus laoreet cosmopolis<\/p>","typing_text":false,"primary_text":"Welcome to our store!","secondary_text":"Exclusive offers just for you.","third_text":"Shop now and enjoy deals!","highlight_text":false,"highlight_text_content":"","highlight_text_type":"text","underline_height":18,"underline_offset":20,"highlight_text_color":"#000000","highlight_underline_color":"#000000","spacing_text":false,"spacing_text_content":"","spacing_text_left":0,"spacing_text_right":0,"stroke_text":false,"stroke_text_content":"","width":"custom","unit":"pixel","custom_width":100,"custom_width_pixel":1000,"inherit_text_alignment":true,"justify_alignment":false,"alignment":"center","width_tablet":"fit-content","unit_tablet":"percent","custom_width_tablet":100,"custom_width_tablet_pixel":100,"inherit_text_alignment_tablet":true,"justify_alignment_tablet":false,"alignment_tablet":"left","width_mobile":"fit-content","unit_mobile":"percent","custom_width_mobile":100,"custom_width_mobile_pixel":100,"inherit_text_alignment_mobile":true,"justify_alignment_mobile":false,"alignment_mobile":"left","type_preset":"custom","font":"var(--font-body--family)","font_size":"1.2rem","line_height":"normal","letter_spacing":"normal","case":"none","wrap":"pretty","color":"var(--color-foreground)","background":false,"background_color":"#00000026","enable_border":false,"enable_border_bottom":false,"border":"none","border_width":0,"border_width_type":"100%","border_custom_width":100,"border_radius":0,"text_effect":"none","animation_repeat":false,"padding-block-start":0,"padding-block-end":0,"padding-inline-start":0,"padding-inline-end":0},"blocks":{}}},"block_order":["text_JazeFJ"],"name":"t:names.rich_text","settings":{"content_direction":"column","content_direction_mobile":"column","wrap":"no-wrap","horizontal_alignment":"flex-start","vertical_alignment":"center","align_baseline":false,"horizontal_alignment_flex_direction_column":"center","vertical_alignment_flex_direction_column":"center","gap":16,"section_width":"page-width","page_width_custom":1570,"section_height":"","section_height_custom":50,"section_height_mobile":"","section_height_mobile_custom":50,"color_scheme":"","background_media":"none","video_position":"cover","background_image_position":"cover","border":"none","border_width":1,"border_radius":0,"toggle_overlay":false,"overlay_color":"#00000026","overlay_style":"solid","gradient_direction":"to top","image_behavior":"none","padding-block-start":60,"padding-block-end":60,"padding-inline-start":0,"padding-inline-end":0}},"section_dXdbe4":{"type":"section","blocks":{"divider_QLbgmD":{"type":"_divider","name":"t:names.divider","settings":{"thickness":1,"corner_radius":"square","width_percent":100,"alignment_horizontal":"center","padding-block-start":0,"padding-block-end":0},"blocks":{}}},"block_order":["divider_QLbgmD"],"name":"t:names.custom_section","settings":{"content_direction":"column","content_direction_mobile":"column","wrap":"no-wrap","horizontal_alignment":"flex-start","vertical_alignment":"center","align_baseline":false,"horizontal_alignment_flex_direction_column":"flex-start","vertical_alignment_flex_direction_column":"center","gap":12,"section_width":"page-width","page_width_custom":1570,"section_height":"","section_height_custom":50,"section_height_mobile":"","section_height_mobile_custom":50,"color_scheme":"","background_media":"none","video_position":"cover","background_image_position":"cover","border":"none","border_width":1,"border_radius":0,"toggle_overlay":false,"overlay_color":"#00000026","overlay_style":"solid","gradient_direction":"to top","image_behavior":"none","padding-block-start":36,"padding-block-end":36,"padding-inline-start":0,"padding-inline-end":0}},"recently_viewed_products_e3ryQC":{"type":"recently-viewed-products","blocks":{"section-header":{"type":"_section-header","static":true,"settings":{"content_direction":"row","content_direction_mobile":"column","horizontal_alignment":"center","vertical_alignment":"stretch","align_baseline":false,"horizontal_alignment_flex_direction_column":"flex-start","vertical_alignment_flex_direction_column":"center","horizontal_alignment_mobile":"flex-start","vertical_alignment_mobile":"center","horizontal_alignment_flex_direction_column_mobile":"center","vertical_alignment_flex_direction_column_mobile":"center","gap":10,"width":"fill","custom_width":80,"inherit_color_scheme":true,"scheme_background":"#ffffff","scheme_background_gradient":"","scheme_foreground_heading":"#000000","scheme_foreground":"#000000","scheme_primary":"#000f9f","scheme_primary_hover":"#000000","scheme_border":"#e6e6e6","scheme_shadow":"#000000","border":"none","border_width":2,"border_opacity":0,"border_radius":0,"margin_top":0,"margin_bottom":30,"padding-block-start":0,"padding-inline-end":0,"padding-block-end":0,"padding-inline-start":0},"blocks":{"text_7h8QiL":{"type":"text","name":"t:names.heading","settings":{"text":"<h2>Recently viewed<\/h2>","typing_text":false,"primary_text":"Welcome to our store!","secondary_text":"Exclusive offers just for you.","third_text":"Shop now and enjoy deals!","highlight_text":false,"highlight_text_content":"","highlight_text_type":"text","underline_height":18,"underline_offset":20,"highlight_text_color":"#000000","highlight_underline_color":"#000000","spacing_text":false,"spacing_text_content":"","spacing_text_left":0,"spacing_text_right":0,"stroke_text":false,"stroke_text_content":"","width":"fit-content","unit":"percent","custom_width":100,"custom_width_pixel":500,"inherit_text_alignment":true,"justify_alignment":false,"alignment":"left","width_tablet":"fit-content","unit_tablet":"percent","custom_width_tablet":100,"custom_width_tablet_pixel":100,"inherit_text_alignment_tablet":true,"justify_alignment_tablet":false,"alignment_tablet":"left","width_mobile":"fit-content","unit_mobile":"percent","custom_width_mobile":100,"custom_width_mobile_pixel":100,"inherit_text_alignment_mobile":true,"justify_alignment_mobile":false,"alignment_mobile":"left","type_preset":"custom","font":"var(--font-heading--family)","font_size":"2.0rem","line_height":"normal","letter_spacing":"normal","case":"none","wrap":"pretty","color":"var(--color-foreground-heading)","background":false,"background_color":"#00000026","enable_border":false,"enable_border_bottom":false,"border":"none","border_width":0,"border_width_type":"100%","border_custom_width":100,"border_radius":0,"text_effect":"none","animation_repeat":false,"padding-block-start":0,"padding-block-end":0,"padding-inline-start":0,"padding-inline-end":0},"blocks":{}}},"block_order":["text_7h8QiL"]},"product-slide-item":{"type":"card-product-flex","static":true,"settings":{"product":"{{ closest.product }}","inherit_color_scheme":true,"scheme_background":"#ffffff","scheme_background_gradient":"","scheme_foreground_heading":"#000000","scheme_foreground":"#000000","scheme_primary":"#000f9f","scheme_primary_hover":"#000000","scheme_border":"#e6e6e6","scheme_shadow":"#000000","border":"none","border_width":1,"border_opacity":100,"border_radius":0,"content_direction":"column","wrap":"no-wrap","align_items":"stretch","justify_content":"start","gap":12,"width":"fill","custom_width":100,"padding-block-start":36,"padding-block-end":36,"padding-inline-start":0,"padding-inline-end":0},"blocks":{"card_product_media_flex_7ikinF":{"type":"_card-product-media-flex","name":"Product media","settings":{"product":"{{ closest.product }}","image_ratio":"portrait","show_secondary_image":true,"width_option":"full","custom_width":80,"border":"none","border_width":1,"border_opacity":100,"border_radius":0},"blocks":{"card_product_group_button_iARFae":{"type":"_card-product-group-button","name":"Group: Product buttons","settings":{"product":"{{ closest.product }}","border_radius":50,"padding-block-start":8,"padding-block-end":16,"padding-inline-start":8,"padding-inline-end":8},"blocks":{}}},"block_order":["card_product_group_button_iARFae"]},"card_product_information_HcXEEH":{"type":"_card-product-information","name":"Group: Product Information","settings":{"width_option":"full","custom_width":80,"content_direction":"column","content_direction_mobile":"column","wrap":"nowrap","wrap_tablet":"wrap","vertical_alignment":"center","horizontal_alignment":"flex-start","horizontal_alignment_flex_direction_column":"center","vertical_alignment_flex_direction_column":"flex-start","gap_y":6,"gap_x":10,"inherit_color_scheme":true,"scheme_background":"#ffffff","scheme_background_gradient":"","scheme_foreground_heading":"#000000","scheme_foreground":"#000000","scheme_primary":"#000f9f","scheme_primary_hover":"#000000","scheme_border":"#e6e6e6","scheme_shadow":"#000000","padding_top":16,"padding_right":0,"padding_bottom":0,"padding_left":0},"blocks":{"card_product_vendor_flex_EXF9rq":{"type":"_card-product-vendor-flex","name":"Product vendor","settings":{"product":"{{ closest.product }}","width":"fit-content","alignment":"left","type_preset":"rte","font":"var(--font-body--family)","font_size":"1.6rem","letter_spacing":"normal","case":"none","wrap":"pretty","padding-block-start":0,"padding-block-end":0,"padding-inline-end":0,"padding-inline-start":0},"blocks":{}},"card_product_title_flex_Nqf44d":{"type":"_card-product-title-flex","name":"Product title","settings":{"product":"{{ closest.product }}","width":"100%","unit":"percent","custom_width":100,"custom_width_pixel":500,"alignment":"center","clamp":false,"clamp_row":2,"type_preset":"rte","font":"var(--font-body--family)","font_size":"1.6rem","letter_spacing":"normal","case":"none","wrap":"pretty","padding-block-start":0,"padding-block-end":0,"padding-inline-end":0,"padding-inline-start":0},"blocks":{}},"card_product_price_flex_cPeEjM":{"type":"_card-product-price-flex","name":"Product price","settings":{"product":"{{ closest.product }}","type_preset":"","width":"fit-content","alignment":"left","font":"var(--font-body--family)","font_size":"1.6rem","line_height":"normal","letter_spacing":"normal","case":"none","padding-block-start":0,"padding-block-end":0,"padding-inline-start":0,"padding-inline-end":0},"blocks":{}},"card_product_variant_flex_Lpf3th":{"type":"_card-product-variant-flex","name":"Product variant","settings":{"product":"{{ closest.product }}","padding-block-start":12,"padding-block-end":0,"padding-inline-start":0,"padding-inline-end":0},"blocks":{}}},"block_order":["card_product_vendor_flex_EXF9rq","card_product_title_flex_Nqf44d","card_product_price_flex_cPeEjM","card_product_variant_flex_Lpf3th"]}},"block_order":["card_product_media_flex_7ikinF","card_product_information_HcXEEH"]}},"name":"t:sections.recently-viewed-products.presets.name","settings":{"layout_type":"carousel","carousel_on_mobile":true,"products_to_show":25,"columns_desktop":5,"columns_gap":30,"rows_gap":30,"loop":false,"full_width":true,"navigation":"arrows","arrows_position":"inside","pagination_type":"bullets","dots_top_offset":40,"progress_top_offset":40,"columns_mobile":"1","section_width":"page-width","page_width_custom":1570,"color_scheme":"","padding-block-start":36,"padding-block-end":36,"padding-inline-start":0,"padding-inline-end":0}}},"order":["banner","section_dWjRCJ","product-grid-banner-adv","section_yLbMEV","section_hVm4TT","section_dXdbe4","recently_viewed_products_e3ryQC"]}