{"sections":{"main":{"type":"main-list-collections","blocks":{"static-breadcrumb":{"type":"_breadcrumb","static":true,"settings":{"separator":"slash","horizontal_alignment":"start","gap":12,"font_size":"1.6rem","width":"fill","custom_width":100,"width_mobile":"fill","custom_width_mobile":100,"inherit_color_scheme":true,"scheme_background":"#ffffff","scheme_background_gradient":"","scheme_foreground_heading":"#000000","scheme_foreground":"#000000","scheme_primary":"#000f9f","scheme_primary_hover":"#000000","scheme_border":"#e6e6e6","scheme_shadow":"#000000","background_media":"none","video_position":"cover","background_image_position":"cover","content_overlay":false,"image_ratio":"adapt","border":"none","border_width":1,"border_radius":0,"toggle_overlay":false,"overlay_color":"#00000026","extend_left_overlay":false,"extend_right_overlay":false,"overlay_style":"solid","gradient_direction":"to top","padding-block-start":0,"padding-block-end":0,"padding-inline-start":0,"padding-inline-end":0},"blocks":{}},"static-header":{"type":"text","name":"Heading","static":true,"settings":{"text":"<p><strong>COLLECTIONS<\/strong><\/p>","typing_text":false,"primary_text":"Welcome to our store!","secondary_text":"Exclusive offers just for you.","third_text":"Shop now and enjoy deals!","highlight_text":false,"highlight_text_content":"","highlight_text_type":"text","underline_height":18,"underline_offset":20,"highlight_text_color":"#000000","highlight_underline_color":"#000000","spacing_text":false,"spacing_text_content":"","spacing_text_left":0,"spacing_text_right":0,"stroke_text":false,"stroke_text_content":"","width":"fit-content","unit":"percent","custom_width":100,"custom_width_pixel":500,"inherit_text_alignment":true,"justify_alignment":false,"alignment":"left","width_tablet":"fit-content","unit_tablet":"percent","custom_width_tablet":100,"custom_width_tablet_pixel":100,"inherit_text_alignment_tablet":true,"justify_alignment_tablet":false,"alignment_tablet":"left","width_mobile":"fit-content","unit_mobile":"percent","custom_width_mobile":100,"custom_width_mobile_pixel":100,"inherit_text_alignment_mobile":true,"justify_alignment_mobile":false,"alignment_mobile":"left","type_preset":"custom","font":"var(--font-body--family)","font_size":"2.4rem","line_height":"normal","letter_spacing":"normal","case":"none","wrap":"pretty","color":"var(--color-foreground)","background":false,"background_color":"#00000026","enable_border":false,"enable_border_bottom":false,"border":"none","border_width":0,"border_width_type":"100%","border_custom_width":100,"border_radius":0,"text_effect":"none","animation_repeat":false,"padding-block-start":24,"padding-block-end":0,"padding-inline-start":0,"padding-inline-end":0},"blocks":{}},"static-collection-card":{"type":"_collection-card","static":true,"settings":{"placement":"below_image","horizontal_alignment":"center","vertical_alignment":"flex-end","collection_card_gap":0,"inherit_color_scheme":false,"scheme_background":"#ffffff","scheme_background_gradient":"","scheme_foreground_heading":"#000000","scheme_foreground":"#000000","scheme_primary":"#969696","scheme_primary_hover":"#000000","scheme_border":"#e6e6e6","scheme_shadow":"#000000","border":"none","border_width":1,"border_opacity":100,"border_radius":0,"padding-block-start":0,"padding-block-end":0,"padding-inline-start":0,"padding-inline-end":0},"blocks":{"collection_title_YRDXk4":{"type":"_collection-title","name":"Collection title","settings":{"width":"fit-content","max_width":"normal","alignment":"left","type_preset":"custom","font":"var(--font-heading--family)","font_size":"2.0rem","line_height":"normal","letter_spacing":"normal","case":"uppercase","wrap":"pretty","color":"var(--color-foreground)","background":false,"background_color":"#00000026","corner_radius":0,"padding-block-start":30,"padding-block-end":0,"padding-inline-start":0,"padding-inline-end":0},"blocks":{}},"collection_product_count_3Dj38P":{"type":"_collection-product-count","name":"Product count","settings":{"width":"fit-content","max_width":"normal","alignment":"left","type_preset":"custom","font":"var(--font-body--family)","font_size":"1.2rem","line_height":"normal","letter_spacing":"normal","case":"uppercase","wrap":"pretty","color":"var(--color-primary)","background":false,"background_color":"#00000026","corner_radius":0,"padding-block-start":8,"padding-block-end":0,"padding-inline-start":0,"padding-inline-end":0},"blocks":{}},"collection_description_VKnkCa":{"type":"_collection-description","name":"Collection description","settings":{"truncatewords":26,"width":"fit-content","max_width":"normal","alignment":"left","type_preset":"custom","font":"var(--font-body--family)","font_size":"1.2rem","line_height":"normal","letter_spacing":"normal","case":"none","wrap":"pretty","color":"var(--color-foreground)","background":false,"background_color":"#00000026","corner_radius":0,"padding-block-start":15,"padding-block-end":25,"padding-inline-start":0,"padding-inline-end":0},"blocks":{}},"collection_button_cYWRnU":{"type":"_collection-button","name":"Collection link","settings":{"label":"SHOP NOW","open_in_new_tab":false,"style_class":"button","button_style":"default","button_border_width":1,"button_border_radius":100,"button_type_font":"var(--font-body--family)","font_size":"1.6rem","button_font_weight":"default","button_text_case":"default","buttons_shadow_horizontal_offset":0,"buttons_shadow_vertical_offset":0,"buttons_shadow_blur":0,"width":"custom","unit":"pixel","custom_width":100,"custom_width_pixel":190,"buttons_padding_vertical":12,"buttons_padding_horizontal":20,"width_mobile":"fit-content","unit_mobile":"percent","custom_width_mobile":100,"custom_width_mobile_pixel":100,"buttons_padding_vertical_mobile":10,"buttons_padding_horizontal_mobile":10},"blocks":{}},"collection-card-image-page":{"type":"_collection-card-image-page","static":true,"settings":{"image_ratio":"portrait","toggle_overlay":false,"overlay_color":"#00000026","overlay_style":"solid","gradient_direction":"to top","border":"none","border_width":1,"border_opacity":100,"border_radius":0},"blocks":{}}},"block_order":["collection_title_YRDXk4","collection_product_count_3Dj38P","collection_description_VKnkCa","collection_button_cYWRnU"]}},"settings":{"layout_type":"grid","collections_to_show":9,"columns":3,"mobile_columns":"2","columns_gap":30,"rows_gap":60,"show_more":"Show more","section_width":"custom","page_width_custom":1170,"gap":30,"color_scheme":"scheme-10","padding-block-start":50,"padding-block-end":50}}},"order":["main"]}