{
    "sections": {
        "main": {
        "type": "main-page",
        "blocks": {
            "text_Ph9krY": {
            "type": "text",
            "name": "t:names.heading",
            "settings": {
                "text": "<h2>{{ closest.page.title }}</h2>",
                "typing_text": false,
                "primary_text": "Welcome to our store!",
                "secondary_text": "Exclusive offers just for you.",
                "third_text": "Shop now and enjoy deals!",
                "highlight_text": false,
                "highlight_text_content": "",
                "highlight_text_type": "text",
                "underline_height": 18,
                "underline_offset": 20,
                "highlight_text_color": "#000000",
                "highlight_underline_color": "#000000",
                "spacing_text": false,
                "spacing_text_content": "",
                "spacing_text_left": 0,
                "spacing_text_right": 0,
                "stroke_text": false,
                "stroke_text_content": "",
                "width": "fit-content",
                "unit": "percent",
                "custom_width": 100,
                "custom_width_pixel": 500,
                "inherit_text_alignment": true,
                "justify_alignment": false,
                "alignment": "left",
                "width_tablet": "fit-content",
                "unit_tablet": "percent",
                "custom_width_tablet": 100,
                "custom_width_tablet_pixel": 100,
                "inherit_text_alignment_tablet": true,
                "justify_alignment_tablet": false,
                "alignment_tablet": "left",
                "width_mobile": "fit-content",
                "unit_mobile": "percent",
                "custom_width_mobile": 100,
                "custom_width_mobile_pixel": 100,
                "inherit_text_alignment_mobile": true,
                "justify_alignment_mobile": false,
                "alignment_mobile": "left",
                "type_preset": "rte",
                "font": "var(--font-body--family)",
                "font_size": "1.6rem",
                "line_height": "normal",
                "letter_spacing": "normal",
                "case": "none",
                "wrap": "pretty",
                "color": "var(--color-foreground)",
                "background": false,
                "background_color": "#00000026",
                "enable_border": false,
                "enable_border_bottom": false,
                "border": "none",
                "border_width": 0,
                "border_width_type": "100%",
                "border_custom_width": 100,
                "border_radius": 0,
                "text_effect": "none",
                "heading_only": true,
                "heading_effect": "none",
                "animation_repeat": false,
                "padding-block-start": 50,
                "padding-block-end": 50,
                "padding-inline-start": 0,
                "padding-inline-end": 0
            },
            "blocks": {}
            }
        },
        "block_order": [
            "text_Ph9krY"
        ],
        "settings": {
            "content_direction": "column",
            "content_direction_mobile": "column",
            "horizontal_alignment": "start",
            "vertical_alignment": "center",
            "align_baseline": false,
            "horizontal_alignment_flex_direction_column": "flex-start",
            "vertical_alignment_flex_direction_column": "center",
            "gap": 12,
            "section_width": "page-width",
            "page_width_custom": 1570,
            "section_height": "",
            "section_height_custom": 50,
            "color_scheme": "scheme-1",
            "background_media": "none",
            "video_position": "cover",
            "background_image_position": "cover",
            "border": "none",
            "border_width": 1,
            "border_radius": 0,
            "toggle_overlay": false,
            "overlay_color": "#00000026",
            "overlay_style": "solid",
            "gradient_direction": "to top",
            "image_behavior": "none",
            "padding-block-start": 0,
            "padding-block-end": 0
        }
        }
    },
    "order": [
        "main"
    ]
}
