{"sections":{"breadcrumb_kCyAFT":{"type":"breadcrumb","name":"Breadcrumb","settings":{"separator":"caret","horizontal_alignment":"start","gap":12,"font_size":"1.2rem","section_width":"custom","page_width_custom":1170,"color_scheme":"","background_media":"none","video_position":"cover","background_image_position":"cover","toggle_overlay":false,"overlay_color":"#00000026","overlay_style":"solid","gradient_direction":"to top","padding-block-start":24,"padding-block-end":16}},"main":{"type":"main-page","blocks":{"text_q48tHr":{"type":"text","name":"Heading","settings":{"text":"<p>{{ closest.page.title }}<\/p>","typing_text":false,"primary_text":"Welcome to our store!","secondary_text":"Exclusive offers just for you.","third_text":"Shop now and enjoy deals!","highlight_text":false,"highlight_text_content":"","highlight_text_type":"text","highlight_text_color":"#000000","highlight_underline_color":"#000000","spacing_text":false,"spacing_text_content":"","spacing_text_left":0,"spacing_text_right":0,"stroke_text":false,"stroke_text_content":"","width":"fit-content","unit":"percent","custom_width":100,"custom_width_pixel":500,"inherit_text_alignment":true,"alignment":"left","width_tablet":"fit-content","unit_tablet":"percent","custom_width_tablet":100,"custom_width_tablet_pixel":100,"inherit_text_alignment_tablet":true,"alignment_tablet":"left","width_mobile":"fit-content","unit_mobile":"percent","custom_width_mobile":100,"custom_width_mobile_pixel":100,"inherit_text_alignment_mobile":true,"alignment_mobile":"left","type_preset":"custom","font":"var(--font-heading--family)","font_size":"2.4rem","line_height":"tight","letter_spacing":"normal","case":"uppercase","wrap":"pretty","color":"var(--color-foreground-heading)","background":false,"background_color":"#00000026","enable_border":false,"enable_border_bottom":false,"border":"none","border_width":0,"border_width_type":"100%","border_custom_width":100,"border_radius":0,"text_effect":"none","animation_repeat":false,"padding-block-start":0,"padding-block-end":37,"padding-inline-start":0,"padding-inline-end":0},"blocks":{}}},"block_order":["text_q48tHr"],"settings":{"content_direction":"column","content_direction_mobile":"column","horizontal_alignment":"start","vertical_alignment":"center","align_baseline":false,"horizontal_alignment_flex_direction_column":"flex-start","vertical_alignment_flex_direction_column":"center","gap":12,"section_width":"custom","page_width_custom":1170,"section_height":"","section_height_custom":50,"color_scheme":"scheme-1","background_media":"none","video_position":"cover","background_image_position":"cover","border":"none","border_width":1,"border_radius":0,"toggle_overlay":false,"overlay_color":"#00000026","overlay_style":"solid","gradient_direction":"to top","image_behavior":"none","padding-block-start":0,"padding-block-end":0}},"lookbook_rTiQht":{"type":"lookbook","blocks":{"static-header":{"type":"_product-list-content","disabled":true,"static":true,"settings":{"content_direction":"column","content_direction_mobile":"column","horizontal_alignment":"flex-start","vertical_alignment":"center","align_baseline":false,"horizontal_alignment_flex_direction_column":"flex-start","vertical_alignment_flex_direction_column":"center","horizontal_alignment_mobile":"flex-start","vertical_alignment_mobile":"center","horizontal_alignment_flex_direction_column_mobile":"flex-start","vertical_alignment_flex_direction_column_mobile":"center","gap":12,"width":"fill","custom_width":100,"width_mobile":"fill","custom_width_mobile":100,"height":"fit","custom_height":100,"inherit_color_scheme":true,"scheme_background":"#ffffff","scheme_background_gradient":"","scheme_foreground_heading":"#000000","scheme_foreground":"#000000","scheme_primary":"#000f9f","scheme_primary_hover":"#000000","scheme_border":"#e6e6e6","scheme_shadow":"#000000","background_media":"none","video_position":"cover","background_image_position":"cover","content_overlay":false,"image_ratio":"adapt","border":"none","border_width":1,"border_radius":0,"toggle_overlay":false,"overlay_color":"#00000026","extend_left_overlay":false,"extend_right_overlay":false,"overlay_style":"solid","gradient_direction":"to top","enable_parallax":"none","disable_parallax_mobile":false,"parallax_speed":0.5,"horizontal_position":0,"vertical_position":0,"shadow_color":"rgba(0,0,0,0)","shadow_horizontal_offset":0,"shadow_vertical_offset":0,"shadow_blur":0,"spread_radius":0,"margin-block-start":0,"margin-block-start-mobile":0,"margin-block-end":0,"margin-block-end-mobile":0,"margin-inline-start":0,"margin-inline-start-mobile":0,"margin-inline-end":0,"margin-inline-end-mobile":0,"padding-block-start":0,"padding-block-end":0,"padding-inline-start":0,"padding-inline-end":0},"blocks":{}},"static-lookbook":{"type":"_lookbook","static":true,"settings":{"layout_type":"grid","carousel_on_mobile":false,"columns_grid":2,"columns_carousel":5,"mobile_columns_grid":"1","mobile_columns_carousel":2,"content_direction":"row","horizontal_alignment":"flex-start","vertical_alignment":"center","image_layout":"left","align_baseline":false,"gap":30,"loop":false,"navigation":"arrows","pagination_type":"bullets","enable_lookbook_all_items_layout":false,"view_product":"popup","width":"full","custom_width":100,"height":"fit","custom_height":100,"inherit_color_scheme":true,"scheme_background":"#ffffff","scheme_background_gradient":"","scheme_foreground_heading":"#000000","scheme_foreground":"#000000","scheme_primary":"#000f9f","scheme_primary_hover":"#000000","scheme_border":"#e6e6e6","scheme_shadow":"#000000","background_media":"none","video_position":"cover","background_image_position":"cover","toggle_overlay":false,"overlay_color":"#00000026","overlay_style":"solid","gradient_direction":"to top","padding-block-start":0,"padding-block-end":0,"padding-inline-start":0,"padding-inline-end":0},"blocks":{"group_nYDTew":{"type":"group","name":"Group","settings":{"link":"","open_in_new_tab":false,"content_direction":"column","content_direction_mobile":"column","horizontal_alignment":"flex-start","vertical_alignment":"center","align_baseline":false,"horizontal_alignment_flex_direction_column":"center","vertical_alignment_flex_direction_column":"center","horizontal_alignment_mobile":"flex-start","vertical_alignment_mobile":"center","horizontal_alignment_flex_direction_column_mobile":"flex-start","vertical_alignment_flex_direction_column_mobile":"center","gap":12,"width":"fill","custom_width":100,"width_tablet":"fill","custom_width_tablet":100,"width_mobile":"fill","custom_width_mobile":100,"height":"fill","custom_height":100,"inherit_color_scheme":false,"scheme_background":"#ffffff","scheme_background_gradient":"","scheme_foreground_heading":"#000000","scheme_foreground":"#000000","scheme_primary":"#000f9f","scheme_primary_hover":"#000000","scheme_border":"#e6e6e6","scheme_shadow":"#000000","background_media":"none","video_position":"cover","background_image_position":"cover","content_overlay":false,"image_ratio":"adapt","border":"none","border_width":1,"border_radius":0,"toggle_overlay":false,"overlay_color":"#00000026","extend_left_overlay":false,"extend_right_overlay":false,"overlay_style":"solid","gradient_direction":"to top","enable_parallax":"none","disable_parallax_mobile":false,"parallax_speed":0.5,"horizontal_position":0,"vertical_position":0,"shadow_color":"rgba(0,0,0,0)","shadow_horizontal_offset":0,"shadow_vertical_offset":0,"shadow_blur":0,"spread_radius":0,"margin-block-start":0,"margin-block-start-mobile":0,"margin-block-end":0,"margin-block-end-mobile":0,"margin-inline-start":0,"margin-inline-start-mobile":0,"margin-inline-end":0,"margin-inline-end-mobile":0,"padding-block-start":100,"padding-block-end":100,"padding-inline-start":15,"padding-inline-end":15},"blocks":{"group_CqVqGW":{"type":"group","name":"Group","settings":{"link":"","open_in_new_tab":false,"content_direction":"column","content_direction_mobile":"column","horizontal_alignment":"flex-start","vertical_alignment":"center","align_baseline":false,"horizontal_alignment_flex_direction_column":"flex-start","vertical_alignment_flex_direction_column":"center","horizontal_alignment_mobile":"flex-start","vertical_alignment_mobile":"center","horizontal_alignment_flex_direction_column_mobile":"flex-start","vertical_alignment_flex_direction_column_mobile":"center","gap":35,"width":"custom","custom_width":69,"width_tablet":"fill","custom_width_tablet":100,"width_mobile":"fit-content","custom_width_mobile":100,"height":"fit","custom_height":100,"inherit_color_scheme":true,"scheme_background":"#ffffff","scheme_background_gradient":"","scheme_foreground_heading":"#000000","scheme_foreground":"#000000","scheme_primary":"#000f9f","scheme_primary_hover":"#000000","scheme_border":"#e6e6e6","scheme_shadow":"#000000","background_media":"none","video_position":"cover","background_image_position":"cover","content_overlay":false,"image_ratio":"adapt","border":"none","border_width":1,"border_radius":0,"toggle_overlay":false,"overlay_color":"#00000026","extend_left_overlay":false,"extend_right_overlay":false,"overlay_style":"solid","gradient_direction":"to top","enable_parallax":"none","disable_parallax_mobile":false,"parallax_speed":0.5,"horizontal_position":0,"vertical_position":0,"shadow_color":"rgba(0,0,0,0)","shadow_horizontal_offset":0,"shadow_vertical_offset":0,"shadow_blur":0,"spread_radius":0,"margin-block-start":0,"margin-block-start-mobile":0,"margin-block-end":0,"margin-block-end-mobile":0,"margin-inline-start":0,"margin-inline-start-mobile":0,"margin-inline-end":0,"margin-inline-end-mobile":0,"padding-block-start":0,"padding-block-end":0,"padding-inline-start":0,"padding-inline-end":0},"blocks":{"divider_kbPhKz":{"type":"_divider","name":"Divider","settings":{"thickness":2,"corner_radius":"rounded","width_percent":11,"alignment_horizontal":"flex-start","padding-block-start":0,"padding-block-end":25},"blocks":{}},"text_eniVUg":{"type":"text","name":"Heading","settings":{"text":"<h2>Spring \/<br\/>Summer 2025<\/h2>","typing_text":false,"primary_text":"Welcome to our store!","secondary_text":"Exclusive offers just for you.","third_text":"Shop now and enjoy deals!","highlight_text":false,"highlight_text_content":"","highlight_text_type":"text","highlight_text_color":"#000000","highlight_underline_color":"#000000","spacing_text":false,"spacing_text_content":"","spacing_text_left":0,"spacing_text_right":0,"stroke_text":false,"stroke_text_content":"","width":"fit-content","unit":"percent","custom_width":100,"custom_width_pixel":500,"inherit_text_alignment":true,"alignment":"left","width_tablet":"fit-content","unit_tablet":"percent","custom_width_tablet":100,"custom_width_tablet_pixel":100,"inherit_text_alignment_tablet":true,"alignment_tablet":"left","width_mobile":"fit-content","unit_mobile":"percent","custom_width_mobile":100,"custom_width_mobile_pixel":100,"inherit_text_alignment_mobile":true,"alignment_mobile":"left","type_preset":"rte","font":"var(--font-body--family)","font_size":"1.6rem","line_height":"normal","letter_spacing":"normal","case":"none","wrap":"pretty","color":"var(--color-foreground)","background":false,"background_color":"#00000026","enable_border":false,"enable_border_bottom":false,"border":"none","border_width":0,"border_width_type":"100%","border_custom_width":100,"border_radius":0,"text_effect":"none","animation_repeat":false,"padding-block-start":0,"padding-block-end":0,"padding-inline-start":0,"padding-inline-end":0},"blocks":{}},"text_QYzcNk":{"type":"text","name":"Text","settings":{"text":"<p><strong>Where light meets fabric.<\/strong><br\/>Every season tells a new story — this one speaks in sunlit tones, airy silhouettes, and confident ease.<br\/>From crisp linens to fluid satins, discover the looks made for motion, made for you.<\/p>","typing_text":false,"primary_text":"Welcome to our store!","secondary_text":"Exclusive offers just for you.","third_text":"Shop now and enjoy deals!","highlight_text":false,"highlight_text_content":"","highlight_text_type":"text","highlight_text_color":"#000000","highlight_underline_color":"#000000","spacing_text":false,"spacing_text_content":"","spacing_text_left":0,"spacing_text_right":0,"stroke_text":false,"stroke_text_content":"","width":"fit-content","unit":"percent","custom_width":100,"custom_width_pixel":500,"inherit_text_alignment":true,"alignment":"left","width_tablet":"fit-content","unit_tablet":"percent","custom_width_tablet":100,"custom_width_tablet_pixel":100,"inherit_text_alignment_tablet":true,"alignment_tablet":"left","width_mobile":"fit-content","unit_mobile":"percent","custom_width_mobile":100,"custom_width_mobile_pixel":100,"inherit_text_alignment_mobile":true,"alignment_mobile":"left","type_preset":"rte","font":"var(--font-body--family)","font_size":"1.6rem","line_height":"normal","letter_spacing":"normal","case":"none","wrap":"pretty","color":"var(--color-foreground)","background":false,"background_color":"#00000026","enable_border":false,"enable_border_bottom":false,"border":"none","border_width":0,"border_width_type":"100%","border_custom_width":100,"border_radius":0,"text_effect":"none","animation_repeat":false,"padding-block-start":0,"padding-block-end":0,"padding-inline-start":0,"padding-inline-end":0},"blocks":{}},"button_PYxjyP":{"type":"button","name":"Button","settings":{"label":"Shop now","link":"","open_in_new_tab":false,"style_class":"button","button_style":"default","button_border_width":1,"button_border_radius":100,"button_type_font":"var(--font-body--family)","button_type_size":"1.2rem","button_font_weight":"default","button_text_case":"default","buttons_shadow_horizontal_offset":0,"buttons_shadow_vertical_offset":0,"buttons_shadow_blur":0,"button_type_size_link":"1.2rem","button_font_weight_link":"default","case":"none","wrap":"pretty","font_style":"normal","link_underline":false,"link_hover_underline":true,"link_reveal":false,"width":"fit-content","unit":"percent","custom_width":100,"custom_width_pixel":100,"buttons_padding_vertical":10,"buttons_padding_horizontal":20,"width_mobile":"fit-content","unit_mobile":"percent","custom_width_mobile":100,"custom_width_mobile_pixel":100,"buttons_padding_vertical_mobile":10,"buttons_padding_horizontal_mobile":10},"blocks":{}}},"block_order":["divider_kbPhKz","text_eniVUg","text_QYzcNk","button_PYxjyP"]}},"block_order":["group_CqVqGW"]},"lookbook_item_EH93PJ":{"type":"_lookbook-item","name":"Lookbook banner","settings":{"background_image":"","background_image_position":"cover","link":"","hide_on_mobile":false,"dots_style_type":"plus","show_products_button":true,"products_button_text":"Show Products","products_button_text_hide":"Hide Products","style_class":"button","button_style":"custom","button_border_width":1,"button_border_radius":5,"button_type_font":"var(--font-body--family)","button_type_size":"1.4rem","button_font_weight":"400","button_text_case":"default","buttons_shadow_horizontal_offset":0,"buttons_shadow_vertical_offset":0,"buttons_shadow_blur":0,"button_type_size_link":"1.2rem","button_font_weight_link":"default","case":"none","wrap":"pretty","font_style":"normal","link_underline":false,"link_hover_underline":true,"link_reveal":false,"image_ratio":"adapt","width":"custom","custom_width":100,"width_tablet":"custom","custom_width_tablet":100,"width_mobile":"custom","custom_width_mobile":100,"height":"fit","border":"none","border_width":1,"border_opacity":100,"border_radius":0,"animation_type":"none","parallax_speed":0.5,"padding_top":0,"padding_right":0,"padding_bottom":0,"padding_left":0},"blocks":{"lookbook_dot_jGMxTT":{"type":"_lookbook-dot","name":"Lookbook dot","settings":{"dot_inner_color":"#ffffff","dot_outer_color":"#2d2d2d","dot_size_desktop":12,"dot_size_mobile":8,"dot_position_top":37,"dot_position_left":74,"product":"game-cover-21","card_product_option":"horizontal","show_product_image":true,"show_product_title":true,"show_product_price":true,"show_product_variant":false,"show_product_button":false,"quick_add":"none"},"blocks":{}}},"block_order":["lookbook_dot_jGMxTT"]}},"block_order":["group_nYDTew","lookbook_item_EH93PJ"]}},"name":"Lookbook","settings":{"content_direction":"column","content_direction_mobile":"column","horizontal_alignment":"flex-start","vertical_alignment":"center","align_baseline":false,"horizontal_alignment_flex_direction_column":"flex-start","vertical_alignment_flex_direction_column":"center","gap":0,"section_width":"custom","page_width_custom":1170,"section_height":"","section_height_custom":50,"color_scheme":"","background_media":"none","video_position":"cover","background_image_position":"cover","border":"none","border_width":1,"border_radius":0,"toggle_overlay":false,"overlay_color":"#00000026","overlay_style":"solid","gradient_direction":"to top","image_behavior":"none","padding-block-start":0,"padding-block-end":0}},"lookbook_PWrcar":{"type":"lookbook","blocks":{"static-header":{"type":"_product-list-content","disabled":true,"static":true,"settings":{"content_direction":"column","content_direction_mobile":"column","horizontal_alignment":"flex-start","vertical_alignment":"center","align_baseline":false,"horizontal_alignment_flex_direction_column":"flex-start","vertical_alignment_flex_direction_column":"center","horizontal_alignment_mobile":"flex-start","vertical_alignment_mobile":"center","horizontal_alignment_flex_direction_column_mobile":"flex-start","vertical_alignment_flex_direction_column_mobile":"center","gap":12,"width":"fill","custom_width":100,"width_mobile":"fill","custom_width_mobile":100,"height":"fit","custom_height":100,"inherit_color_scheme":true,"scheme_background":"#ffffff","scheme_background_gradient":"","scheme_foreground_heading":"#000000","scheme_foreground":"#000000","scheme_primary":"#000f9f","scheme_primary_hover":"#000000","scheme_border":"#e6e6e6","scheme_shadow":"#000000","background_media":"none","video_position":"cover","background_image_position":"cover","content_overlay":false,"image_ratio":"adapt","border":"none","border_width":1,"border_radius":0,"toggle_overlay":false,"overlay_color":"#00000026","extend_left_overlay":false,"extend_right_overlay":false,"overlay_style":"solid","gradient_direction":"to top","enable_parallax":"none","disable_parallax_mobile":false,"parallax_speed":0.5,"horizontal_position":0,"vertical_position":0,"shadow_color":"rgba(0,0,0,0)","shadow_horizontal_offset":0,"shadow_vertical_offset":0,"shadow_blur":0,"spread_radius":0,"margin-block-start":0,"margin-block-start-mobile":0,"margin-block-end":0,"margin-block-end-mobile":0,"margin-inline-start":0,"margin-inline-start-mobile":0,"margin-inline-end":0,"margin-inline-end-mobile":0,"padding-block-start":0,"padding-block-end":0,"padding-inline-start":0,"padding-inline-end":0},"blocks":{}},"static-lookbook":{"type":"_lookbook","static":true,"settings":{"layout_type":"grid","carousel_on_mobile":false,"columns_grid":2,"columns_carousel":5,"mobile_columns_grid":"1","mobile_columns_carousel":2,"content_direction":"row","horizontal_alignment":"flex-start","vertical_alignment":"center","image_layout":"left","align_baseline":false,"gap":30,"loop":false,"navigation":"arrows","pagination_type":"bullets","enable_lookbook_all_items_layout":false,"view_product":"popup","width":"full","custom_width":100,"height":"fit","custom_height":100,"inherit_color_scheme":true,"scheme_background":"#ffffff","scheme_background_gradient":"","scheme_foreground_heading":"#000000","scheme_foreground":"#000000","scheme_primary":"#000f9f","scheme_primary_hover":"#000000","scheme_border":"#e6e6e6","scheme_shadow":"#000000","background_media":"none","video_position":"cover","background_image_position":"cover","toggle_overlay":false,"overlay_color":"#00000026","overlay_style":"solid","gradient_direction":"to top","padding-block-start":0,"padding-block-end":0,"padding-inline-start":0,"padding-inline-end":0},"blocks":{"lookbook_item_mDAFGV":{"type":"_lookbook-item","name":"Lookbook banner","settings":{"background_image":"","background_image_position":"cover","link":"","hide_on_mobile":false,"dots_style_type":"plus","show_products_button":true,"products_button_text":"Show Products","products_button_text_hide":"Hide Products","style_class":"button","button_style":"custom","button_border_width":1,"button_border_radius":5,"button_type_font":"var(--font-body--family)","button_type_size":"1.4rem","button_font_weight":"400","button_text_case":"default","buttons_shadow_horizontal_offset":0,"buttons_shadow_vertical_offset":0,"buttons_shadow_blur":0,"button_type_size_link":"1.2rem","button_font_weight_link":"default","case":"none","wrap":"pretty","font_style":"normal","link_underline":false,"link_hover_underline":true,"link_reveal":false,"image_ratio":"adapt","width":"custom","custom_width":100,"width_tablet":"custom","custom_width_tablet":100,"width_mobile":"custom","custom_width_mobile":100,"height":"fit","border":"none","border_width":1,"border_opacity":100,"border_radius":0,"animation_type":"none","parallax_speed":0.5,"padding_top":0,"padding_right":0,"padding_bottom":0,"padding_left":0},"blocks":{"lookbook_dot_akfDCk":{"type":"_lookbook-dot","name":"Lookbook dot","settings":{"dot_inner_color":"#ffffff","dot_outer_color":"#2d2d2d","dot_size_desktop":12,"dot_size_mobile":8,"dot_position_top":20,"dot_position_left":63,"product":"game-cover-21","card_product_option":"horizontal","show_product_image":false,"show_product_title":true,"show_product_price":true,"show_product_variant":false,"show_product_button":false,"quick_add":"none"},"blocks":{}}},"block_order":["lookbook_dot_akfDCk"]},"lookbook_row_kbGBgd":{"type":"_lookbook-row","name":"Lookbook row","settings":{"layout_type":"grid","carousel_on_mobile":false,"columns_grid":2,"mobile_columns_grid":"2","mobile_columns_carousel":2,"content_direction":"row","horizontal_alignment":"start","vertical_alignment":"start","align_baseline":false,"image_layout":"left","gap":30,"width":"fill","custom_width":100,"width_mobile":"fill","custom_width_mobile":100,"height":"fit","custom_height":100,"padding-block-start":0,"padding-block-end":0,"padding-inline-start":0,"padding-inline-end":0},"blocks":{"lookbook_group_wRGH4x":{"type":"_lookbook-group","name":"Lookbook group","settings":{"content_direction":"column","content_direction_mobile":"column","horizontal_alignment":"flex-start","vertical_alignment":"center","align_baseline":false,"horizontal_alignment_flex_direction_column":"flex-start","vertical_alignment_flex_direction_column":"center","horizontal_alignment_mobile":"flex-start","vertical_alignment_mobile":"center","horizontal_alignment_flex_direction_column_mobile":"flex-start","vertical_alignment_flex_direction_column_mobile":"center","gap":12,"width":"fill","custom_width":100,"width_mobile":"fill","custom_width_mobile":100,"height":"fit","custom_height":100,"inherit_color_scheme":true,"color_scheme":"","background_media":"none","video_position":"cover","background_image_position":"cover","content_overlay":false,"image_ratio":"adapt","border":"none","border_width":1,"border_radius":0,"toggle_overlay":false,"overlay_color":"#00000026","extend_left_overlay":false,"extend_right_overlay":false,"overlay_style":"solid","gradient_direction":"to top","enable_parallax":"none","disable_parallax_mobile":false,"parallax_speed":0.5,"horizontal_position":0,"vertical_position":0,"shadow_color":"rgba(0,0,0,0)","shadow_horizontal_offset":0,"shadow_vertical_offset":0,"shadow_blur":0,"spread_radius":0,"margin-block-start":0,"margin-block-start-mobile":0,"margin-block-end":0,"margin-block-end-mobile":0,"margin-inline-start":0,"margin-inline-start-mobile":0,"margin-inline-end":0,"margin-inline-end-mobile":0,"padding-block-start":0,"padding-block-end":0,"padding-inline-start":0,"padding-inline-end":0},"blocks":{"lookbook_item_pKmN7A":{"type":"_lookbook-item","name":"Lookbook banner","settings":{"background_image":"","background_image_position":"cover","link":"","hide_on_mobile":false,"dots_style_type":"plus","show_products_button":false,"products_button_text":"Show Products","products_button_text_hide":"Hide Products","style_class":"button","button_style":"custom","button_border_width":1,"button_border_radius":5,"button_type_font":"var(--font-body--family)","button_type_size":"1.4rem","button_font_weight":"400","button_text_case":"default","buttons_shadow_horizontal_offset":0,"buttons_shadow_vertical_offset":0,"buttons_shadow_blur":0,"button_type_size_link":"1.2rem","button_font_weight_link":"default","case":"none","wrap":"pretty","font_style":"normal","link_underline":false,"link_hover_underline":true,"link_reveal":false,"image_ratio":"adapt","width":"custom","custom_width":100,"width_tablet":"custom","custom_width_tablet":100,"width_mobile":"custom","custom_width_mobile":100,"height":"fit","border":"none","border_width":1,"border_opacity":100,"border_radius":0,"animation_type":"none","parallax_speed":0.5,"padding_top":0,"padding_right":0,"padding_bottom":0,"padding_left":0},"blocks":{"lookbook_dot_riU9yg":{"type":"_lookbook-dot","name":"Lookbook dot","settings":{"dot_inner_color":"#ffffff","dot_outer_color":"#2d2d2d","dot_size_desktop":12,"dot_size_mobile":8,"dot_position_top":38,"dot_position_left":48,"product":"game-cover-21","card_product_option":"horizontal","show_product_image":false,"show_product_title":true,"show_product_price":true,"show_product_variant":false,"show_product_button":false,"quick_add":"none"},"blocks":{}}},"block_order":["lookbook_dot_riU9yg"]}},"block_order":["lookbook_item_pKmN7A"]},"lookbook_group_Y6ULyX":{"type":"_lookbook-group","name":"Lookbook group","settings":{"content_direction":"column","content_direction_mobile":"column","horizontal_alignment":"flex-start","vertical_alignment":"center","align_baseline":false,"horizontal_alignment_flex_direction_column":"flex-start","vertical_alignment_flex_direction_column":"center","horizontal_alignment_mobile":"flex-start","vertical_alignment_mobile":"center","horizontal_alignment_flex_direction_column_mobile":"flex-start","vertical_alignment_flex_direction_column_mobile":"center","gap":12,"width":"fill","custom_width":100,"width_mobile":"fill","custom_width_mobile":100,"height":"fit","custom_height":100,"inherit_color_scheme":true,"color_scheme":"","background_media":"none","video_position":"cover","background_image_position":"cover","content_overlay":false,"image_ratio":"adapt","border":"none","border_width":1,"border_radius":0,"toggle_overlay":false,"overlay_color":"#00000026","extend_left_overlay":false,"extend_right_overlay":false,"overlay_style":"solid","gradient_direction":"to top","enable_parallax":"none","disable_parallax_mobile":false,"parallax_speed":0.5,"horizontal_position":0,"vertical_position":0,"shadow_color":"rgba(0,0,0,0)","shadow_horizontal_offset":0,"shadow_vertical_offset":0,"shadow_blur":0,"spread_radius":0,"margin-block-start":0,"margin-block-start-mobile":0,"margin-block-end":0,"margin-block-end-mobile":0,"margin-inline-start":0,"margin-inline-start-mobile":0,"margin-inline-end":0,"margin-inline-end-mobile":0,"padding-block-start":0,"padding-block-end":0,"padding-inline-start":0,"padding-inline-end":0},"blocks":{"lookbook_item_CTkb4y":{"type":"_lookbook-item","name":"Lookbook banner","settings":{"background_image":"","background_image_position":"cover","link":"","hide_on_mobile":false,"dots_style_type":"plus","show_products_button":false,"products_button_text":"Show Products","products_button_text_hide":"Hide Products","style_class":"button","button_style":"custom","button_border_width":1,"button_border_radius":5,"button_type_font":"var(--font-body--family)","button_type_size":"1.4rem","button_font_weight":"400","button_text_case":"default","buttons_shadow_horizontal_offset":0,"buttons_shadow_vertical_offset":0,"buttons_shadow_blur":0,"button_type_size_link":"1.2rem","button_font_weight_link":"default","case":"none","wrap":"pretty","font_style":"normal","link_underline":false,"link_hover_underline":true,"link_reveal":false,"image_ratio":"adapt","width":"custom","custom_width":100,"width_tablet":"custom","custom_width_tablet":100,"width_mobile":"custom","custom_width_mobile":100,"height":"fit","border":"none","border_width":1,"border_opacity":100,"border_radius":0,"animation_type":"none","parallax_speed":0.5,"padding_top":0,"padding_right":0,"padding_bottom":0,"padding_left":0},"blocks":{"lookbook_dot_gXKh9X":{"type":"_lookbook-dot","name":"Lookbook dot","settings":{"dot_inner_color":"#ffffff","dot_outer_color":"#2d2d2d","dot_size_desktop":12,"dot_size_mobile":8,"dot_position_top":30,"dot_position_left":40,"product":"game-cover-21","card_product_option":"horizontal","show_product_image":false,"show_product_title":true,"show_product_price":true,"show_product_variant":false,"show_product_button":false,"quick_add":"none"},"blocks":{}}},"block_order":["lookbook_dot_gXKh9X"]}},"block_order":["lookbook_item_CTkb4y"]},"lookbook_group_Jpzy3Y":{"type":"_lookbook-group","name":"Lookbook group","settings":{"content_direction":"column","content_direction_mobile":"column","horizontal_alignment":"flex-start","vertical_alignment":"center","align_baseline":false,"horizontal_alignment_flex_direction_column":"flex-start","vertical_alignment_flex_direction_column":"center","horizontal_alignment_mobile":"flex-start","vertical_alignment_mobile":"center","horizontal_alignment_flex_direction_column_mobile":"flex-start","vertical_alignment_flex_direction_column_mobile":"center","gap":12,"width":"fill","custom_width":100,"width_mobile":"fill","custom_width_mobile":100,"height":"fit","custom_height":100,"inherit_color_scheme":true,"color_scheme":"","background_media":"none","video_position":"cover","background_image_position":"cover","content_overlay":false,"image_ratio":"adapt","border":"none","border_width":1,"border_radius":0,"toggle_overlay":false,"overlay_color":"#00000026","extend_left_overlay":false,"extend_right_overlay":false,"overlay_style":"solid","gradient_direction":"to top","enable_parallax":"none","disable_parallax_mobile":false,"parallax_speed":0.5,"horizontal_position":0,"vertical_position":0,"shadow_color":"rgba(0,0,0,0)","shadow_horizontal_offset":0,"shadow_vertical_offset":0,"shadow_blur":0,"spread_radius":0,"margin-block-start":0,"margin-block-start-mobile":0,"margin-block-end":0,"margin-block-end-mobile":0,"margin-inline-start":0,"margin-inline-start-mobile":0,"margin-inline-end":0,"margin-inline-end-mobile":0,"padding-block-start":0,"padding-block-end":0,"padding-inline-start":0,"padding-inline-end":0},"blocks":{"lookbook_item_FjF7A8":{"type":"_lookbook-item","name":"Lookbook banner","settings":{"background_image":"","background_image_position":"cover","link":"","hide_on_mobile":false,"dots_style_type":"plus","show_products_button":false,"products_button_text":"Show Products","products_button_text_hide":"Hide Products","style_class":"button","button_style":"custom","button_border_width":1,"button_border_radius":5,"button_type_font":"var(--font-body--family)","button_type_size":"1.4rem","button_font_weight":"400","button_text_case":"default","buttons_shadow_horizontal_offset":0,"buttons_shadow_vertical_offset":0,"buttons_shadow_blur":0,"button_type_size_link":"1.2rem","button_font_weight_link":"default","case":"none","wrap":"pretty","font_style":"normal","link_underline":false,"link_hover_underline":true,"link_reveal":false,"image_ratio":"adapt","width":"custom","custom_width":100,"width_tablet":"custom","custom_width_tablet":100,"width_mobile":"custom","custom_width_mobile":100,"height":"fit","border":"none","border_width":1,"border_opacity":100,"border_radius":0,"animation_type":"none","parallax_speed":0.5,"padding_top":0,"padding_right":0,"padding_bottom":0,"padding_left":0},"blocks":{"lookbook_dot_R3jKty":{"type":"_lookbook-dot","name":"Lookbook dot","settings":{"dot_inner_color":"#ffffff","dot_outer_color":"#2d2d2d","dot_size_desktop":12,"dot_size_mobile":8,"dot_position_top":51,"dot_position_left":56,"product":"game-cover-21","card_product_option":"horizontal","show_product_image":false,"show_product_title":true,"show_product_price":true,"show_product_variant":false,"show_product_button":false,"quick_add":"none"},"blocks":{}}},"block_order":["lookbook_dot_R3jKty"]}},"block_order":["lookbook_item_FjF7A8"]},"lookbook_group_VBGykT":{"type":"_lookbook-group","name":"Lookbook group","settings":{"content_direction":"column","content_direction_mobile":"column","horizontal_alignment":"flex-start","vertical_alignment":"center","align_baseline":false,"horizontal_alignment_flex_direction_column":"flex-start","vertical_alignment_flex_direction_column":"center","horizontal_alignment_mobile":"flex-start","vertical_alignment_mobile":"center","horizontal_alignment_flex_direction_column_mobile":"flex-start","vertical_alignment_flex_direction_column_mobile":"center","gap":12,"width":"fill","custom_width":100,"width_mobile":"fill","custom_width_mobile":100,"height":"fit","custom_height":100,"inherit_color_scheme":true,"color_scheme":"","background_media":"none","video_position":"cover","background_image_position":"cover","content_overlay":false,"image_ratio":"adapt","border":"none","border_width":1,"border_radius":0,"toggle_overlay":false,"overlay_color":"#00000026","extend_left_overlay":false,"extend_right_overlay":false,"overlay_style":"solid","gradient_direction":"to top","enable_parallax":"none","disable_parallax_mobile":false,"parallax_speed":0.5,"horizontal_position":0,"vertical_position":0,"shadow_color":"rgba(0,0,0,0)","shadow_horizontal_offset":0,"shadow_vertical_offset":0,"shadow_blur":0,"spread_radius":0,"margin-block-start":0,"margin-block-start-mobile":0,"margin-block-end":0,"margin-block-end-mobile":0,"margin-inline-start":0,"margin-inline-start-mobile":0,"margin-inline-end":0,"margin-inline-end-mobile":0,"padding-block-start":0,"padding-block-end":0,"padding-inline-start":0,"padding-inline-end":0},"blocks":{"lookbook_item_3GYjNG":{"type":"_lookbook-item","name":"Lookbook banner","settings":{"background_image":"","background_image_position":"cover","link":"","hide_on_mobile":false,"dots_style_type":"plus","show_products_button":false,"products_button_text":"Show Products","products_button_text_hide":"Hide Products","style_class":"button","button_style":"custom","button_border_width":1,"button_border_radius":5,"button_type_font":"var(--font-body--family)","button_type_size":"1.4rem","button_font_weight":"400","button_text_case":"default","buttons_shadow_horizontal_offset":0,"buttons_shadow_vertical_offset":0,"buttons_shadow_blur":0,"button_type_size_link":"1.2rem","button_font_weight_link":"default","case":"none","wrap":"pretty","font_style":"normal","link_underline":false,"link_hover_underline":true,"link_reveal":false,"image_ratio":"adapt","width":"custom","custom_width":100,"width_tablet":"custom","custom_width_tablet":100,"width_mobile":"custom","custom_width_mobile":100,"height":"fit","border":"none","border_width":1,"border_opacity":100,"border_radius":0,"animation_type":"none","parallax_speed":0.5,"padding_top":0,"padding_right":0,"padding_bottom":0,"padding_left":0},"blocks":{"lookbook_dot_Na79Qc":{"type":"_lookbook-dot","name":"Lookbook dot","settings":{"dot_inner_color":"#ffffff","dot_outer_color":"#2d2d2d","dot_size_desktop":12,"dot_size_mobile":8,"dot_position_top":39,"dot_position_left":47,"product":"game-cover-21","card_product_option":"horizontal","show_product_image":false,"show_product_title":true,"show_product_price":true,"show_product_variant":false,"show_product_button":false,"quick_add":"none"},"blocks":{}}},"block_order":["lookbook_dot_Na79Qc"]}},"block_order":["lookbook_item_3GYjNG"]}},"block_order":["lookbook_group_wRGH4x","lookbook_group_Y6ULyX","lookbook_group_Jpzy3Y","lookbook_group_VBGykT"]}},"block_order":["lookbook_item_mDAFGV","lookbook_row_kbGBgd"]}},"name":"Lookbook","settings":{"content_direction":"column","content_direction_mobile":"column","horizontal_alignment":"flex-start","vertical_alignment":"center","align_baseline":false,"horizontal_alignment_flex_direction_column":"flex-start","vertical_alignment_flex_direction_column":"center","gap":0,"section_width":"custom","page_width_custom":1170,"section_height":"","section_height_custom":50,"color_scheme":"","background_media":"none","video_position":"cover","background_image_position":"cover","border":"none","border_width":1,"border_radius":0,"toggle_overlay":false,"overlay_color":"#00000026","overlay_style":"solid","gradient_direction":"to top","image_behavior":"none","padding-block-start":30,"padding-block-end":30}},"lookbook_WWVfph":{"type":"lookbook","blocks":{"static-header":{"type":"_product-list-content","disabled":true,"static":true,"settings":{"content_direction":"column","content_direction_mobile":"column","horizontal_alignment":"flex-start","vertical_alignment":"center","align_baseline":false,"horizontal_alignment_flex_direction_column":"flex-start","vertical_alignment_flex_direction_column":"center","horizontal_alignment_mobile":"flex-start","vertical_alignment_mobile":"center","horizontal_alignment_flex_direction_column_mobile":"flex-start","vertical_alignment_flex_direction_column_mobile":"center","gap":12,"width":"fill","custom_width":100,"width_mobile":"fill","custom_width_mobile":100,"height":"fit","custom_height":100,"inherit_color_scheme":true,"scheme_background":"#ffffff","scheme_background_gradient":"","scheme_foreground_heading":"#000000","scheme_foreground":"#000000","scheme_primary":"#000f9f","scheme_primary_hover":"#000000","scheme_border":"#e6e6e6","scheme_shadow":"#000000","background_media":"none","video_position":"cover","background_image_position":"cover","content_overlay":false,"image_ratio":"adapt","border":"none","border_width":1,"border_radius":0,"toggle_overlay":false,"overlay_color":"#00000026","extend_left_overlay":false,"extend_right_overlay":false,"overlay_style":"solid","gradient_direction":"to top","enable_parallax":"none","disable_parallax_mobile":false,"parallax_speed":0.5,"horizontal_position":0,"vertical_position":0,"shadow_color":"rgba(0,0,0,0)","shadow_horizontal_offset":0,"shadow_vertical_offset":0,"shadow_blur":0,"spread_radius":0,"margin-block-start":0,"margin-block-start-mobile":0,"margin-block-end":0,"margin-block-end-mobile":0,"margin-inline-start":0,"margin-inline-start-mobile":0,"margin-inline-end":0,"margin-inline-end-mobile":0,"padding-block-start":0,"padding-block-end":0,"padding-inline-start":0,"padding-inline-end":0},"blocks":{}},"static-lookbook":{"type":"_lookbook","static":true,"settings":{"layout_type":"grid","carousel_on_mobile":false,"columns_grid":2,"columns_carousel":5,"mobile_columns_grid":"1","mobile_columns_carousel":2,"content_direction":"row","horizontal_alignment":"flex-start","vertical_alignment":"center","image_layout":"left","align_baseline":false,"gap":30,"loop":false,"navigation":"arrows","pagination_type":"bullets","enable_lookbook_all_items_layout":false,"view_product":"popup","width":"full","custom_width":100,"height":"fit","custom_height":100,"inherit_color_scheme":true,"scheme_background":"#ffffff","scheme_background_gradient":"","scheme_foreground_heading":"#000000","scheme_foreground":"#000000","scheme_primary":"#000f9f","scheme_primary_hover":"#000000","scheme_border":"#e6e6e6","scheme_shadow":"#000000","background_media":"none","video_position":"cover","background_image_position":"cover","toggle_overlay":false,"overlay_color":"#00000026","overlay_style":"solid","gradient_direction":"to top","padding-block-start":0,"padding-block-end":0,"padding-inline-start":0,"padding-inline-end":0},"blocks":{"lookbook_row_RxNdKn":{"type":"_lookbook-row","name":"Lookbook row","settings":{"layout_type":"grid","carousel_on_mobile":false,"columns_grid":2,"mobile_columns_grid":"2","mobile_columns_carousel":2,"content_direction":"row","horizontal_alignment":"start","vertical_alignment":"start","align_baseline":false,"image_layout":"left","gap":30,"width":"fill","custom_width":100,"width_mobile":"fill","custom_width_mobile":100,"height":"fit","custom_height":100,"padding-block-start":0,"padding-block-end":0,"padding-inline-start":0,"padding-inline-end":0},"blocks":{"lookbook_group_G6PnMK":{"type":"_lookbook-group","name":"Lookbook group","settings":{"content_direction":"column","content_direction_mobile":"column","horizontal_alignment":"flex-start","vertical_alignment":"center","align_baseline":false,"horizontal_alignment_flex_direction_column":"flex-start","vertical_alignment_flex_direction_column":"center","horizontal_alignment_mobile":"flex-start","vertical_alignment_mobile":"center","horizontal_alignment_flex_direction_column_mobile":"flex-start","vertical_alignment_flex_direction_column_mobile":"center","gap":12,"width":"fill","custom_width":100,"width_mobile":"fill","custom_width_mobile":100,"height":"fit","custom_height":100,"inherit_color_scheme":true,"color_scheme":"","background_media":"none","video_position":"cover","background_image_position":"cover","content_overlay":false,"image_ratio":"adapt","border":"none","border_width":1,"border_radius":0,"toggle_overlay":false,"overlay_color":"#00000026","extend_left_overlay":false,"extend_right_overlay":false,"overlay_style":"solid","gradient_direction":"to top","enable_parallax":"none","disable_parallax_mobile":false,"parallax_speed":0.5,"horizontal_position":0,"vertical_position":0,"shadow_color":"rgba(0,0,0,0)","shadow_horizontal_offset":0,"shadow_vertical_offset":0,"shadow_blur":0,"spread_radius":0,"margin-block-start":0,"margin-block-start-mobile":0,"margin-block-end":0,"margin-block-end-mobile":0,"margin-inline-start":0,"margin-inline-start-mobile":0,"margin-inline-end":0,"margin-inline-end-mobile":0,"padding-block-start":0,"padding-block-end":0,"padding-inline-start":0,"padding-inline-end":0},"blocks":{"lookbook_item_Wbz943":{"type":"_lookbook-item","name":"Lookbook banner","settings":{"background_image":"","background_image_position":"cover","link":"","hide_on_mobile":false,"dots_style_type":"plus","show_products_button":false,"products_button_text":"Show Products","products_button_text_hide":"Hide Products","style_class":"button","button_style":"custom","button_border_width":1,"button_border_radius":5,"button_type_font":"var(--font-body--family)","button_type_size":"1.4rem","button_font_weight":"400","button_text_case":"default","buttons_shadow_horizontal_offset":0,"buttons_shadow_vertical_offset":0,"buttons_shadow_blur":0,"button_type_size_link":"1.2rem","button_font_weight_link":"default","case":"none","wrap":"pretty","font_style":"normal","link_underline":false,"link_hover_underline":true,"link_reveal":false,"image_ratio":"adapt","width":"custom","custom_width":100,"width_tablet":"custom","custom_width_tablet":100,"width_mobile":"custom","custom_width_mobile":100,"height":"fit","border":"none","border_width":1,"border_opacity":100,"border_radius":0,"animation_type":"none","parallax_speed":0.5,"padding_top":0,"padding_right":0,"padding_bottom":0,"padding_left":0},"blocks":{"lookbook_dot_PNCkVp":{"type":"_lookbook-dot","name":"Lookbook dot","settings":{"dot_inner_color":"#ffffff","dot_outer_color":"#2d2d2d","dot_size_desktop":12,"dot_size_mobile":8,"dot_position_top":14,"dot_position_left":58,"product":"game-cover-21","card_product_option":"horizontal","show_product_image":false,"show_product_title":true,"show_product_price":true,"show_product_variant":false,"show_product_button":false,"quick_add":"none"},"blocks":{}}},"block_order":["lookbook_dot_PNCkVp"]}},"block_order":["lookbook_item_Wbz943"]},"lookbook_group_YKY3KR":{"type":"_lookbook-group","name":"Lookbook group","settings":{"content_direction":"column","content_direction_mobile":"column","horizontal_alignment":"flex-start","vertical_alignment":"center","align_baseline":false,"horizontal_alignment_flex_direction_column":"flex-start","vertical_alignment_flex_direction_column":"center","horizontal_alignment_mobile":"flex-start","vertical_alignment_mobile":"center","horizontal_alignment_flex_direction_column_mobile":"flex-start","vertical_alignment_flex_direction_column_mobile":"center","gap":12,"width":"fill","custom_width":100,"width_mobile":"fill","custom_width_mobile":100,"height":"fit","custom_height":100,"inherit_color_scheme":true,"color_scheme":"","background_media":"none","video_position":"cover","background_image_position":"cover","content_overlay":false,"image_ratio":"adapt","border":"none","border_width":1,"border_radius":0,"toggle_overlay":false,"overlay_color":"#00000026","extend_left_overlay":false,"extend_right_overlay":false,"overlay_style":"solid","gradient_direction":"to top","enable_parallax":"none","disable_parallax_mobile":false,"parallax_speed":0.5,"horizontal_position":0,"vertical_position":0,"shadow_color":"rgba(0,0,0,0)","shadow_horizontal_offset":0,"shadow_vertical_offset":0,"shadow_blur":0,"spread_radius":0,"margin-block-start":0,"margin-block-start-mobile":0,"margin-block-end":0,"margin-block-end-mobile":0,"margin-inline-start":0,"margin-inline-start-mobile":0,"margin-inline-end":0,"margin-inline-end-mobile":0,"padding-block-start":0,"padding-block-end":0,"padding-inline-start":0,"padding-inline-end":0},"blocks":{"lookbook_item_jVWxbd":{"type":"_lookbook-item","name":"Lookbook banner","settings":{"background_image":"","background_image_position":"cover","link":"","hide_on_mobile":false,"dots_style_type":"plus","show_products_button":false,"products_button_text":"Show Products","products_button_text_hide":"Hide Products","style_class":"button","button_style":"custom","button_border_width":1,"button_border_radius":5,"button_type_font":"var(--font-body--family)","button_type_size":"1.4rem","button_font_weight":"400","button_text_case":"default","buttons_shadow_horizontal_offset":0,"buttons_shadow_vertical_offset":0,"buttons_shadow_blur":0,"button_type_size_link":"1.2rem","button_font_weight_link":"default","case":"none","wrap":"pretty","font_style":"normal","link_underline":false,"link_hover_underline":true,"link_reveal":false,"image_ratio":"adapt","width":"custom","custom_width":100,"width_tablet":"custom","custom_width_tablet":100,"width_mobile":"custom","custom_width_mobile":100,"height":"fit","border":"none","border_width":1,"border_opacity":100,"border_radius":0,"animation_type":"none","parallax_speed":0.5,"padding_top":0,"padding_right":0,"padding_bottom":0,"padding_left":0},"blocks":{"lookbook_dot_p6F8Gf":{"type":"_lookbook-dot","name":"Lookbook dot","settings":{"dot_inner_color":"#ffffff","dot_outer_color":"#2d2d2d","dot_size_desktop":12,"dot_size_mobile":8,"dot_position_top":45,"dot_position_left":47,"product":"game-cover-21","card_product_option":"horizontal","show_product_image":false,"show_product_title":true,"show_product_price":true,"show_product_variant":false,"show_product_button":false,"quick_add":"none"},"blocks":{}}},"block_order":["lookbook_dot_p6F8Gf"]}},"block_order":["lookbook_item_jVWxbd"]},"lookbook_group_88w8xM":{"type":"_lookbook-group","name":"Lookbook group","settings":{"content_direction":"column","content_direction_mobile":"column","horizontal_alignment":"flex-start","vertical_alignment":"center","align_baseline":false,"horizontal_alignment_flex_direction_column":"flex-start","vertical_alignment_flex_direction_column":"center","horizontal_alignment_mobile":"flex-start","vertical_alignment_mobile":"center","horizontal_alignment_flex_direction_column_mobile":"flex-start","vertical_alignment_flex_direction_column_mobile":"center","gap":12,"width":"fill","custom_width":100,"width_mobile":"fill","custom_width_mobile":100,"height":"fit","custom_height":100,"inherit_color_scheme":true,"color_scheme":"","background_media":"none","video_position":"cover","background_image_position":"cover","content_overlay":false,"image_ratio":"adapt","border":"none","border_width":1,"border_radius":0,"toggle_overlay":false,"overlay_color":"#00000026","extend_left_overlay":false,"extend_right_overlay":false,"overlay_style":"solid","gradient_direction":"to top","enable_parallax":"none","disable_parallax_mobile":false,"parallax_speed":0.5,"horizontal_position":0,"vertical_position":0,"shadow_color":"rgba(0,0,0,0)","shadow_horizontal_offset":0,"shadow_vertical_offset":0,"shadow_blur":0,"spread_radius":0,"margin-block-start":0,"margin-block-start-mobile":0,"margin-block-end":0,"margin-block-end-mobile":0,"margin-inline-start":0,"margin-inline-start-mobile":0,"margin-inline-end":0,"margin-inline-end-mobile":0,"padding-block-start":0,"padding-block-end":0,"padding-inline-start":0,"padding-inline-end":0},"blocks":{"lookbook_item_4bbyPg":{"type":"_lookbook-item","name":"Lookbook banner","settings":{"background_image":"","background_image_position":"cover","link":"","hide_on_mobile":false,"dots_style_type":"plus","show_products_button":false,"products_button_text":"Show Products","products_button_text_hide":"Hide Products","style_class":"button","button_style":"custom","button_border_width":1,"button_border_radius":5,"button_type_font":"var(--font-body--family)","button_type_size":"1.4rem","button_font_weight":"400","button_text_case":"default","buttons_shadow_horizontal_offset":0,"buttons_shadow_vertical_offset":0,"buttons_shadow_blur":0,"button_type_size_link":"1.2rem","button_font_weight_link":"default","case":"none","wrap":"pretty","font_style":"normal","link_underline":false,"link_hover_underline":true,"link_reveal":false,"image_ratio":"adapt","width":"custom","custom_width":100,"width_tablet":"custom","custom_width_tablet":100,"width_mobile":"custom","custom_width_mobile":100,"height":"fit","border":"none","border_width":1,"border_opacity":100,"border_radius":0,"animation_type":"none","parallax_speed":0.5,"padding_top":0,"padding_right":0,"padding_bottom":0,"padding_left":0},"blocks":{"lookbook_dot_i4zQL7":{"type":"_lookbook-dot","name":"Lookbook dot","settings":{"dot_inner_color":"#ffffff","dot_outer_color":"#2d2d2d","dot_size_desktop":12,"dot_size_mobile":8,"dot_position_top":53,"dot_position_left":49,"product":"game-cover-21","card_product_option":"horizontal","show_product_image":false,"show_product_title":true,"show_product_price":true,"show_product_variant":false,"show_product_button":false,"quick_add":"none"},"blocks":{}}},"block_order":["lookbook_dot_i4zQL7"]}},"block_order":["lookbook_item_4bbyPg"]},"lookbook_group_gm37Pc":{"type":"_lookbook-group","name":"Lookbook group","settings":{"content_direction":"column","content_direction_mobile":"column","horizontal_alignment":"flex-start","vertical_alignment":"center","align_baseline":false,"horizontal_alignment_flex_direction_column":"flex-start","vertical_alignment_flex_direction_column":"center","horizontal_alignment_mobile":"flex-start","vertical_alignment_mobile":"center","horizontal_alignment_flex_direction_column_mobile":"flex-start","vertical_alignment_flex_direction_column_mobile":"center","gap":12,"width":"fill","custom_width":100,"width_mobile":"fill","custom_width_mobile":100,"height":"fit","custom_height":100,"inherit_color_scheme":true,"color_scheme":"","background_media":"none","video_position":"cover","background_image_position":"cover","content_overlay":false,"image_ratio":"adapt","border":"none","border_width":1,"border_radius":0,"toggle_overlay":false,"overlay_color":"#00000026","extend_left_overlay":false,"extend_right_overlay":false,"overlay_style":"solid","gradient_direction":"to top","enable_parallax":"none","disable_parallax_mobile":false,"parallax_speed":0.5,"horizontal_position":0,"vertical_position":0,"shadow_color":"rgba(0,0,0,0)","shadow_horizontal_offset":0,"shadow_vertical_offset":0,"shadow_blur":0,"spread_radius":0,"margin-block-start":0,"margin-block-start-mobile":0,"margin-block-end":0,"margin-block-end-mobile":0,"margin-inline-start":0,"margin-inline-start-mobile":0,"margin-inline-end":0,"margin-inline-end-mobile":0,"padding-block-start":0,"padding-block-end":0,"padding-inline-start":0,"padding-inline-end":0},"blocks":{"lookbook_item_ChVcFd":{"type":"_lookbook-item","name":"Lookbook banner","settings":{"background_image":"","background_image_position":"cover","link":"","hide_on_mobile":false,"dots_style_type":"plus","show_products_button":false,"products_button_text":"Show Products","products_button_text_hide":"Hide Products","style_class":"button","button_style":"custom","button_border_width":1,"button_border_radius":5,"button_type_font":"var(--font-body--family)","button_type_size":"1.4rem","button_font_weight":"400","button_text_case":"default","buttons_shadow_horizontal_offset":0,"buttons_shadow_vertical_offset":0,"buttons_shadow_blur":0,"button_type_size_link":"1.2rem","button_font_weight_link":"default","case":"none","wrap":"pretty","font_style":"normal","link_underline":false,"link_hover_underline":true,"link_reveal":false,"image_ratio":"adapt","width":"custom","custom_width":100,"width_tablet":"custom","custom_width_tablet":100,"width_mobile":"custom","custom_width_mobile":100,"height":"fit","border":"none","border_width":1,"border_opacity":100,"border_radius":0,"animation_type":"none","parallax_speed":0.5,"padding_top":0,"padding_right":0,"padding_bottom":0,"padding_left":0},"blocks":{"lookbook_dot_8JdXQy":{"type":"_lookbook-dot","name":"Lookbook dot","settings":{"dot_inner_color":"#ffffff","dot_outer_color":"#2d2d2d","dot_size_desktop":12,"dot_size_mobile":8,"dot_position_top":22,"dot_position_left":42,"product":"game-cover-21","card_product_option":"horizontal","show_product_image":false,"show_product_title":true,"show_product_price":true,"show_product_variant":false,"show_product_button":false,"quick_add":"none"},"blocks":{}}},"block_order":["lookbook_dot_8JdXQy"]}},"block_order":["lookbook_item_ChVcFd"]}},"block_order":["lookbook_group_G6PnMK","lookbook_group_YKY3KR","lookbook_group_88w8xM","lookbook_group_gm37Pc"]},"lookbook_item_qyjBMm":{"type":"_lookbook-item","name":"Lookbook banner","settings":{"background_image":"","background_image_position":"cover","link":"","hide_on_mobile":false,"dots_style_type":"plus","show_products_button":true,"products_button_text":"Show Products","products_button_text_hide":"Hide Products","style_class":"button","button_style":"custom","button_border_width":1,"button_border_radius":5,"button_type_font":"var(--font-body--family)","button_type_size":"1.4rem","button_font_weight":"400","button_text_case":"default","buttons_shadow_horizontal_offset":0,"buttons_shadow_vertical_offset":0,"buttons_shadow_blur":0,"button_type_size_link":"1.2rem","button_font_weight_link":"default","case":"none","wrap":"pretty","font_style":"normal","link_underline":false,"link_hover_underline":true,"link_reveal":false,"image_ratio":"adapt","width":"custom","custom_width":100,"width_tablet":"custom","custom_width_tablet":100,"width_mobile":"custom","custom_width_mobile":100,"height":"fit","border":"none","border_width":1,"border_opacity":100,"border_radius":0,"animation_type":"none","parallax_speed":0.5,"padding_top":0,"padding_right":0,"padding_bottom":0,"padding_left":0},"blocks":{"lookbook_dot_LnmjBD":{"type":"_lookbook-dot","name":"Lookbook dot","settings":{"dot_inner_color":"#ffffff","dot_outer_color":"#2d2d2d","dot_size_desktop":12,"dot_size_mobile":8,"dot_position_top":65,"dot_position_left":36,"product":"game-cover-21","card_product_option":"horizontal","show_product_image":false,"show_product_title":true,"show_product_price":true,"show_product_variant":false,"show_product_button":false,"quick_add":"none"},"blocks":{}}},"block_order":["lookbook_dot_LnmjBD"]}},"block_order":["lookbook_row_RxNdKn","lookbook_item_qyjBMm"]}},"name":"Lookbook","settings":{"content_direction":"column","content_direction_mobile":"column","horizontal_alignment":"flex-start","vertical_alignment":"center","align_baseline":false,"horizontal_alignment_flex_direction_column":"flex-start","vertical_alignment_flex_direction_column":"center","gap":0,"section_width":"custom","page_width_custom":1170,"section_height":"","section_height_custom":50,"color_scheme":"","background_media":"none","video_position":"cover","background_image_position":"cover","border":"none","border_width":1,"border_radius":0,"toggle_overlay":false,"overlay_color":"#00000026","overlay_style":"solid","gradient_direction":"to top","image_behavior":"none","padding-block-start":0,"padding-block-end":30}},"section_Umckxn":{"type":"section","blocks":{"social_icons_MkJbNh":{"type":"social-icons","name":"Social icons","settings":{"gap_x":30,"gap_y":10,"padding-block-start":0,"padding-block-end":0},"blocks":{}},"button_9KHgVG":{"type":"button","name":"Button","settings":{"label":"SHOP THE LOOK","link":"","open_in_new_tab":false,"style_class":"button","button_style":"default","button_border_width":1,"button_border_radius":100,"button_type_font":"var(--font-body--family)","button_type_size":"1.2rem","button_font_weight":"default","button_text_case":"default","buttons_shadow_horizontal_offset":0,"buttons_shadow_vertical_offset":0,"buttons_shadow_blur":0,"button_type_size_link":"1.2rem","button_font_weight_link":"default","case":"none","wrap":"pretty","font_style":"normal","link_underline":false,"link_hover_underline":true,"link_reveal":false,"width":"custom","unit":"pixel","custom_width":100,"custom_width_pixel":320,"buttons_padding_vertical":15,"buttons_padding_horizontal":20,"width_mobile":"fit-content","unit_mobile":"percent","custom_width_mobile":100,"custom_width_mobile_pixel":100,"buttons_padding_vertical_mobile":10,"buttons_padding_horizontal_mobile":10},"blocks":{}}},"block_order":["social_icons_MkJbNh","button_9KHgVG"],"name":"Custom section","settings":{"content_direction":"column","content_direction_mobile":"column","horizontal_alignment":"flex-start","vertical_alignment":"center","align_baseline":false,"horizontal_alignment_flex_direction_column":"center","vertical_alignment_flex_direction_column":"center","gap":38,"section_width":"custom","page_width_custom":1170,"section_height":"","section_height_custom":50,"color_scheme":"","background_media":"none","video_position":"cover","background_image_position":"cover","border":"none","border_width":1,"border_radius":0,"toggle_overlay":false,"overlay_color":"#00000026","overlay_style":"solid","gradient_direction":"to top","image_behavior":"none","padding-block-start":15,"padding-block-end":100,"padding-inline-start":0,"padding-inline-end":0}},"lookbook_q8nVmX":{"type":"lookbook","blocks":{"static-header":{"type":"_product-list-content","static":true,"settings":{"content_direction":"column","content_direction_mobile":"column","horizontal_alignment":"flex-start","vertical_alignment":"center","align_baseline":false,"horizontal_alignment_flex_direction_column":"flex-start","vertical_alignment_flex_direction_column":"center","horizontal_alignment_mobile":"flex-start","vertical_alignment_mobile":"center","horizontal_alignment_flex_direction_column_mobile":"flex-start","vertical_alignment_flex_direction_column_mobile":"center","gap":12,"width":"fill","custom_width":100,"width_mobile":"fill","custom_width_mobile":100,"height":"fit","custom_height":100,"inherit_color_scheme":true,"scheme_background":"#ffffff","scheme_background_gradient":"","scheme_foreground_heading":"#000000","scheme_foreground":"#000000","scheme_primary":"#000f9f","scheme_primary_hover":"#000000","scheme_border":"#e6e6e6","scheme_shadow":"#000000","background_media":"none","video_position":"cover","background_image_position":"cover","content_overlay":false,"image_ratio":"adapt","border":"none","border_width":1,"border_radius":0,"toggle_overlay":false,"overlay_color":"#00000026","extend_left_overlay":false,"extend_right_overlay":false,"overlay_style":"solid","gradient_direction":"to top","enable_parallax":"none","disable_parallax_mobile":false,"parallax_speed":0.5,"horizontal_position":0,"vertical_position":0,"shadow_color":"rgba(0,0,0,0)","shadow_horizontal_offset":0,"shadow_vertical_offset":0,"shadow_blur":0,"spread_radius":0,"margin-block-start":0,"margin-block-start-mobile":0,"margin-block-end":0,"margin-block-end-mobile":0,"margin-inline-start":0,"margin-inline-start-mobile":0,"margin-inline-end":0,"margin-inline-end-mobile":0,"padding-block-start":0,"padding-block-end":0,"padding-inline-start":0,"padding-inline-end":0},"blocks":{}},"static-lookbook":{"type":"_lookbook","static":true,"settings":{"layout_type":"grid","carousel_on_mobile":false,"columns_grid":2,"columns_carousel":5,"mobile_columns_grid":"1","mobile_columns_carousel":2,"content_direction":"row","horizontal_alignment":"flex-start","vertical_alignment":"center","image_layout":"left","align_baseline":false,"gap":76,"loop":false,"navigation":"arrows","pagination_type":"bullets","enable_lookbook_all_items_layout":true,"view_product":"popup","width":"fit","custom_width":23,"height":"fit","custom_height":100,"inherit_color_scheme":true,"scheme_background":"#ffffff","scheme_background_gradient":"","scheme_foreground_heading":"#000000","scheme_foreground":"#000000","scheme_primary":"#000f9f","scheme_primary_hover":"#000000","scheme_border":"#e6e6e6","scheme_shadow":"#000000","background_media":"none","video_position":"contain","background_image_position":"cover","toggle_overlay":false,"overlay_color":"#00000026","overlay_style":"solid","gradient_direction":"to top","padding-block-start":0,"padding-block-end":0,"padding-inline-start":0,"padding-inline-end":0},"blocks":{"lookbook_item_cUNxE6":{"type":"_lookbook-item","name":"Lookbook banner","settings":{"background_image":"","background_image_position":"cover","link":"","hide_on_mobile":false,"dots_style_type":"plus","show_products_button":false,"products_button_text":"Show Products","products_button_text_hide":"Hide Products","style_class":"button","button_style":"custom","button_border_width":1,"button_border_radius":5,"button_type_font":"var(--font-body--family)","button_type_size":"1.4rem","button_font_weight":"400","button_text_case":"default","buttons_shadow_horizontal_offset":0,"buttons_shadow_vertical_offset":0,"buttons_shadow_blur":0,"button_type_size_link":"1.2rem","button_font_weight_link":"default","case":"none","wrap":"pretty","font_style":"normal","link_underline":false,"link_hover_underline":true,"link_reveal":false,"image_ratio":"adapt","width":"custom","custom_width":100,"width_tablet":"custom","custom_width_tablet":100,"width_mobile":"custom","custom_width_mobile":100,"height":"fit","border":"none","border_width":1,"border_opacity":100,"border_radius":0,"animation_type":"none","parallax_speed":0.5,"padding_top":0,"padding_right":0,"padding_bottom":0,"padding_left":0},"blocks":{"lookbook_dot_Cmn3UX":{"type":"_lookbook-dot","name":"Lookbook dot","settings":{"dot_inner_color":"#ffffff","dot_outer_color":"#2d2d2d","dot_size_desktop":12,"dot_size_mobile":8,"dot_position_top":10,"dot_position_left":66,"product":"the-diana-interlaced-band-in-2-90ctw-yellow-gold","card_product_option":"horizontal","show_product_image":false,"show_product_title":true,"show_product_price":true,"show_product_variant":false,"show_product_button":false,"quick_add":"none"},"blocks":{}},"lookbook_dot_iXhjf9":{"type":"_lookbook-dot","name":"Lookbook dot","settings":{"dot_inner_color":"#ffffff","dot_outer_color":"#2d2d2d","dot_size_desktop":12,"dot_size_mobile":8,"dot_position_top":58,"dot_position_left":77,"product":"classic-diana-tennis-bracelet-2-90ctw-yellow-gold","card_product_option":"horizontal","show_product_image":false,"show_product_title":true,"show_product_price":true,"show_product_variant":false,"show_product_button":false,"quick_add":"none"},"blocks":{}},"lookbook_dot_3P8U8W":{"type":"_lookbook-dot","name":"Lookbook dot","settings":{"dot_inner_color":"#ffffff","dot_outer_color":"#2d2d2d","dot_size_desktop":12,"dot_size_mobile":8,"dot_position_top":75,"dot_position_left":24,"product":"celeste-diamond-orbit-ring-1-50ctw-rose-gold-copy","card_product_option":"horizontal","show_product_image":false,"show_product_title":true,"show_product_price":true,"show_product_variant":false,"show_product_button":false,"quick_add":"none"},"blocks":{}}},"block_order":["lookbook_dot_Cmn3UX","lookbook_dot_iXhjf9","lookbook_dot_3P8U8W"]},"lookbook_row_6n8gfq":{"type":"_lookbook-row","name":"Lookbook row","settings":{"layout_type":"grid","carousel_on_mobile":false,"columns_grid":1,"mobile_columns_grid":"1","mobile_columns_carousel":2,"content_direction":"row","horizontal_alignment":"center","vertical_alignment":"center","align_baseline":false,"image_layout":"left","gap":12,"width":"fill","custom_width":100,"width_mobile":"fill","custom_width_mobile":100,"height":"fill","custom_height":100,"padding-block-start":0,"padding-block-end":0,"padding-inline-start":15,"padding-inline-end":15},"blocks":{"lookbook_item_all_MeQyYq":{"type":"_lookbook-item-all","name":"Lookbook item all","settings":{"product_list":["the-diana-interlaced-band-in-2-90ctw-yellow-gold","classic-diana-tennis-bracelet-2-90ctw-yellow-gold","celeste-diamond-orbit-ring-1-50ctw-rose-gold-copy"],"gap":0,"loop":false,"navigation":"arrows","arrows_position":"inside","pagination_type":"bullets","width":"custom","custom_width":52,"width_mobile":"fill","custom_width_mobile":64},"blocks":{"text_eb7nfb":{"type":"text","name":"Heading","settings":{"text":"<h2>Rings<\/h2>","typing_text":false,"primary_text":"Welcome to our store!","secondary_text":"Exclusive offers just for you.","third_text":"Shop now and enjoy deals!","highlight_text":false,"highlight_text_content":"","highlight_text_type":"text","highlight_text_color":"#000000","highlight_underline_color":"#000000","spacing_text":false,"spacing_text_content":"","spacing_text_left":0,"spacing_text_right":0,"stroke_text":false,"stroke_text_content":"","width":"fit-content","unit":"percent","custom_width":100,"custom_width_pixel":500,"inherit_text_alignment":true,"alignment":"left","width_tablet":"fit-content","unit_tablet":"percent","custom_width_tablet":100,"custom_width_tablet_pixel":100,"inherit_text_alignment_tablet":true,"alignment_tablet":"left","width_mobile":"fit-content","unit_mobile":"percent","custom_width_mobile":100,"custom_width_mobile_pixel":100,"inherit_text_alignment_mobile":true,"alignment_mobile":"left","type_preset":"rte","font":"var(--font-body--family)","font_size":"1.6rem","line_height":"normal","letter_spacing":"normal","case":"none","wrap":"pretty","color":"var(--color-foreground-heading)","background":false,"background_color":"#00000026","enable_border":false,"enable_border_bottom":false,"border":"none","border_width":0,"border_width_type":"100%","border_custom_width":100,"border_radius":0,"text_effect":"none","animation_repeat":false,"padding-block-start":0,"padding-block-end":0,"padding-inline-start":0,"padding-inline-end":0},"blocks":{}},"text_7aQNYL":{"type":"text","name":"Text","settings":{"text":"<p>A modern interpretation of elegance—four interlacing bands in polished 2.90ctw yellow gold, creating a look that’s both powerful and refined. Perfect for layering or standing alone as a statement of sophistication.<\/p>","typing_text":false,"primary_text":"Welcome to our store!","secondary_text":"Exclusive offers just for you.","third_text":"Shop now and enjoy deals!","highlight_text":false,"highlight_text_content":"","highlight_text_type":"text","highlight_text_color":"#000000","highlight_underline_color":"#000000","spacing_text":false,"spacing_text_content":"","spacing_text_left":0,"spacing_text_right":0,"stroke_text":false,"stroke_text_content":"","width":"fit-content","unit":"percent","custom_width":100,"custom_width_pixel":500,"inherit_text_alignment":true,"alignment":"left","width_tablet":"fit-content","unit_tablet":"percent","custom_width_tablet":100,"custom_width_tablet_pixel":100,"inherit_text_alignment_tablet":true,"alignment_tablet":"left","width_mobile":"fit-content","unit_mobile":"percent","custom_width_mobile":100,"custom_width_mobile_pixel":100,"inherit_text_alignment_mobile":true,"alignment_mobile":"left","type_preset":"rte","font":"var(--font-body--family)","font_size":"1.6rem","line_height":"normal","letter_spacing":"normal","case":"none","wrap":"pretty","color":"var(--color-foreground)","background":false,"background_color":"#00000026","enable_border":false,"enable_border_bottom":false,"border":"none","border_width":0,"border_width_type":"100%","border_custom_width":100,"border_radius":0,"text_effect":"none","animation_repeat":false,"padding-block-start":12,"padding-block-end":48,"padding-inline-start":0,"padding-inline-end":0},"blocks":{}},"product-slide-item":{"type":"card-product-flex","static":true,"settings":{"product":"{{ closest.product }}","inherit_color_scheme":true,"scheme_background":"#ffffff","scheme_background_gradient":"","scheme_foreground_heading":"#000000","scheme_foreground":"#000000","scheme_primary":"#000f9f","scheme_primary_hover":"#000000","scheme_border":"#e6e6e6","scheme_shadow":"#000000","border":"none","border_width":1,"border_opacity":100,"border_radius":0,"content_direction":"column","wrap":"no-wrap","align_items":"stretch","justify_content":"end","gap":12,"width":"fill","custom_width":100,"padding-block-start":0,"padding-block-end":0,"padding-inline-start":0,"padding-inline-end":0},"blocks":{"card_product_media_flex_n9nntN":{"type":"_card-product-media-flex","name":"Product media","settings":{"product":"{{ closest.product }}","image_ratio":"adapt","show_secondary_image":true,"width_option":"full","custom_width":80},"blocks":{}},"card_product_information_inQCN4":{"type":"_card-product-information","name":"Group: Product Information","settings":{"width_option":"full","custom_width":80,"content_direction":"column","content_direction_mobile":"column","wrap":"wrap","wrap_tablet":"wrap","vertical_alignment":"center","horizontal_alignment":"flex-start","horizontal_alignment_flex_direction_column":"flex-start","vertical_alignment_flex_direction_column":"center","gap_y":10,"gap_x":10,"inherit_color_scheme":true,"scheme_background":"#ffffff","scheme_background_gradient":"","scheme_foreground_heading":"#000000","scheme_foreground":"#000000","scheme_primary":"#000f9f","scheme_primary_hover":"#000000","scheme_border":"#e6e6e6","scheme_shadow":"#000000","padding_top":0,"padding_right":0,"padding_bottom":0,"padding_left":0},"blocks":{"card_product_title_flex_QDUpJL":{"type":"_card-product-title-flex","name":"Product title","settings":{"product":"{{ closest.product }}","width":"fit-content","unit":"percent","custom_width":100,"custom_width_pixel":500,"alignment":"left","type_preset":"custom","font":"var(--font-body--family)","font_size":"2.4rem","letter_spacing":"normal","case":"none","wrap":"pretty","padding-block-start":12,"padding-block-end":0,"padding-inline-end":0,"padding-inline-start":0},"blocks":{}},"card_product_price_flex_EwbECD":{"type":"_card-product-price-flex","name":"Product price","settings":{"product":"{{ closest.product }}","type_preset":"custom","width":"fit-content","alignment":"left","font":"var(--font-body--family)","font_size":"1.8rem","line_height":"normal","letter_spacing":"normal","case":"none","padding-block-start":0,"padding-block-end":0,"padding-inline-start":0,"padding-inline-end":0},"blocks":{}},"card_product_button_flex_BQqDrK":{"type":"_card-product-button-flex","name":"Product button","settings":{"product":"{{ closest.product }}","quick_add":"standard","style_class":"link","corner_radius":0,"link_underline":true,"width":"fill","custom_width":100,"width_mobile":"fill","custom_width_mobile":100,"padding_block":7,"padding_inline":0},"blocks":{}}},"block_order":["card_product_title_flex_QDUpJL","card_product_price_flex_EwbECD","card_product_button_flex_BQqDrK"]}},"block_order":["card_product_media_flex_n9nntN","card_product_information_inQCN4"]}},"block_order":["text_eb7nfb","text_7aQNYL"]}},"block_order":["lookbook_item_all_MeQyYq"]}},"block_order":["lookbook_item_cUNxE6","lookbook_row_6n8gfq"]}},"name":"Lookbook","settings":{"content_direction":"column","content_direction_mobile":"column","horizontal_alignment":"flex-start","vertical_alignment":"center","align_baseline":false,"horizontal_alignment_flex_direction_column":"flex-start","vertical_alignment_flex_direction_column":"center","gap":39,"section_width":"full-width","page_width_custom":1570,"section_height":"","section_height_custom":50,"color_scheme":"","background_media":"none","video_position":"cover","background_image_position":"cover","border":"none","border_width":1,"border_radius":0,"toggle_overlay":false,"overlay_color":"#00000026","overlay_style":"solid","gradient_direction":"to top","image_behavior":"none","padding-block-start":0,"padding-block-end":0}},"section_G838tD":{"type":"section","blocks":{"group_basic_LrWWxL":{"type":"group-basic","name":"Group: Basic","settings":{"link":"","open_in_new_tab":false,"content_direction":"column","content_direction_mobile":"column","horizontal_alignment":"flex-start","vertical_alignment":"center","align_baseline":false,"horizontal_alignment_flex_direction_column":"flex-start","vertical_alignment_flex_direction_column":"center","horizontal_alignment_mobile":"flex-start","vertical_alignment_mobile":"center","horizontal_alignment_flex_direction_column_mobile":"flex-start","vertical_alignment_flex_direction_column_mobile":"center","gap":12,"width":"fill","custom_width":100,"width_tablet":"fill","custom_width_tablet":100,"width_mobile":"fill","custom_width_mobile":100,"height":"fit","custom_height":100,"inherit_color_scheme":true,"scheme_background":"#FFFFFF","scheme_background_gradient":"","scheme_foreground_heading":"#000000","scheme_foreground":"#000000","scheme_primary":"#000F9F","scheme_primary_hover":"#000000","scheme_border":"#E6E6E6","scheme_shadow":"#000000","padding-block-start":0,"padding-block-end":0,"padding-inline-start":0,"padding-inline-end":0},"blocks":{}}},"block_order":["group_basic_LrWWxL"],"name":"Custom section","settings":{"content_direction":"column","content_direction_mobile":"column","horizontal_alignment":"flex-start","vertical_alignment":"center","align_baseline":false,"horizontal_alignment_flex_direction_column":"flex-start","vertical_alignment_flex_direction_column":"center","gap":12,"section_width":"page-width","page_width_custom":1570,"section_height":"","section_height_custom":50,"color_scheme":"","background_media":"none","video_position":"cover","background_image_position":"cover","border":"none","border_width":1,"border_radius":0,"toggle_overlay":false,"overlay_color":"#00000026","overlay_style":"solid","gradient_direction":"to top","image_behavior":"none","padding-block-start":36,"padding-block-end":36,"padding-inline-start":0,"padding-inline-end":0}}},"order":["breadcrumb_kCyAFT","main","lookbook_rTiQht","lookbook_PWrcar","lookbook_WWVfph","section_Umckxn","lookbook_q8nVmX","section_G838tD"]}