{"sections":{"main":{"type":"main-page","blocks":{"breadcrumb_gcR3i4":{"type":"_breadcrumb","name":"Breadcrumb","settings":{"separator":"slash","horizontal_alignment":"start","gap":12,"font_size":"1.2rem","width":"fill","custom_width":100,"width_mobile":"fill","custom_width_mobile":100,"inherit_color_scheme":true,"background_media":"none","video_position":"cover","background_image_position":"cover","content_overlay":false,"image_ratio":"adapt","border":"none","border_width":1,"border_radius":0,"toggle_overlay":false,"overlay_color":"#00000026","extend_left_overlay":false,"extend_right_overlay":false,"overlay_style":"solid","gradient_direction":"to top","padding-block-start":0,"padding-block-end":37,"padding-inline-start":0,"padding-inline-end":0},"blocks":{}},"text_q48tHr":{"type":"text","name":"Heading","settings":{"text":"<p><strong>{{ closest.page.title }}<\/strong><\/p>","typing_text":false,"primary_text":"Welcome to our store!","secondary_text":"Exclusive offers just for you.","third_text":"Shop now and enjoy deals!","highlight_text":false,"highlight_text_content":"","highlight_text_type":"text","highlight_text_color":"#000000","highlight_underline_color":"#000000","spacing_text":false,"spacing_text_content":"","spacing_text_left":0,"spacing_text_right":0,"stroke_text":false,"stroke_text_content":"","width":"fit-content","unit":"percent","custom_width":100,"custom_width_pixel":500,"inherit_text_alignment":true,"alignment":"left","width_tablet":"fit-content","unit_tablet":"percent","custom_width_tablet":100,"custom_width_tablet_pixel":100,"inherit_text_alignment_tablet":true,"alignment_tablet":"left","width_mobile":"fit-content","unit_mobile":"percent","custom_width_mobile":100,"custom_width_mobile_pixel":100,"inherit_text_alignment_mobile":true,"alignment_mobile":"left","type_preset":"custom","font":"var(--font-body--family)","font_size":"2.0rem","line_height":"normal","letter_spacing":"normal","case":"none","wrap":"pretty","color":"var(--color-foreground)","background":false,"background_color":"#00000026","enable_border":false,"enable_border_bottom":false,"border":"none","border_width":0,"border_width_type":"100%","border_custom_width":100,"border_radius":0,"text_effect":"none","animation_repeat":false,"padding-block-start":0,"padding-block-end":25,"padding-inline-start":0,"padding-inline-end":0},"blocks":{}},"text_4Jqeij":{"type":"text","name":"Text","settings":{"text":"<p>Below FAQ are some common concerns of our clients before purchasing the theme.<br\/>If you have other questions, please just send it to <a href=\"mailto:example@domain.com\">example@domain.com<\/a>.<\/p>","typing_text":false,"primary_text":"Welcome to our store!","secondary_text":"Exclusive offers just for you.","third_text":"Shop now and enjoy deals!","highlight_text":false,"highlight_text_content":"","highlight_text_type":"text","highlight_text_color":"#000000","highlight_underline_color":"#000000","spacing_text":false,"spacing_text_content":"","spacing_text_left":0,"spacing_text_right":0,"stroke_text":false,"stroke_text_content":"","width":"fit-content","unit":"percent","custom_width":100,"custom_width_pixel":500,"inherit_text_alignment":true,"alignment":"left","width_tablet":"fit-content","unit_tablet":"percent","custom_width_tablet":100,"custom_width_tablet_pixel":100,"inherit_text_alignment_tablet":true,"alignment_tablet":"left","width_mobile":"fit-content","unit_mobile":"percent","custom_width_mobile":100,"custom_width_mobile_pixel":100,"inherit_text_alignment_mobile":true,"alignment_mobile":"left","type_preset":"custom","font":"var(--font-body--family)","font_size":"1.2rem","line_height":"normal","letter_spacing":"normal","case":"none","wrap":"pretty","color":"var(--color-foreground)","background":false,"background_color":"#00000026","enable_border":false,"enable_border_bottom":false,"border":"none","border_width":0,"border_width_type":"100%","border_custom_width":100,"border_radius":0,"text_effect":"none","animation_repeat":false,"padding-block-start":0,"padding-block-end":0,"padding-inline-start":0,"padding-inline-end":0},"blocks":{}}},"block_order":["breadcrumb_gcR3i4","text_q48tHr","text_4Jqeij"],"settings":{"content_direction":"column","content_direction_mobile":"column","horizontal_alignment":"start","vertical_alignment":"center","align_baseline":false,"horizontal_alignment_flex_direction_column":"flex-start","vertical_alignment_flex_direction_column":"center","gap":12,"section_width":"custom","page_width_custom":1170,"section_height":"","section_height_custom":50,"color_scheme":"scheme-1","background_media":"none","video_position":"cover","background_image_position":"cover","border":"none","border_width":1,"border_radius":0,"toggle_overlay":false,"overlay_color":"#00000026","overlay_style":"solid","gradient_direction":"to top","image_behavior":"none","padding-block-start":10,"padding-block-end":0}},"faqs_xmrUTi":{"type":"faqs","blocks":{"group_XF8ptH":{"type":"group","name":"Group","settings":{"link":"","open_in_new_tab":false,"content_direction":"row","content_direction_mobile":"column","horizontal_alignment":"flex-start","vertical_alignment":"flex-start","align_baseline":false,"horizontal_alignment_flex_direction_column":"flex-start","vertical_alignment_flex_direction_column":"center","horizontal_alignment_mobile":"flex-start","vertical_alignment_mobile":"center","horizontal_alignment_flex_direction_column_mobile":"flex-start","vertical_alignment_flex_direction_column_mobile":"center","gap":30,"width":"fill","custom_width":100,"width_mobile":"fill","custom_width_mobile":100,"height":"fit","custom_height":100,"inherit_color_scheme":true,"background_media":"none","video_position":"cover","background_image_position":"cover","content_overlay":false,"image_ratio":"adapt","border":"none","border_width":1,"border_radius":0,"toggle_overlay":false,"overlay_color":"#00000026","extend_left_overlay":false,"extend_right_overlay":false,"overlay_style":"solid","gradient_direction":"to top","enable_parallax":"none","disable_parallax_mobile":false,"parallax_speed":0.5,"horizontal_position":0,"vertical_position":0,"shadow_color":"rgba(0,0,0,0)","shadow_horizontal_offset":0,"shadow_vertical_offset":0,"shadow_blur":0,"spread_radius":0,"margin-block-start":0,"margin-block-start-mobile":0,"margin-block-end":0,"margin-block-end-mobile":0,"margin-inline-start":0,"margin-inline-start-mobile":0,"margin-inline-end":0,"margin-inline-end-mobile":0,"padding-block-start":0,"padding-block-end":0,"padding-inline-start":0,"padding-inline-end":0},"blocks":{"group_L9ek3d":{"type":"group","name":"Group","settings":{"link":"","open_in_new_tab":false,"content_direction":"column","content_direction_mobile":"column","horizontal_alignment":"flex-start","vertical_alignment":"center","align_baseline":false,"horizontal_alignment_flex_direction_column":"flex-start","vertical_alignment_flex_direction_column":"flex-end","horizontal_alignment_mobile":"flex-start","vertical_alignment_mobile":"center","horizontal_alignment_flex_direction_column_mobile":"flex-start","vertical_alignment_flex_direction_column_mobile":"center","gap":12,"width":"custom","custom_width":35,"width_mobile":"fill","custom_width_mobile":100,"height":"fit","custom_height":100,"inherit_color_scheme":true,"background_media":"none","video_position":"cover","background_image_position":"cover","content_overlay":false,"image_ratio":"adapt","border":"none","border_width":1,"border_radius":0,"toggle_overlay":false,"overlay_color":"#00000026","extend_left_overlay":false,"extend_right_overlay":false,"overlay_style":"solid","gradient_direction":"to top","enable_parallax":"none","disable_parallax_mobile":false,"parallax_speed":0.5,"horizontal_position":0,"vertical_position":0,"shadow_color":"rgba(0,0,0,0)","shadow_horizontal_offset":0,"shadow_vertical_offset":0,"shadow_blur":0,"spread_radius":0,"margin-block-start":0,"margin-block-start-mobile":0,"margin-block-end":0,"margin-block-end-mobile":0,"margin-inline-start":0,"margin-inline-start-mobile":0,"margin-inline-end":0,"margin-inline-end-mobile":0,"padding-block-start":0,"padding-block-end":0,"padding-inline-start":0,"padding-inline-end":0},"blocks":{"text_Lx8gPR":{"type":"text","name":"Heading","settings":{"text":"<h3>Need Help?<\/h3>","typing_text":false,"primary_text":"Welcome to our store!","secondary_text":"Exclusive offers just for you.","third_text":"Shop now and enjoy deals!","highlight_text":true,"highlight_text_content":"Need Help?","highlight_text_type":"underline","highlight_text_color":"#000000","highlight_underline_color":"#69c69c","spacing_text":false,"spacing_text_content":"","spacing_text_left":0,"spacing_text_right":0,"stroke_text":false,"stroke_text_content":"","width":"fit-content","unit":"percent","custom_width":100,"custom_width_pixel":500,"inherit_text_alignment":true,"alignment":"left","width_tablet":"fit-content","unit_tablet":"percent","custom_width_tablet":100,"custom_width_tablet_pixel":100,"inherit_text_alignment_tablet":true,"alignment_tablet":"left","width_mobile":"fit-content","unit_mobile":"percent","custom_width_mobile":100,"custom_width_mobile_pixel":100,"inherit_text_alignment_mobile":true,"alignment_mobile":"left","type_preset":"custom","font":"var(--font-body--family)","font_size":"1.4rem","line_height":"normal","letter_spacing":"normal","case":"none","wrap":"pretty","color":"var(--color-foreground)","background":false,"background_color":"#00000026","enable_border":false,"enable_border_bottom":false,"border":"none","border_width":0,"border_width_type":"100%","border_custom_width":100,"border_radius":0,"text_effect":"none","animation_repeat":false,"padding-block-start":0,"padding-block-end":28,"padding-inline-start":0,"padding-inline-end":0},"blocks":{}},"text_cnEBB3":{"type":"text","name":"Text","settings":{"text":"<p>If you have an issue or question that requires immediate assistance, you can click the button below to chat live with a Customer Service representative.<br\/><br\/>If we aren’t available, drop us an email and we will get back to you within 20-36 hours!<\/p>","typing_text":false,"primary_text":"Welcome to our store!","secondary_text":"Exclusive offers just for you.","third_text":"Shop now and enjoy deals!","highlight_text":false,"highlight_text_content":"","highlight_text_type":"text","highlight_text_color":"#000000","highlight_underline_color":"#000000","spacing_text":false,"spacing_text_content":"","spacing_text_left":0,"spacing_text_right":0,"stroke_text":false,"stroke_text_content":"","width":"fit-content","unit":"percent","custom_width":100,"custom_width_pixel":500,"inherit_text_alignment":true,"alignment":"left","width_tablet":"fit-content","unit_tablet":"percent","custom_width_tablet":100,"custom_width_tablet_pixel":100,"inherit_text_alignment_tablet":true,"alignment_tablet":"left","width_mobile":"fit-content","unit_mobile":"percent","custom_width_mobile":100,"custom_width_mobile_pixel":100,"inherit_text_alignment_mobile":true,"alignment_mobile":"left","type_preset":"custom","font":"var(--font-body--family)","font_size":"1.2rem","line_height":"normal","letter_spacing":"normal","case":"none","wrap":"pretty","color":"var(--color-foreground)","background":false,"background_color":"#00000026","enable_border":false,"enable_border_bottom":false,"border":"none","border_width":0,"border_width_type":"100%","border_custom_width":100,"border_radius":0,"text_effect":"none","animation_repeat":false,"padding-block-start":0,"padding-block-end":26,"padding-inline-start":0,"padding-inline-end":0},"blocks":{}},"multicolumn_dR6znH":{"type":"multicolumn","name":"Multicolumn","settings":{"layout_type":"grid","carousel_on_mobile":false,"columns_grid":2,"columns_carousel":2,"mobile_columns_grid":"2","mobile_columns_carousel":"2","vertical_alignment_flex_direction_column":"center","gap":16,"loop":false,"navigation":"arrows","pagination_type":"bullets","width":"fill","custom_width":100,"width_mobile":"fill","custom_width_mobile":100,"height":"fit","custom_height":100,"border":"solid","border_separator_items":true,"border_width":2,"border_opacity":35,"border_radius":5,"inherit_color_scheme":true,"background_media":"none","video_position":"cover","background_image_position":"cover","toggle_overlay":false,"overlay_color":"#00000026","overlay_style":"solid","gradient_direction":"to top","padding-block-start":30,"padding-block-end":30,"padding-inline-start":0,"padding-inline-end":0},"blocks":{"group_6C8rTF":{"type":"group","settings":{"link":"","open_in_new_tab":false,"content_direction":"column","content_direction_mobile":"column","horizontal_alignment":"flex-start","vertical_alignment":"center","align_baseline":false,"horizontal_alignment_flex_direction_column":"center","vertical_alignment_flex_direction_column":"center","horizontal_alignment_mobile":"flex-start","vertical_alignment_mobile":"center","horizontal_alignment_flex_direction_column_mobile":"center","vertical_alignment_flex_direction_column_mobile":"center","gap":6,"width":"fill","custom_width":100,"width_mobile":"fill","custom_width_mobile":100,"height":"fit","custom_height":100,"inherit_color_scheme":true,"background_media":"none","video_position":"cover","background_image_position":"cover","content_overlay":false,"image_ratio":"adapt","border":"none","border_width":1,"border_radius":0,"toggle_overlay":false,"overlay_color":"#00000026","extend_left_overlay":false,"extend_right_overlay":false,"overlay_style":"solid","gradient_direction":"to top","enable_parallax":"none","disable_parallax_mobile":false,"parallax_speed":0.5,"horizontal_position":0,"vertical_position":0,"shadow_color":"rgba(0,0,0,0)","shadow_horizontal_offset":0,"shadow_vertical_offset":0,"shadow_blur":0,"spread_radius":0,"margin-block-start":0,"margin-block-start-mobile":0,"margin-block-end":0,"margin-block-end-mobile":0,"margin-inline-start":0,"margin-inline-start-mobile":0,"margin-inline-end":0,"margin-inline-end-mobile":0,"padding-block-start":0,"padding-block-end":0,"padding-inline-start":0,"padding-inline-end":0},"blocks":{"icon_W3FkrT":{"type":"icon","settings":{"icon":"eye","icon_custom":"image","svg_upload":"","image_upload":"","link":"","open_in_new_tab":false,"width":28},"blocks":{}},"text_FWRJ3r":{"type":"text","settings":{"text":"<p>Message Us<\/p>","typing_text":false,"primary_text":"Welcome to our store!","secondary_text":"Exclusive offers just for you.","third_text":"Shop now and enjoy deals!","highlight_text":false,"highlight_text_content":"","highlight_text_type":"text","highlight_text_color":"#000000","highlight_underline_color":"#000000","spacing_text":false,"spacing_text_content":"","spacing_text_left":0,"spacing_text_right":0,"stroke_text":false,"stroke_text_content":"","width":"100%","unit":"percent","custom_width":100,"custom_width_pixel":500,"inherit_text_alignment":true,"alignment":"center","width_tablet":"fit-content","unit_tablet":"percent","custom_width_tablet":100,"custom_width_tablet_pixel":100,"inherit_text_alignment_tablet":true,"alignment_tablet":"left","width_mobile":"fit-content","unit_mobile":"percent","custom_width_mobile":100,"custom_width_mobile_pixel":100,"inherit_text_alignment_mobile":true,"alignment_mobile":"left","type_preset":"custom","font":"var(--font-body--family)","font_size":"1.2rem","line_height":"normal","letter_spacing":"normal","case":"none","wrap":"pretty","color":"var(--color-foreground)","background":false,"background_color":"#00000026","enable_border":false,"enable_border_bottom":false,"border":"none","border_width":0,"border_width_type":"100%","border_custom_width":100,"border_radius":0,"text_effect":"none","animation_repeat":false,"padding-block-start":0,"padding-block-end":0,"padding-inline-start":0,"padding-inline-end":0},"blocks":{}}},"block_order":["icon_W3FkrT","text_FWRJ3r"]},"group_pgePLm":{"type":"group","settings":{"link":"","open_in_new_tab":false,"content_direction":"column","content_direction_mobile":"column","horizontal_alignment":"flex-start","vertical_alignment":"center","align_baseline":false,"horizontal_alignment_flex_direction_column":"center","vertical_alignment_flex_direction_column":"center","horizontal_alignment_mobile":"flex-start","vertical_alignment_mobile":"center","horizontal_alignment_flex_direction_column_mobile":"center","vertical_alignment_flex_direction_column_mobile":"center","gap":6,"width":"fill","custom_width":100,"width_mobile":"fill","custom_width_mobile":100,"height":"fit","custom_height":100,"inherit_color_scheme":true,"background_media":"none","video_position":"cover","background_image_position":"cover","content_overlay":false,"image_ratio":"adapt","border":"none","border_width":1,"border_radius":0,"toggle_overlay":false,"overlay_color":"#00000026","extend_left_overlay":false,"extend_right_overlay":false,"overlay_style":"solid","gradient_direction":"to top","enable_parallax":"none","disable_parallax_mobile":false,"parallax_speed":0.5,"horizontal_position":0,"vertical_position":0,"shadow_color":"rgba(0,0,0,0)","shadow_horizontal_offset":0,"shadow_vertical_offset":0,"shadow_blur":0,"spread_radius":0,"margin-block-start":0,"margin-block-start-mobile":0,"margin-block-end":0,"margin-block-end-mobile":0,"margin-inline-start":0,"margin-inline-start-mobile":0,"margin-inline-end":0,"margin-inline-end-mobile":0,"padding-block-start":0,"padding-block-end":0,"padding-inline-start":0,"padding-inline-end":0},"blocks":{"icon_KQXNVy":{"type":"icon","settings":{"icon":"heart","icon_custom":"image","svg_upload":"","image_upload":"","link":"","open_in_new_tab":false,"width":28},"blocks":{}},"text_tmf8JM":{"type":"text","settings":{"text":"<p>Contact Us<\/p>","typing_text":false,"primary_text":"Welcome to our store!","secondary_text":"Exclusive offers just for you.","third_text":"Shop now and enjoy deals!","highlight_text":false,"highlight_text_content":"","highlight_text_type":"text","highlight_text_color":"#000000","highlight_underline_color":"#000000","spacing_text":false,"spacing_text_content":"","spacing_text_left":0,"spacing_text_right":0,"stroke_text":false,"stroke_text_content":"","width":"100%","unit":"percent","custom_width":100,"custom_width_pixel":500,"inherit_text_alignment":true,"alignment":"center","width_tablet":"fit-content","unit_tablet":"percent","custom_width_tablet":100,"custom_width_tablet_pixel":100,"inherit_text_alignment_tablet":true,"alignment_tablet":"left","width_mobile":"fit-content","unit_mobile":"percent","custom_width_mobile":100,"custom_width_mobile_pixel":100,"inherit_text_alignment_mobile":true,"alignment_mobile":"left","type_preset":"custom","font":"var(--font-body--family)","font_size":"1.2rem","line_height":"normal","letter_spacing":"normal","case":"none","wrap":"pretty","color":"var(--color-foreground)","background":false,"background_color":"#00000026","enable_border":false,"enable_border_bottom":false,"border":"none","border_width":0,"border_width_type":"100%","border_custom_width":100,"border_radius":0,"text_effect":"none","animation_repeat":false,"padding-block-start":0,"padding-block-end":0,"padding-inline-start":0,"padding-inline-end":0},"blocks":{}}},"block_order":["icon_KQXNVy","text_tmf8JM"]}},"block_order":["group_6C8rTF","group_pgePLm"]}},"block_order":["text_Lx8gPR","text_cnEBB3","multicolumn_dR6znH"]},"faqs_list_fY8WWG":{"type":"_faqs-list","name":"FAQs list","settings":{"horizontal_alignment":"flex-start","gap":55,"padding-block-start":0,"padding-block-end":0,"padding-inline-start":0,"padding-inline-end":0},"blocks":{"accordion_filter_yMULnG":{"type":"_accordion-filter","name":"Accordion","settings":{"heading_filter":"<h5>Pre Sale Questions<\/h5>","highlight_text":true,"highlight_text_type":"underline","highlight_text_content":"Pre Sale Questions","highlight_text_color":"#000000","highlight_underline_color":"#69c69c","spacing_text":false,"spacing_text_content":"","spacing_text_left":0,"spacing_text_right":0,"stroke_text":false,"stroke_text_content":"","type_preset":"custom","font":"var(--font-body--family)","font_size":"1.4rem","line_height":"normal","letter_spacing":"tight","case":"none","wrap":"pretty","color":"var(--color-foreground)","inherit_color_scheme":true,"border":"none","border_width":1,"border_opacity":100,"border_radius":0,"type_preset_heading":"paragraph","icon":"caret","dividers":false,"padding-block-start":0,"padding-block-end":0,"padding-inline-start":0,"padding-inline-end":0},"blocks":{"accordion_row_b7TbAk":{"type":"_accordion-row","settings":{"heading":"Q: “Will your template be fully compatible with Shopify?”","open_by_default":true,"inherit_color_scheme":false,"margin-block-start-row":35,"margin-block-start-mobile-row":30,"margin-block-end-row":15,"margin-block-end-mobile-row":10,"margin-inline-start-row":0,"margin-inline-start-mobile-row":0,"margin-inline-end-row":0,"margin-inline-end-mobile-row":0,"padding-block-start":15,"padding-block-end":15,"padding-inline-start":30,"padding-inline-end":30},"blocks":{"text_zhRQxr":{"type":"text","settings":{"text":"<p>Yes it will be<\/p>","typing_text":false,"primary_text":"Welcome to our store!","secondary_text":"Exclusive offers just for you.","third_text":"Shop now and enjoy deals!","highlight_text":false,"highlight_text_content":"","highlight_text_type":"text","highlight_text_color":"#000000","highlight_underline_color":"#000000","spacing_text":false,"spacing_text_content":"","spacing_text_left":0,"spacing_text_right":0,"stroke_text":false,"stroke_text_content":"","width":"fit-content","unit":"percent","custom_width":100,"custom_width_pixel":500,"inherit_text_alignment":true,"alignment":"left","width_tablet":"fit-content","unit_tablet":"percent","custom_width_tablet":100,"custom_width_tablet_pixel":100,"inherit_text_alignment_tablet":true,"alignment_tablet":"left","width_mobile":"fit-content","unit_mobile":"percent","custom_width_mobile":100,"custom_width_mobile_pixel":100,"inherit_text_alignment_mobile":true,"alignment_mobile":"left","type_preset":"custom","font":"var(--font-body--family)","font_size":"1.2rem","line_height":"normal","letter_spacing":"normal","case":"none","wrap":"pretty","color":"var(--color-foreground)","background":false,"background_color":"#00000026","enable_border":false,"enable_border_bottom":false,"border":"none","border_width":0,"border_width_type":"100%","border_custom_width":100,"border_radius":0,"text_effect":"none","animation_repeat":false,"padding-block-start":0,"padding-block-end":30,"padding-inline-start":0,"padding-inline-end":0},"blocks":{}}},"block_order":["text_zhRQxr"]},"accordion_row_eFxkEM":{"type":"_accordion-row","settings":{"heading":"Q: “What is included in the theme package?”","open_by_default":false,"inherit_color_scheme":false,"margin-block-start-row":0,"margin-block-start-mobile-row":0,"margin-block-end-row":15,"margin-block-end-mobile-row":10,"margin-inline-start-row":0,"margin-inline-start-mobile-row":0,"margin-inline-end-row":0,"margin-inline-end-mobile-row":0,"padding-block-start":15,"padding-block-end":15,"padding-inline-start":30,"padding-inline-end":30},"blocks":{"text_mWXxCc":{"type":"text","settings":{"text":"<p>Please make sure that you follow below steps:<br\/><br\/>1\/ Download the package from themeforest.net (The file is in zip format)<br\/><br\/>2\/ Extract the file you've just downloaded (Don't forget this step).<br\/><br\/>3\/ Find this file: ella-x.x.x-sections-ready.zip in the folder Ella Sections Ready x.x.x, then you just need to upload ella-x.x.x-sections-ready.zip file to your Shopify store.<br\/><br\/>- If you would like to use Ella RTL version. Please find this file: ella-x.x.x-sections-ready-rtl.zip in the folder Ella Sections Ready x.x.x RTL, then you just need to upload ella-x.x.x-sections-ready-rtl.zip file to your Shopify store<br\/><br\/>- If you want to install child theme, please go to the corresponding theme folder<\/p>","typing_text":false,"primary_text":"Welcome to our store!","secondary_text":"Exclusive offers just for you.","third_text":"Shop now and enjoy deals!","highlight_text":false,"highlight_text_content":"","highlight_text_type":"text","highlight_text_color":"#000000","highlight_underline_color":"#000000","spacing_text":false,"spacing_text_content":"","spacing_text_left":0,"spacing_text_right":0,"stroke_text":false,"stroke_text_content":"","width":"fit-content","unit":"percent","custom_width":100,"custom_width_pixel":500,"inherit_text_alignment":true,"alignment":"left","width_tablet":"fit-content","unit_tablet":"percent","custom_width_tablet":100,"custom_width_tablet_pixel":100,"inherit_text_alignment_tablet":true,"alignment_tablet":"left","width_mobile":"fit-content","unit_mobile":"percent","custom_width_mobile":100,"custom_width_mobile_pixel":100,"inherit_text_alignment_mobile":true,"alignment_mobile":"left","type_preset":"custom","font":"var(--font-body--family)","font_size":"1.2rem","line_height":"normal","letter_spacing":"normal","case":"none","wrap":"pretty","color":"var(--color-foreground)","background":false,"background_color":"#00000026","enable_border":false,"enable_border_bottom":false,"border":"none","border_width":0,"border_width_type":"100%","border_custom_width":100,"border_radius":0,"text_effect":"none","animation_repeat":false,"padding-block-start":0,"padding-block-end":30,"padding-inline-start":0,"padding-inline-end":0},"blocks":{}}},"block_order":["text_mWXxCc"]},"accordion_row_xrUHnA":{"type":"_accordion-row","settings":{"heading":"Q: “Do you guys offer a refund or exchange?”","open_by_default":false,"inherit_color_scheme":false,"margin-block-start-row":0,"margin-block-start-mobile-row":0,"margin-block-end-row":15,"margin-block-end-mobile-row":10,"margin-inline-start-row":0,"margin-inline-start-mobile-row":0,"margin-inline-end-row":0,"margin-inline-end-mobile-row":0,"padding-block-start":15,"padding-block-end":15,"padding-inline-start":30,"padding-inline-end":30},"blocks":{"text_iqtP3G":{"type":"text","settings":{"text":"<p>To save your time and reach our support quickly, please follow below steps:<br\/><\/p><ul><li>Create a staff account for us (with Themes permission and Settings permission) <a href=\"http:\/\/docs.shopify.com\/manual\/settings\/account\/staff-members\">http:\/\/docs.shopify.com\/manual\/settings\/account\/staff-members<\/a><br\/>\t<\/li><li>Capture screenshot or video for the issue you get.<\/li><\/ul><p><\/p><ul><li>Specify which template and version you are using.<br\/>\t<\/li><li>Describe clearly how to reproduce the issue.<br\/>\t<\/li><li>Send all information (staff account, screenshot, video, template name and version, description of the issues, link) to <a href=\"mailto:email@domain.com\">email@domain.com<\/a><br\/><\/li><\/ul>","typing_text":false,"primary_text":"Welcome to our store!","secondary_text":"Exclusive offers just for you.","third_text":"Shop now and enjoy deals!","highlight_text":false,"highlight_text_content":"","highlight_text_type":"text","highlight_text_color":"#000000","highlight_underline_color":"#000000","spacing_text":false,"spacing_text_content":"","spacing_text_left":0,"spacing_text_right":0,"stroke_text":false,"stroke_text_content":"","width":"fit-content","unit":"percent","custom_width":100,"custom_width_pixel":500,"inherit_text_alignment":true,"alignment":"left","width_tablet":"fit-content","unit_tablet":"percent","custom_width_tablet":100,"custom_width_tablet_pixel":100,"inherit_text_alignment_tablet":true,"alignment_tablet":"left","width_mobile":"fit-content","unit_mobile":"percent","custom_width_mobile":100,"custom_width_mobile_pixel":100,"inherit_text_alignment_mobile":true,"alignment_mobile":"left","type_preset":"custom","font":"var(--font-body--family)","font_size":"1.2rem","line_height":"normal","letter_spacing":"normal","case":"none","wrap":"pretty","color":"var(--color-foreground)","background":false,"background_color":"#00000026","enable_border":false,"enable_border_bottom":false,"border":"none","border_width":0,"border_width_type":"100%","border_custom_width":100,"border_radius":0,"text_effect":"none","animation_repeat":false,"padding-block-start":0,"padding-block-end":30,"padding-inline-start":0,"padding-inline-end":0},"blocks":{}}},"block_order":["text_iqtP3G"]},"accordion_row_jnKiip":{"type":"_accordion-row","name":"Accordion row","settings":{"heading":"Q: “Would assistance be available to upload the template if needed?”","open_by_default":false,"inherit_color_scheme":false,"margin-block-start-row":0,"margin-block-start-mobile-row":0,"margin-block-end-row":15,"margin-block-end-mobile-row":10,"margin-inline-start-row":0,"margin-inline-start-mobile-row":0,"margin-inline-end-row":0,"margin-inline-end-mobile-row":0,"padding-block-start":15,"padding-block-end":15,"padding-inline-start":30,"padding-inline-end":30},"blocks":{"text_wzCtBE":{"type":"text","settings":{"text":"<p>Yes, we will assist you to install the template if needed<\/p>","typing_text":false,"primary_text":"Welcome to our store!","secondary_text":"Exclusive offers just for you.","third_text":"Shop now and enjoy deals!","highlight_text":false,"highlight_text_content":"","highlight_text_type":"text","highlight_text_color":"#000000","highlight_underline_color":"#000000","spacing_text":false,"spacing_text_content":"","spacing_text_left":0,"spacing_text_right":0,"stroke_text":false,"stroke_text_content":"","width":"fit-content","unit":"percent","custom_width":100,"custom_width_pixel":500,"inherit_text_alignment":true,"alignment":"left","width_tablet":"fit-content","unit_tablet":"percent","custom_width_tablet":100,"custom_width_tablet_pixel":100,"inherit_text_alignment_tablet":true,"alignment_tablet":"left","width_mobile":"fit-content","unit_mobile":"percent","custom_width_mobile":100,"custom_width_mobile_pixel":100,"inherit_text_alignment_mobile":true,"alignment_mobile":"left","type_preset":"custom","font":"var(--font-body--family)","font_size":"1.2rem","line_height":"normal","letter_spacing":"normal","case":"none","wrap":"pretty","color":"var(--color-foreground)","background":false,"background_color":"#00000026","enable_border":false,"enable_border_bottom":false,"border":"none","border_width":0,"border_width_type":"100%","border_custom_width":100,"border_radius":0,"text_effect":"none","animation_repeat":false,"padding-block-start":0,"padding-block-end":30,"padding-inline-start":0,"padding-inline-end":0},"blocks":{}}},"block_order":["text_wzCtBE"]},"accordion_row_kkcbCg":{"type":"_accordion-row","name":"Accordion row","settings":{"heading":"Q: “Do you guys offer customisation services for your themes?”","open_by_default":false,"inherit_color_scheme":false,"margin-block-start-row":0,"margin-block-start-mobile-row":0,"margin-block-end-row":15,"margin-block-end-mobile-row":10,"margin-inline-start-row":0,"margin-inline-start-mobile-row":0,"margin-inline-end-row":0,"margin-inline-end-mobile-row":0,"padding-block-start":15,"padding-block-end":15,"padding-inline-start":30,"padding-inline-end":30},"blocks":{"text_MRhC3T":{"type":"text","settings":{"text":"<p> Yes, we do. Please send your customisation requests to email@domain.com, we will give you our quote. Thank you.<\/p>","typing_text":false,"primary_text":"Welcome to our store!","secondary_text":"Exclusive offers just for you.","third_text":"Shop now and enjoy deals!","highlight_text":false,"highlight_text_content":"","highlight_text_type":"text","highlight_text_color":"#000000","highlight_underline_color":"#000000","spacing_text":false,"spacing_text_content":"","spacing_text_left":0,"spacing_text_right":0,"stroke_text":false,"stroke_text_content":"","width":"fit-content","unit":"percent","custom_width":100,"custom_width_pixel":500,"inherit_text_alignment":true,"alignment":"left","width_tablet":"fit-content","unit_tablet":"percent","custom_width_tablet":100,"custom_width_tablet_pixel":100,"inherit_text_alignment_tablet":true,"alignment_tablet":"left","width_mobile":"fit-content","unit_mobile":"percent","custom_width_mobile":100,"custom_width_mobile_pixel":100,"inherit_text_alignment_mobile":true,"alignment_mobile":"left","type_preset":"custom","font":"var(--font-body--family)","font_size":"1.2rem","line_height":"normal","letter_spacing":"normal","case":"none","wrap":"pretty","color":"var(--color-foreground)","background":false,"background_color":"#00000026","enable_border":false,"enable_border_bottom":false,"border":"none","border_width":0,"border_width_type":"100%","border_custom_width":100,"border_radius":0,"text_effect":"none","animation_repeat":false,"padding-block-start":0,"padding-block-end":30,"padding-inline-start":0,"padding-inline-end":0},"blocks":{}}},"block_order":["text_MRhC3T"]},"accordion_row_eRWL4F":{"type":"_accordion-row","name":"Accordion row","settings":{"heading":"Q: “Do you guys provide customer support during weekends \/ holidays?”","open_by_default":false,"inherit_color_scheme":false,"margin-block-start-row":0,"margin-block-start-mobile-row":0,"margin-block-end-row":15,"margin-block-end-mobile-row":10,"margin-inline-start-row":0,"margin-inline-start-mobile-row":0,"margin-inline-end-row":0,"margin-inline-end-mobile-row":0,"padding-block-start":15,"padding-block-end":15,"padding-inline-start":30,"padding-inline-end":30},"blocks":{"text_XYePed":{"type":"text","settings":{"text":"<p>Normally we don't provide support during weekends, except for urgent cases. In these cases, you only need to mark “Urgent” in your email, we will get back to you ASAP.<\/p>","typing_text":false,"primary_text":"Welcome to our store!","secondary_text":"Exclusive offers just for you.","third_text":"Shop now and enjoy deals!","highlight_text":false,"highlight_text_content":"","highlight_text_type":"text","highlight_text_color":"#000000","highlight_underline_color":"#000000","spacing_text":false,"spacing_text_content":"","spacing_text_left":0,"spacing_text_right":0,"stroke_text":false,"stroke_text_content":"","width":"fit-content","unit":"percent","custom_width":100,"custom_width_pixel":500,"inherit_text_alignment":true,"alignment":"left","width_tablet":"fit-content","unit_tablet":"percent","custom_width_tablet":100,"custom_width_tablet_pixel":100,"inherit_text_alignment_tablet":true,"alignment_tablet":"left","width_mobile":"fit-content","unit_mobile":"percent","custom_width_mobile":100,"custom_width_mobile_pixel":100,"inherit_text_alignment_mobile":true,"alignment_mobile":"left","type_preset":"custom","font":"var(--font-body--family)","font_size":"1.2rem","line_height":"normal","letter_spacing":"normal","case":"none","wrap":"pretty","color":"var(--color-foreground)","background":false,"background_color":"#00000026","enable_border":false,"enable_border_bottom":false,"border":"none","border_width":0,"border_width_type":"100%","border_custom_width":100,"border_radius":0,"text_effect":"none","animation_repeat":false,"padding-block-start":0,"padding-block-end":30,"padding-inline-start":0,"padding-inline-end":0},"blocks":{}}},"block_order":["text_XYePed"]},"accordion_row_JjntAT":{"type":"_accordion-row","name":"Accordion row","settings":{"heading":"Q: “What I have to do when I need your support?”","open_by_default":false,"inherit_color_scheme":false,"margin-block-start-row":0,"margin-block-start-mobile-row":0,"margin-block-end-row":0,"margin-block-end-mobile-row":0,"margin-inline-start-row":0,"margin-inline-start-mobile-row":0,"margin-inline-end-row":0,"margin-inline-end-mobile-row":0,"padding-block-start":15,"padding-block-end":15,"padding-inline-start":30,"padding-inline-end":30},"blocks":{"text_YqnfcU":{"type":"text","settings":{"text":"<p>1\/ Create a staff account for us (with Themes permission and Settings permission) <a href=\"http:\/\/docs.shopify.com\/manual\/settings\/account\/staff-members\" title=\"http:\/\/docs.shopify.com\/manual\/settings\/account\/staff-members\">http:\/\/docs.shopify.com\/manual\/settings\/account\/staff-members<\/a><\/p><p>2\/ Capture screenshot or video for the issue you get.<\/p><p>3\/ Specify which template and version you are using.<\/p><p>4\/ Describe clearly how to reproduce the issue.<\/p><p>5\/ Submit a support ticket at here: <a href=\"https:\/\/halosoft.ticksy.com\/\" title=\"https:\/\/halosoft.ticksy.com\/\">https:\/\/halosoft.ticksy.com\/<\/a>. Our support team will get back to you soonest, please help us to wait.<\/p>","typing_text":false,"primary_text":"Welcome to our store!","secondary_text":"Exclusive offers just for you.","third_text":"Shop now and enjoy deals!","highlight_text":false,"highlight_text_content":"","highlight_text_type":"text","highlight_text_color":"#000000","highlight_underline_color":"#000000","spacing_text":false,"spacing_text_content":"","spacing_text_left":0,"spacing_text_right":0,"stroke_text":false,"stroke_text_content":"","width":"fit-content","unit":"percent","custom_width":100,"custom_width_pixel":500,"inherit_text_alignment":true,"alignment":"left","width_tablet":"fit-content","unit_tablet":"percent","custom_width_tablet":100,"custom_width_tablet_pixel":100,"inherit_text_alignment_tablet":true,"alignment_tablet":"left","width_mobile":"fit-content","unit_mobile":"percent","custom_width_mobile":100,"custom_width_mobile_pixel":100,"inherit_text_alignment_mobile":true,"alignment_mobile":"left","type_preset":"custom","font":"var(--font-body--family)","font_size":"1.2rem","line_height":"normal","letter_spacing":"normal","case":"none","wrap":"pretty","color":"var(--color-foreground)","background":false,"background_color":"#00000026","enable_border":false,"enable_border_bottom":false,"border":"none","border_width":0,"border_width_type":"100%","border_custom_width":100,"border_radius":0,"text_effect":"none","animation_repeat":false,"padding-block-start":0,"padding-block-end":30,"padding-inline-start":0,"padding-inline-end":0},"blocks":{}}},"block_order":["text_YqnfcU"]}},"block_order":["accordion_row_b7TbAk","accordion_row_eFxkEM","accordion_row_xrUHnA","accordion_row_jnKiip","accordion_row_kkcbCg","accordion_row_eRWL4F","accordion_row_JjntAT"]},"accordion_filter_8wwJcq":{"type":"_accordion-filter","name":"Accordion","settings":{"heading_filter":"<h5>Technical + Theme Questions<\/h5>","highlight_text":true,"highlight_text_type":"underline","highlight_text_content":"Technical + Theme Questions","highlight_text_color":"#69c69c","highlight_underline_color":"#69c69c","spacing_text":false,"spacing_text_content":"","spacing_text_left":0,"spacing_text_right":0,"stroke_text":false,"stroke_text_content":"","type_preset":"custom","font":"var(--font-body--family)","font_size":"1.4rem","line_height":"normal","letter_spacing":"normal","case":"none","wrap":"pretty","color":"var(--color-foreground)","inherit_color_scheme":true,"border":"none","border_width":1,"border_opacity":100,"border_radius":0,"type_preset_heading":"paragraph","icon":"plus","dividers":false,"padding-block-start":0,"padding-block-end":0,"padding-inline-start":0,"padding-inline-end":0},"blocks":{"accordion_row_nFnUXd":{"type":"_accordion-row","settings":{"heading":"Q: “I cannot upload the theme to my Shopify store \/ Shopify alerts that the file is too big to upload, what is the problem?”","open_by_default":false,"inherit_color_scheme":false,"margin-block-start-row":35,"margin-block-start-mobile-row":30,"margin-block-end-row":15,"margin-block-end-mobile-row":10,"margin-inline-start-row":0,"margin-inline-start-mobile-row":0,"margin-inline-end-row":0,"margin-inline-end-mobile-row":0,"padding-block-start":15,"padding-block-end":15,"padding-inline-start":30,"padding-inline-end":30},"blocks":{"text_hJfqEY":{"type":"text","settings":{"text":"<p>Use overlay text to give your customers insight into your brand. Select image and text that relates to your style and story.<\/p>","typing_text":false,"primary_text":"Welcome to our store!","secondary_text":"Exclusive offers just for you.","third_text":"Shop now and enjoy deals!","highlight_text":false,"highlight_text_content":"","highlight_text_type":"text","highlight_text_color":"#000000","highlight_underline_color":"#000000","spacing_text":false,"spacing_text_content":"","spacing_text_left":0,"spacing_text_right":0,"stroke_text":false,"stroke_text_content":"","width":"fit-content","unit":"percent","custom_width":100,"custom_width_pixel":500,"inherit_text_alignment":true,"alignment":"left","width_tablet":"fit-content","unit_tablet":"percent","custom_width_tablet":100,"custom_width_tablet_pixel":100,"inherit_text_alignment_tablet":true,"alignment_tablet":"left","width_mobile":"fit-content","unit_mobile":"percent","custom_width_mobile":100,"custom_width_mobile_pixel":100,"inherit_text_alignment_mobile":true,"alignment_mobile":"left","type_preset":"custom","font":"var(--font-body--family)","font_size":"1.2rem","line_height":"normal","letter_spacing":"normal","case":"none","wrap":"pretty","color":"var(--color-foreground)","background":false,"background_color":"#00000026","enable_border":false,"enable_border_bottom":false,"border":"none","border_width":0,"border_width_type":"100%","border_custom_width":100,"border_radius":0,"text_effect":"none","animation_repeat":false,"padding-block-start":0,"padding-block-end":30,"padding-inline-start":0,"padding-inline-end":0},"blocks":{}}},"block_order":["text_hJfqEY"]},"accordion_row_bizWBD":{"type":"_accordion-row","settings":{"heading":"Q: “Can I turn on\/off Lazy Loading Image \/ Item Animation \/ Fade Up on the page?”","open_by_default":false,"inherit_color_scheme":false,"margin-block-start-row":0,"margin-block-start-mobile-row":0,"margin-block-end-row":15,"margin-block-end-mobile-row":10,"margin-inline-start-row":0,"margin-inline-start-mobile-row":0,"margin-inline-end-row":0,"margin-inline-end-mobile-row":0,"padding-block-start":15,"padding-block-end":15,"padding-inline-start":30,"padding-inline-end":30},"blocks":{"text_w7kJdE":{"type":"text","settings":{"text":"<p>Use overlay text to give your customers insight into your brand. Select image and text that relates to your style and story.<\/p>","typing_text":false,"primary_text":"Welcome to our store!","secondary_text":"Exclusive offers just for you.","third_text":"Shop now and enjoy deals!","highlight_text":false,"highlight_text_content":"","highlight_text_type":"text","highlight_text_color":"#000000","highlight_underline_color":"#000000","spacing_text":false,"spacing_text_content":"","spacing_text_left":0,"spacing_text_right":0,"stroke_text":false,"stroke_text_content":"","width":"fit-content","unit":"percent","custom_width":100,"custom_width_pixel":500,"inherit_text_alignment":true,"alignment":"left","width_tablet":"fit-content","unit_tablet":"percent","custom_width_tablet":100,"custom_width_tablet_pixel":100,"inherit_text_alignment_tablet":true,"alignment_tablet":"left","width_mobile":"fit-content","unit_mobile":"percent","custom_width_mobile":100,"custom_width_mobile_pixel":100,"inherit_text_alignment_mobile":true,"alignment_mobile":"left","type_preset":"custom","font":"var(--font-body--family)","font_size":"1.2rem","line_height":"normal","letter_spacing":"normal","case":"none","wrap":"pretty","color":"var(--color-foreground)","background":false,"background_color":"#00000026","enable_border":false,"enable_border_bottom":false,"border":"none","border_width":0,"border_width_type":"100%","border_custom_width":100,"border_radius":0,"text_effect":"none","animation_repeat":false,"padding-block-start":0,"padding-block-end":30,"padding-inline-start":0,"padding-inline-end":0},"blocks":{}}},"block_order":["text_w7kJdE"]},"accordion_row_ex9BWU":{"type":"_accordion-row","settings":{"heading":"Q: “I want to have the dropdown cart displayed automatically every time clients hover over it (instead of clicking on it). Is it possible?”","open_by_default":false,"inherit_color_scheme":false,"margin-block-start-row":0,"margin-block-start-mobile-row":0,"margin-block-end-row":15,"margin-block-end-mobile-row":10,"margin-inline-start-row":0,"margin-inline-start-mobile-row":0,"margin-inline-end-row":0,"margin-inline-end-mobile-row":0,"padding-block-start":15,"padding-block-end":15,"padding-inline-start":30,"padding-inline-end":30},"blocks":{"text_GcDJxt":{"type":"text","settings":{"text":"<p>Use overlay text to give your customers insight into your brand. Select image and text that relates to your style and story.<\/p>","typing_text":false,"primary_text":"Welcome to our store!","secondary_text":"Exclusive offers just for you.","third_text":"Shop now and enjoy deals!","highlight_text":false,"highlight_text_content":"","highlight_text_type":"text","highlight_text_color":"#000000","highlight_underline_color":"#000000","spacing_text":false,"spacing_text_content":"","spacing_text_left":0,"spacing_text_right":0,"stroke_text":false,"stroke_text_content":"","width":"fit-content","unit":"percent","custom_width":100,"custom_width_pixel":500,"inherit_text_alignment":true,"alignment":"left","width_tablet":"fit-content","unit_tablet":"percent","custom_width_tablet":100,"custom_width_tablet_pixel":100,"inherit_text_alignment_tablet":true,"alignment_tablet":"left","width_mobile":"fit-content","unit_mobile":"percent","custom_width_mobile":100,"custom_width_mobile_pixel":100,"inherit_text_alignment_mobile":true,"alignment_mobile":"left","type_preset":"custom","font":"var(--font-body--family)","font_size":"1.2rem","line_height":"normal","letter_spacing":"normal","case":"none","wrap":"pretty","color":"var(--color-foreground)","background":false,"background_color":"#00000026","enable_border":false,"enable_border_bottom":false,"border":"none","border_width":0,"border_width_type":"100%","border_custom_width":100,"border_radius":0,"text_effect":"none","animation_repeat":false,"padding-block-start":0,"padding-block-end":30,"padding-inline-start":0,"padding-inline-end":0},"blocks":{}}},"block_order":["text_GcDJxt"]},"accordion_row_6XV9q9":{"type":"_accordion-row","name":"Accordion row","settings":{"heading":"Q: “Can I turn on\/off some blocks on the page?”","open_by_default":false,"inherit_color_scheme":false,"margin-block-start-row":0,"margin-block-start-mobile-row":0,"margin-block-end-row":15,"margin-block-end-mobile-row":10,"margin-inline-start-row":0,"margin-inline-start-mobile-row":0,"margin-inline-end-row":0,"margin-inline-end-mobile-row":0,"padding-block-start":15,"padding-block-end":15,"padding-inline-start":30,"padding-inline-end":30},"blocks":{"text_RwtGJM":{"type":"text","settings":{"text":"<p>Use overlay text to give your customers insight into your brand. Select image and text that relates to your style and story.<\/p>","typing_text":false,"primary_text":"Welcome to our store!","secondary_text":"Exclusive offers just for you.","third_text":"Shop now and enjoy deals!","highlight_text":false,"highlight_text_content":"","highlight_text_type":"text","highlight_text_color":"#000000","highlight_underline_color":"#000000","spacing_text":false,"spacing_text_content":"","spacing_text_left":0,"spacing_text_right":0,"stroke_text":false,"stroke_text_content":"","width":"fit-content","unit":"percent","custom_width":100,"custom_width_pixel":500,"inherit_text_alignment":true,"alignment":"left","width_tablet":"fit-content","unit_tablet":"percent","custom_width_tablet":100,"custom_width_tablet_pixel":100,"inherit_text_alignment_tablet":true,"alignment_tablet":"left","width_mobile":"fit-content","unit_mobile":"percent","custom_width_mobile":100,"custom_width_mobile_pixel":100,"inherit_text_alignment_mobile":true,"alignment_mobile":"left","type_preset":"custom","font":"var(--font-body--family)","font_size":"1.2rem","line_height":"normal","letter_spacing":"normal","case":"none","wrap":"pretty","color":"var(--color-foreground)","background":false,"background_color":"#00000026","enable_border":false,"enable_border_bottom":false,"border":"none","border_width":0,"border_width_type":"100%","border_custom_width":100,"border_radius":0,"text_effect":"none","animation_repeat":false,"padding-block-start":0,"padding-block-end":30,"padding-inline-start":0,"padding-inline-end":0},"blocks":{}}},"block_order":["text_RwtGJM"]},"accordion_row_yaYJDD":{"type":"_accordion-row","name":"Accordion row","settings":{"heading":"Q: “I notice that the images used in the theme are all portrait. Will that be a problem if I use square images for our products? How will they be displayed in the theme?”","open_by_default":false,"inherit_color_scheme":false,"margin-block-start-row":0,"margin-block-start-mobile-row":0,"margin-block-end-row":15,"margin-block-end-mobile-row":10,"margin-inline-start-row":0,"margin-inline-start-mobile-row":0,"margin-inline-end-row":0,"margin-inline-end-mobile-row":0,"padding-block-start":15,"padding-block-end":15,"padding-inline-start":30,"padding-inline-end":30},"blocks":{"text_bVjQPJ":{"type":"text","settings":{"text":"<p>Use overlay text to give your customers insight into your brand. Select image and text that relates to your style and story.<\/p>","typing_text":false,"primary_text":"Welcome to our store!","secondary_text":"Exclusive offers just for you.","third_text":"Shop now and enjoy deals!","highlight_text":false,"highlight_text_content":"","highlight_text_type":"text","highlight_text_color":"#000000","highlight_underline_color":"#000000","spacing_text":false,"spacing_text_content":"","spacing_text_left":0,"spacing_text_right":0,"stroke_text":false,"stroke_text_content":"","width":"fit-content","unit":"percent","custom_width":100,"custom_width_pixel":500,"inherit_text_alignment":true,"alignment":"left","width_tablet":"fit-content","unit_tablet":"percent","custom_width_tablet":100,"custom_width_tablet_pixel":100,"inherit_text_alignment_tablet":true,"alignment_tablet":"left","width_mobile":"fit-content","unit_mobile":"percent","custom_width_mobile":100,"custom_width_mobile_pixel":100,"inherit_text_alignment_mobile":true,"alignment_mobile":"left","type_preset":"custom","font":"var(--font-body--family)","font_size":"1.2rem","line_height":"normal","letter_spacing":"normal","case":"none","wrap":"pretty","color":"var(--color-foreground)","background":false,"background_color":"#00000026","enable_border":false,"enable_border_bottom":false,"border":"none","border_width":0,"border_width_type":"100%","border_custom_width":100,"border_radius":0,"text_effect":"none","animation_repeat":false,"padding-block-start":0,"padding-block-end":30,"padding-inline-start":0,"padding-inline-end":0},"blocks":{}}},"block_order":["text_bVjQPJ"]},"accordion_row_GW7kRP":{"type":"_accordion-row","name":"Accordion row","settings":{"heading":"Q: “Does the theme support image resizing and cropping?”","open_by_default":false,"inherit_color_scheme":false,"margin-block-start-row":0,"margin-block-start-mobile-row":0,"margin-block-end-row":15,"margin-block-end-mobile-row":10,"margin-inline-start-row":0,"margin-inline-start-mobile-row":0,"margin-inline-end-row":0,"margin-inline-end-mobile-row":0,"padding-block-start":15,"padding-block-end":15,"padding-inline-start":30,"padding-inline-end":30},"blocks":{"text_emM7mH":{"type":"text","settings":{"text":"<p>Use overlay text to give your customers insight into your brand. Select image and text that relates to your style and story.<\/p>","typing_text":false,"primary_text":"Welcome to our store!","secondary_text":"Exclusive offers just for you.","third_text":"Shop now and enjoy deals!","highlight_text":false,"highlight_text_content":"","highlight_text_type":"text","highlight_text_color":"#000000","highlight_underline_color":"#000000","spacing_text":false,"spacing_text_content":"","spacing_text_left":0,"spacing_text_right":0,"stroke_text":false,"stroke_text_content":"","width":"fit-content","unit":"percent","custom_width":100,"custom_width_pixel":500,"inherit_text_alignment":true,"alignment":"left","width_tablet":"fit-content","unit_tablet":"percent","custom_width_tablet":100,"custom_width_tablet_pixel":100,"inherit_text_alignment_tablet":true,"alignment_tablet":"left","width_mobile":"fit-content","unit_mobile":"percent","custom_width_mobile":100,"custom_width_mobile_pixel":100,"inherit_text_alignment_mobile":true,"alignment_mobile":"left","type_preset":"custom","font":"var(--font-body--family)","font_size":"1.2rem","line_height":"normal","letter_spacing":"normal","case":"none","wrap":"pretty","color":"var(--color-foreground)","background":false,"background_color":"#00000026","enable_border":false,"enable_border_bottom":false,"border":"none","border_width":0,"border_width_type":"100%","border_custom_width":100,"border_radius":0,"text_effect":"none","animation_repeat":false,"padding-block-start":0,"padding-block-end":30,"padding-inline-start":0,"padding-inline-end":0},"blocks":{}}},"block_order":["text_emM7mH"]},"accordion_row_XPRAjz":{"type":"_accordion-row","name":"Accordion row","settings":{"heading":"Q: “Can I add borders around our product images?”","open_by_default":false,"inherit_color_scheme":false,"margin-block-start-row":0,"margin-block-start-mobile-row":0,"margin-block-end-row":15,"margin-block-end-mobile-row":10,"margin-inline-start-row":0,"margin-inline-start-mobile-row":0,"margin-inline-end-row":0,"margin-inline-end-mobile-row":0,"padding-block-start":15,"padding-block-end":15,"padding-inline-start":30,"padding-inline-end":30},"blocks":{"text_HcLwHe":{"type":"text","settings":{"text":"<p>Use overlay text to give your customers insight into your brand. Select image and text that relates to your style and story.<\/p>","typing_text":false,"primary_text":"Welcome to our store!","secondary_text":"Exclusive offers just for you.","third_text":"Shop now and enjoy deals!","highlight_text":false,"highlight_text_content":"","highlight_text_type":"text","highlight_text_color":"#000000","highlight_underline_color":"#000000","spacing_text":false,"spacing_text_content":"","spacing_text_left":0,"spacing_text_right":0,"stroke_text":false,"stroke_text_content":"","width":"fit-content","unit":"percent","custom_width":100,"custom_width_pixel":500,"inherit_text_alignment":true,"alignment":"left","width_tablet":"fit-content","unit_tablet":"percent","custom_width_tablet":100,"custom_width_tablet_pixel":100,"inherit_text_alignment_tablet":true,"alignment_tablet":"left","width_mobile":"fit-content","unit_mobile":"percent","custom_width_mobile":100,"custom_width_mobile_pixel":100,"inherit_text_alignment_mobile":true,"alignment_mobile":"left","type_preset":"custom","font":"var(--font-body--family)","font_size":"1.2rem","line_height":"normal","letter_spacing":"normal","case":"none","wrap":"pretty","color":"var(--color-foreground)","background":false,"background_color":"#00000026","enable_border":false,"enable_border_bottom":false,"border":"none","border_width":0,"border_width_type":"100%","border_custom_width":100,"border_radius":0,"text_effect":"none","animation_repeat":false,"padding-block-start":0,"padding-block-end":30,"padding-inline-start":0,"padding-inline-end":0},"blocks":{}}},"block_order":["text_HcLwHe"]},"accordion_row_rUHaTX":{"type":"_accordion-row","name":"Accordion row","settings":{"heading":"Q: “Can I have multi level menu?”","open_by_default":false,"inherit_color_scheme":false,"margin-block-start-row":0,"margin-block-start-mobile-row":0,"margin-block-end-row":15,"margin-block-end-mobile-row":10,"margin-inline-start-row":0,"margin-inline-start-mobile-row":0,"margin-inline-end-row":0,"margin-inline-end-mobile-row":0,"padding-block-start":15,"padding-block-end":15,"padding-inline-start":30,"padding-inline-end":30},"blocks":{"text_TW7XFE":{"type":"text","settings":{"text":"<p>Use overlay text to give your customers insight into your brand. Select image and text that relates to your style and story.<\/p>","typing_text":false,"primary_text":"Welcome to our store!","secondary_text":"Exclusive offers just for you.","third_text":"Shop now and enjoy deals!","highlight_text":false,"highlight_text_content":"","highlight_text_type":"text","highlight_text_color":"#000000","highlight_underline_color":"#000000","spacing_text":false,"spacing_text_content":"","spacing_text_left":0,"spacing_text_right":0,"stroke_text":false,"stroke_text_content":"","width":"fit-content","unit":"percent","custom_width":100,"custom_width_pixel":500,"inherit_text_alignment":true,"alignment":"left","width_tablet":"fit-content","unit_tablet":"percent","custom_width_tablet":100,"custom_width_tablet_pixel":100,"inherit_text_alignment_tablet":true,"alignment_tablet":"left","width_mobile":"fit-content","unit_mobile":"percent","custom_width_mobile":100,"custom_width_mobile_pixel":100,"inherit_text_alignment_mobile":true,"alignment_mobile":"left","type_preset":"custom","font":"var(--font-body--family)","font_size":"1.2rem","line_height":"normal","letter_spacing":"normal","case":"none","wrap":"pretty","color":"var(--color-foreground)","background":false,"background_color":"#00000026","enable_border":false,"enable_border_bottom":false,"border":"none","border_width":0,"border_width_type":"100%","border_custom_width":100,"border_radius":0,"text_effect":"none","animation_repeat":false,"padding-block-start":0,"padding-block-end":30,"padding-inline-start":0,"padding-inline-end":0},"blocks":{}}},"block_order":["text_TW7XFE"]},"accordion_row_zFebJY":{"type":"_accordion-row","name":"Accordion row","settings":{"heading":"Q: “Does the theme support variant image?”","open_by_default":false,"inherit_color_scheme":false,"margin-block-start-row":0,"margin-block-start-mobile-row":0,"margin-block-end-row":0,"margin-block-end-mobile-row":0,"margin-inline-start-row":0,"margin-inline-start-mobile-row":0,"margin-inline-end-row":0,"margin-inline-end-mobile-row":0,"padding-block-start":15,"padding-block-end":15,"padding-inline-start":30,"padding-inline-end":30},"blocks":{"text_PdyMxe":{"type":"text","settings":{"text":"<p>Use overlay text to give your customers insight into your brand. Select image and text that relates to your style and story.<\/p>","typing_text":false,"primary_text":"Welcome to our store!","secondary_text":"Exclusive offers just for you.","third_text":"Shop now and enjoy deals!","highlight_text":false,"highlight_text_content":"","highlight_text_type":"text","highlight_text_color":"#000000","highlight_underline_color":"#000000","spacing_text":false,"spacing_text_content":"","spacing_text_left":0,"spacing_text_right":0,"stroke_text":false,"stroke_text_content":"","width":"fit-content","unit":"percent","custom_width":100,"custom_width_pixel":500,"inherit_text_alignment":true,"alignment":"left","width_tablet":"fit-content","unit_tablet":"percent","custom_width_tablet":100,"custom_width_tablet_pixel":100,"inherit_text_alignment_tablet":true,"alignment_tablet":"left","width_mobile":"fit-content","unit_mobile":"percent","custom_width_mobile":100,"custom_width_mobile_pixel":100,"inherit_text_alignment_mobile":true,"alignment_mobile":"left","type_preset":"custom","font":"var(--font-body--family)","font_size":"1.2rem","line_height":"normal","letter_spacing":"normal","case":"none","wrap":"pretty","color":"var(--color-foreground)","background":false,"background_color":"#00000026","enable_border":false,"enable_border_bottom":false,"border":"none","border_width":0,"border_width_type":"100%","border_custom_width":100,"border_radius":0,"text_effect":"none","animation_repeat":false,"padding-block-start":0,"padding-block-end":30,"padding-inline-start":0,"padding-inline-end":0},"blocks":{}}},"block_order":["text_PdyMxe"]}},"block_order":["accordion_row_nFnUXd","accordion_row_bizWBD","accordion_row_ex9BWU","accordion_row_6XV9q9","accordion_row_yaYJDD","accordion_row_GW7kRP","accordion_row_XPRAjz","accordion_row_rUHaTX","accordion_row_zFebJY"]},"group_UVFYnr":{"type":"group","name":"Group","settings":{"link":"","open_in_new_tab":false,"content_direction":"row","content_direction_mobile":"column","horizontal_alignment":"flex-end","vertical_alignment":"center","align_baseline":false,"horizontal_alignment_flex_direction_column":"flex-start","vertical_alignment_flex_direction_column":"center","horizontal_alignment_mobile":"flex-start","vertical_alignment_mobile":"center","horizontal_alignment_flex_direction_column_mobile":"center","vertical_alignment_flex_direction_column_mobile":"center","gap":14,"width":"fill","custom_width":100,"width_mobile":"fill","custom_width_mobile":100,"height":"fit","custom_height":100,"inherit_color_scheme":true,"background_media":"none","video_position":"cover","background_image_position":"cover","content_overlay":false,"image_ratio":"adapt","border":"none","border_width":1,"border_radius":0,"toggle_overlay":false,"overlay_color":"#00000026","extend_left_overlay":false,"extend_right_overlay":false,"overlay_style":"solid","gradient_direction":"to top","enable_parallax":"none","disable_parallax_mobile":false,"parallax_speed":0.5,"horizontal_position":0,"vertical_position":0,"shadow_color":"rgba(0,0,0,0)","shadow_horizontal_offset":0,"shadow_vertical_offset":0,"shadow_blur":0,"spread_radius":0,"margin-block-start":35,"margin-block-start-mobile":20,"margin-block-end":0,"margin-block-end-mobile":0,"margin-inline-start":0,"margin-inline-start-mobile":0,"margin-inline-end":0,"margin-inline-end-mobile":0,"padding-block-start":0,"padding-block-end":0,"padding-inline-start":0,"padding-inline-end":0},"blocks":{"text_exVXnE":{"type":"text","name":"Text","settings":{"text":"<p>Unable to find satisfactory answers ?<\/p>","typing_text":false,"primary_text":"Welcome to our store!","secondary_text":"Exclusive offers just for you.","third_text":"Shop now and enjoy deals!","highlight_text":false,"highlight_text_content":"","highlight_text_type":"text","highlight_text_color":"#000000","highlight_underline_color":"#000000","spacing_text":false,"spacing_text_content":"","spacing_text_left":0,"spacing_text_right":0,"stroke_text":false,"stroke_text_content":"","width":"fit-content","unit":"percent","custom_width":100,"custom_width_pixel":500,"inherit_text_alignment":true,"alignment":"left","width_tablet":"fit-content","unit_tablet":"percent","custom_width_tablet":100,"custom_width_tablet_pixel":100,"inherit_text_alignment_tablet":true,"alignment_tablet":"left","width_mobile":"fit-content","unit_mobile":"percent","custom_width_mobile":100,"custom_width_mobile_pixel":100,"inherit_text_alignment_mobile":true,"alignment_mobile":"left","type_preset":"custom","font":"var(--font-body--family)","font_size":"1.2rem","line_height":"normal","letter_spacing":"normal","case":"none","wrap":"pretty","color":"var(--color-foreground)","background":false,"background_color":"#00000026","enable_border":false,"enable_border_bottom":false,"border":"none","border_width":0,"border_width_type":"100%","border_custom_width":100,"border_radius":0,"text_effect":"none","animation_repeat":false,"padding-block-start":0,"padding-block-end":0,"padding-inline-start":0,"padding-inline-end":0},"blocks":{}},"button_TAM7rF":{"type":"button","name":"Button","settings":{"label":"CONTACT SUPPORT","link":"","open_in_new_tab":false,"style_class":"button","button_style":"default","button_border_width":1,"button_border_radius":100,"button_type_font":"var(--font-body--family)","button_type_size":"1.2rem","button_font_weight":"default","button_text_case":"default","buttons_shadow_horizontal_offset":0,"buttons_shadow_vertical_offset":0,"buttons_shadow_blur":0,"button_type_size_link":"1.2rem","button_font_weight_link":"default","link_underline":false,"link_reveal":false,"width":"custom","unit":"pixel","custom_width":100,"custom_width_pixel":250,"buttons_padding_vertical":11,"buttons_padding_horizontal":20,"width_mobile":"custom","unit_mobile":"pixel","custom_width_mobile":100,"custom_width_mobile_pixel":250,"buttons_padding_vertical_mobile":11,"buttons_padding_horizontal_mobile":20},"blocks":{}}},"block_order":["text_exVXnE","button_TAM7rF"]}},"block_order":["accordion_filter_yMULnG","accordion_filter_8wwJcq","group_UVFYnr"]}},"block_order":["group_L9ek3d","faqs_list_fY8WWG"]}},"block_order":["group_XF8ptH"],"name":"FAQs","settings":{"faqs_filter_title":"Filter by topic","faqs_filter":true,"content_direction":"column","content_direction_mobile":"column","horizontal_alignment":"flex-start","vertical_alignment":"flex-start","align_baseline":false,"horizontal_alignment_flex_direction_column":"flex-start","vertical_alignment_flex_direction_column":"flex-start","gap":30,"section_width":"custom","page_width_custom":1170,"section_height":"","section_height_custom":50,"background_media":"none","video_position":"cover","background_image_position":"cover","border":"none","border_width":1,"border_radius":0,"toggle_overlay":false,"overlay_color":"#00000026","overlay_style":"solid","gradient_direction":"to top","image_behavior":"none","padding-block-start":50,"padding-block-end":100}}},"order":["main","faqs_xmrUTi"]}