{"layout":"password","sections":{"media_banner_C8L6fD":{"type":"media-banner","blocks":{"media":{"type":"_media-without-appearance","static":true,"settings":{"media_type":"image","image":"","link":"","video_loop":true,"video_autoplay":false,"image_position":"cover","video_position":"cover"},"blocks":{}},"content":{"type":"_content-without-appearance","static":true,"settings":{"horizontal_alignment_flex_direction_column":"center","vertical_alignment_flex_direction_column":"center","gap":24,"width":"fit-content","custom_width":100,"width_mobile":"fit-content","custom_width_mobile":100,"height":"fit","custom_height":100,"padding-block-start":0,"padding-block-end":0,"padding-inline-start":0,"padding-inline-end":0},"blocks":{"group_xzPy4A":{"type":"group","settings":{"link":"","open_in_new_tab":false,"content_direction":"column","content_direction_mobile":"column","horizontal_alignment":"flex-start","vertical_alignment":"center","align_baseline":false,"horizontal_alignment_flex_direction_column":"center","vertical_alignment_flex_direction_column":"center","horizontal_alignment_mobile":"flex-start","vertical_alignment_mobile":"center","horizontal_alignment_flex_direction_column_mobile":"flex-start","vertical_alignment_flex_direction_column_mobile":"center","gap":12,"width":"fit-content","custom_width":100,"width_tablet":"fill","custom_width_tablet":100,"width_mobile":"fit-content","custom_width_mobile":100,"height":"auto","custom_height":100,"inherit_color_scheme":true,"scheme_background":"#ffffff","scheme_background_gradient":"","scheme_foreground_heading":"#000000","scheme_foreground":"#000000","scheme_primary":"#000f9f","scheme_primary_hover":"#000000","scheme_border":"#e6e6e6","scheme_shadow":"#000000","background_media":"none","video_position":"cover","background_image_position":"cover","content_overlay":false,"image_ratio":"adapt","border":"none","border_width":1,"border_radius":0,"toggle_overlay":false,"overlay_color":"#00000026","extend_left_overlay":false,"extend_right_overlay":false,"overlay_style":"solid","gradient_direction":"to top","enable_parallax":"none","disable_parallax_mobile":false,"parallax_speed":0.5,"horizontal_position":0,"vertical_position":0,"shadow_color":"rgba(0,0,0,0)","shadow_horizontal_offset":0,"shadow_vertical_offset":0,"shadow_blur":0,"spread_radius":0,"margin-block-start":0,"margin-block-start-mobile":0,"margin-block-end":0,"margin-block-end-mobile":0,"margin-inline-start":0,"margin-inline-start-mobile":0,"margin-inline-end":0,"margin-inline-end-mobile":0,"padding-block-start":0,"padding-block-end":0,"padding-inline-start":0,"padding-inline-end":0},"blocks":{"text_hRHiaP":{"type":"text","name":"Heading","settings":{"text":"<h2>Opening soon<\/h2>","typing_text":false,"primary_text":"Welcome to our store!","secondary_text":"Exclusive offers just for you.","third_text":"Shop now and enjoy deals!","highlight_text":false,"highlight_text_content":"","highlight_text_type":"text","highlight_text_color":"#000000","highlight_underline_color":"#000000","spacing_text":false,"spacing_text_content":"","spacing_text_left":0,"spacing_text_right":0,"stroke_text":false,"stroke_text_content":"","width":"fit-content","unit":"percent","custom_width":100,"custom_width_pixel":500,"inherit_text_alignment":true,"alignment":"left","width_tablet":"fit-content","unit_tablet":"percent","custom_width_tablet":100,"custom_width_tablet_pixel":100,"inherit_text_alignment_tablet":true,"alignment_tablet":"left","width_mobile":"fit-content","unit_mobile":"percent","custom_width_mobile":100,"custom_width_mobile_pixel":100,"inherit_text_alignment_mobile":true,"alignment_mobile":"left","type_preset":"rte","font":"var(--font-body--family)","font_size":"1.6rem","line_height":"normal","letter_spacing":"normal","case":"none","wrap":"pretty","color":"var(--color-foreground)","background":false,"background_color":"#00000026","enable_border":false,"enable_border_bottom":false,"border":"none","border_width":0,"border_width_type":"100%","border_custom_width":100,"border_radius":0,"text_effect":"none","animation_repeat":false,"padding-block-start":0,"padding-block-end":0,"padding-inline-start":0,"padding-inline-end":0},"blocks":{}},"text_GRCtKb":{"type":"text","settings":{"text":"<p>Be the first to know when we launch.<\/p>","typing_text":false,"primary_text":"Welcome to our store!","secondary_text":"Exclusive offers just for you.","third_text":"Shop now and enjoy deals!","highlight_text":false,"highlight_text_content":"","highlight_text_type":"text","highlight_text_color":"#000000","highlight_underline_color":"#000000","spacing_text":false,"spacing_text_content":"","spacing_text_left":0,"spacing_text_right":0,"stroke_text":false,"stroke_text_content":"","width":"fit-content","unit":"percent","custom_width":100,"custom_width_pixel":500,"inherit_text_alignment":true,"alignment":"left","width_tablet":"fit-content","unit_tablet":"percent","custom_width_tablet":100,"custom_width_tablet_pixel":100,"inherit_text_alignment_tablet":true,"alignment_tablet":"left","width_mobile":"fit-content","unit_mobile":"percent","custom_width_mobile":100,"custom_width_mobile_pixel":100,"inherit_text_alignment_mobile":true,"alignment_mobile":"left","type_preset":"rte","font":"var(--font-body--family)","font_size":"1.6rem","line_height":"normal","letter_spacing":"normal","case":"none","wrap":"pretty","color":"var(--color-foreground)","background":false,"background_color":"#00000026","enable_border":false,"enable_border_bottom":false,"border":"none","border_width":0,"border_width_type":"100%","border_custom_width":100,"border_radius":0,"text_effect":"none","animation_repeat":false,"padding-block-start":0,"padding-block-end":0,"padding-inline-start":0,"padding-inline-end":0},"blocks":{}},"email_signup_km9WgY":{"type":"email-signup","name":"Email signup","settings":{"show_subscription":false,"subscription_text":"Sign up to be the first to know when the event is live!","subscription_button":"SUBSCRIBE","width":"custom","custom_width":100,"width_mobile":"fill","custom_width_mobile":100,"inherit_color_scheme":true,"scheme_background":"#ffffff","scheme_background_gradient":"","scheme_foreground_heading":"#000000","scheme_foreground":"#000000","scheme_primary":"#000f9f","scheme_primary_hover":"#000000","scheme_border":"#e6e6e6","scheme_shadow":"#000000","border":"none","border_width":1,"border_radius":0,"field-padding-block-start":0,"field-padding-block-end":0,"field-padding-inline-start":0,"field-padding-inline-end":0,"input_label":"Email","border_style":"all","input_border_width":0.5,"input_border_radius":0,"input_alignment":"left","input_type_preset":"paragraph","agree_condition":false,"agree_condition_text":"I agree with the terms and conditions","condition-padding-block-start":20,"condition-padding-block-end":20,"show_input_description":false,"input_description":"","type_preset":"rte","description-padding-block-start":20,"description-padding-block-end":20,"style_class":"button","hide_submit_border":false,"display_type":"icon","icon_type":"arrow","icon_size_desktop":40,"icon_size_mobile":24,"label":"Sign up","button_type_preset":"paragraph","background_button":true,"integrated_button":false,"gap":12,"submit_width":"fit-content","submit_custom_width":30,"submit_width_mobile":"custom","submit_custom_width_mobile":100,"padding-block-start":0,"padding-block-end":0,"padding-inline-start":0,"padding-inline-end":0},"blocks":{}}},"block_order":["text_hRHiaP","text_GRCtKb","email_signup_km9WgY"]}},"block_order":["group_xzPy4A"]}},"name":"Media banner","settings":{"section_width":"full-width","extend_media":true,"media_position":"stack","desktop_content_position":"middle-center","position_offset":0,"media_width":"medium","media_height":"100svh","media_height_custom":50,"color_scheme":"","padding-block-start":0,"padding-block-end":0}}},"order":["media_banner_C8L6fD"]}