 {
  "sections": {
    "main": {
      "type": "section",
      "blocks": {
        "card_product_flex_pW6Lgp": {
          "type": "card-product-flex",
          "name": "Product card",
          "settings": {
            "product": "{{ closest.product }}",
            "inherit_color_scheme": true,
            "scheme_background": "#ffffff",
            "scheme_background_gradient": "",
            "scheme_foreground_heading": "#000000",
            "scheme_foreground": "#000000",
            "scheme_primary": "#000f9f",
            "scheme_primary_hover": "#000000",
            "scheme_border": "#e6e6e6",
            "scheme_shadow": "#000000",
            "border": "none",
            "border_width": 1,
            "border_opacity": 100,
            "border_radius": 0,
            "content_direction": "column",
            "wrap": "no-wrap",
            "align_items": "stretch",
            "justify_content": "start",
            "gap": 12,
            "width": "fill",
            "custom_width": 100,
            "padding-block-start": 36,
            "padding-block-end": 36,
            "padding-inline-start": 0,
            "padding-inline-end": 0
          },
          "blocks": {
            "card_product_media_flex_cWicVK": {
              "type": "_card-product-media-flex",
              "settings": {
                "product": "{{ closest.product }}",
                "image_ratio": "adapt",
                "show_secondary_image": true,
                "width_option": "full",
                "custom_width": 80,
                "border": "none",
                "border_width": 1,
                "border_opacity": 100,
                "border_radius": 0
              },
              "blocks": {
                "card_product_group_button_qEPrBq": {
                  "type": "_card-product-group-button",
                  "name": "Button group",
                  "settings": {
                    "product": "{{ closest.product }}",
                    "border_radius": 50,
                    "padding-block-start": 8,
                    "padding-block-end": 16,
                    "padding-inline-start": 8,
                    "padding-inline-end": 8
                  },
                  "blocks": {}
                }
              },
              "block_order": [
                "card_product_group_button_qEPrBq"
              ]
            },
            "spacer_LX3LHx": {
              "type": "spacer",
              "settings": {
                "spacer_height": 6,
                "spacer_width": 0
              },
              "blocks": {}
            },
            "card_product_button_flex_BQkb9w": {
              "type": "_card-product-button-flex",
              "settings": {
                "product": "{{ closest.product }}",
                "quick_add": "none",
                "style_class": "button",
                "corner_radius": 0,
                "link_underline": false,
                "font_size": "1.6rem",
                "case": "none",
                "width": "fill",
                "custom_width": 100,
                "width_mobile": "fill",
                "custom_width_mobile": 100,
                "height": "fit-content",
                "custom_height": 100,
                "padding_block": 0,
                "padding_inline": 0
              },
              "blocks": {}
            },
            "card_product_vendor_flex_jmdtdp": {
              "type": "_card-product-vendor-flex",
              "settings": {
                "product": "{{ closest.product }}",
                "width": "fit-content",
                "alignment": "left",
                "type_preset": "rte",
                "font": "var(--font-body--family)",
                "font_size": "1.6rem",
                "letter_spacing": "normal",
                "case": "none",
                "wrap": "pretty",
                "padding-block-start": 0,
                "padding-block-end": 0,
                "padding-inline-end": 0,
                "padding-inline-start": 0
              },
              "blocks": {}
            },
            "card_product_title_flex_tUyqwH": {
              "type": "_card-product-title-flex",
              "settings": {
                "product": "{{ closest.product }}",
                "width": "fit-content",
                "unit": "percent",
                "custom_width": 100,
                "custom_width_pixel": 500,
                "alignment": "left",
                "clamp": false,
                "clamp_row": 2,
                "type_preset": "rte",
                "font": "var(--font-body--family)",
                "font_size": "1.6rem",
                "line_height": "normal",
                "letter_spacing": "normal",
                "case": "none",
                "wrap": "pretty",
                "padding-block-start": 0,
                "padding-block-end": 0,
                "padding-inline-end": 0,
                "padding-inline-start": 0
              },
              "blocks": {}
            },
            "card_product_price_flex_nEyw7U": {
              "type": "_card-product-price-flex",
              "settings": {
                "product": "{{ closest.product }}",
                "type_preset": "",
                "width": "fit-content",
                "alignment": "left",
                "font": "var(--font-body--family)",
                "font_size": "1.6rem",
                "line_height": "normal",
                "letter_spacing": "normal",
                "case": "none",
                "padding-block-start": 0,
                "padding-block-end": 0,
                "padding-inline-start": 0,
                "padding-inline-end": 0
              },
              "blocks": {}
            },
            "card_product_variant_flex_WiKCUn": {
              "type": "_card-product-variant-flex",
              "settings": {
                "product": "{{ closest.product }}",
                "padding-block-start": 0,
                "padding-block-end": 0,
                "padding-inline-start": 0,
                "padding-inline-end": 0
              },
              "blocks": {}
            }
          },
          "block_order": [
            "card_product_media_flex_cWicVK",
            "spacer_LX3LHx",
            "card_product_button_flex_BQkb9w",
            "card_product_vendor_flex_jmdtdp",
            "card_product_title_flex_tUyqwH",
            "card_product_price_flex_nEyw7U",
            "card_product_variant_flex_WiKCUn"
          ]
        }
      },
      "block_order": [
        "card_product_flex_pW6Lgp"
      ],
      "settings": {
        "content_direction": "column",
        "content_direction_mobile": "column",
        "wrap": "no-wrap",
        "horizontal_alignment": "flex-start",
        "vertical_alignment": "center",
        "align_baseline": false,
        "horizontal_alignment_flex_direction_column": "flex-start",
        "vertical_alignment_flex_direction_column": "center",
        "gap": 12,
        "section_width": "page-width",
        "page_width_custom": 1570,
        "section_height": "",
        "section_height_custom": 50,
        "section_height_mobile": "",
        "section_height_mobile_custom": 50,
        "color_scheme": "",
        "background_media": "none",
        "video_position": "cover",
        "background_image_position": "cover",
        "border": "none",
        "border_width": 1,
        "border_opacity": 100,
        "border_radius": 0,
        "toggle_overlay": false,
        "overlay_color": "#00000026",
        "overlay_style": "solid",
        "gradient_direction": "to top",
        "image_behavior": "none",
        "padding-block-start": 0,
        "padding-block-end": 0,
        "padding-inline-start": 0,
        "padding-inline-end": 0
      }
    }
  },
  "order": [
    "main"
  ]
}
