{"sections":{"main":{"type":"main-product","blocks":{"media-gallery":{"type":"_product-media-gallery","static":true,"settings":{"media_presentation":"grid","media_columns":"one","image_gap":4,"large_first_image":false,"loop":true,"navigation":"arrows-pagination","arrows_position":"bottom_center","swiper_buttons_gap":20,"pagination_type":"thumbnails","thumbnail_position":"left","pagination_position":"inside","dot_style":"filled","dot_appearance":false,"dot_background":"#ffffff","dot_border_radius":0,"aspect_ratio":"adapt","constrain_to_viewport":false,"media_fit":"cover","media_radius":0,"extend_media":false,"zoom":true,"zoom_type":"dialog","video_loop":true,"video_autoplay":true,"video_type":"dialog","hide_variants":false,"padding-block-start":0,"padding-block-end":0,"padding-inline-start":0,"padding-inline-end":0},"blocks":{}},"product-details":{"type":"_product-details","static":true,"settings":{"gap":20,"sticky_details_desktop":true,"width":"fill","custom_width":100,"width_mobile":"fill","custom_width_mobile":100,"inherit_color_scheme":true,"scheme_background":"#ffffff","scheme_background_gradient":"","scheme_foreground_heading":"#000000","scheme_foreground":"#000000","scheme_primary":"#000f9f","scheme_primary_hover":"#000000","scheme_border":"#e6e6e6","scheme_shadow":"#000000","padding-block-start":24,"padding-block-end":24,"padding-inline-start":0,"padding-inline-end":0},"blocks":{"group_icgrde":{"type":"group","name":"Header","settings":{"link":"","open_in_new_tab":false,"content_direction":"column","content_direction_mobile":"column","horizontal_alignment":"flex-start","vertical_alignment":"center","align_baseline":false,"horizontal_alignment_flex_direction_column":"flex-start","vertical_alignment_flex_direction_column":"center","horizontal_alignment_mobile":"flex-start","vertical_alignment_mobile":"center","horizontal_alignment_flex_direction_column_mobile":"flex-start","vertical_alignment_flex_direction_column_mobile":"center","gap":12,"width":"fill","custom_width":100,"width_tablet":"fill","custom_width_tablet":100,"width_mobile":"fill","custom_width_mobile":100,"height":"fit","custom_height":100,"inherit_color_scheme":true,"scheme_background":"#ffffff","scheme_background_gradient":"","scheme_foreground_heading":"#000000","scheme_foreground":"#000000","scheme_primary":"#000f9f","scheme_primary_hover":"#000000","scheme_border":"#e6e6e6","scheme_shadow":"#000000","background_media":"none","video_position":"cover","background_image_position":"cover","content_overlay":false,"image_ratio":"adapt","border":"none","border_width":1,"border_opacity":0,"border_radius":0,"toggle_overlay":false,"overlay_color":"#00000026","extend_left_overlay":false,"extend_right_overlay":false,"overlay_style":"solid","gradient_direction":"to top","enable_parallax":"none","disable_parallax_mobile":false,"parallax_speed":0.5,"horizontal_position":0,"vertical_position":0,"shadow_color":"rgba(0,0,0,0)","shadow_horizontal_offset":0,"shadow_vertical_offset":0,"shadow_blur":0,"spread_radius":0,"margin-block-start":0,"margin-block-start-mobile":0,"margin-block-end":0,"margin-block-end-mobile":0,"margin-inline-start":0,"margin-inline-start-mobile":0,"margin-inline-end":0,"margin-inline-end-mobile":0,"padding-block-start":0,"padding-block-end":0,"padding-inline-start":0,"padding-inline-end":0},"blocks":{"text_xrnftG":{"type":"text","settings":{"text":"<h1>{{ closest.product.title }}<\/h1>","typing_text":false,"primary_text":"Welcome to our store!","secondary_text":"Exclusive offers just for you.","third_text":"Shop now and enjoy deals!","highlight_text":false,"highlight_text_content":"","highlight_text_type":"text","underline_height":18,"underline_offset":-20,"highlight_text_color":"#000000","highlight_underline_color":"#000000","spacing_text":false,"spacing_text_content":"","spacing_text_left":0,"spacing_text_right":0,"stroke_text":false,"stroke_text_content":"","width":"100%","unit":"percent","custom_width":100,"custom_width_pixel":500,"inherit_text_alignment":true,"justify_alignment":false,"alignment":"left","width_tablet":"fit-content","unit_tablet":"percent","custom_width_tablet":100,"custom_width_tablet_pixel":100,"inherit_text_alignment_tablet":true,"justify_alignment_tablet":false,"alignment_tablet":"left","width_mobile":"fit-content","unit_mobile":"percent","custom_width_mobile":100,"custom_width_mobile_pixel":100,"inherit_text_alignment_mobile":true,"justify_alignment_mobile":false,"alignment_mobile":"left","type_preset":"custom","font":"var(--font-heading--family)","font_size":"2.0rem","line_height":"normal","letter_spacing":"normal","case":"none","wrap":"pretty","color":"","background":false,"background_color":"#00000026","enable_border":false,"enable_border_bottom":false,"border":"none","border_width":0,"border_width_type":"100%","border_custom_width":100,"border_radius":0,"text_effect":"none","animation_repeat":false,"padding-block-start":0,"padding-block-end":0,"padding-inline-start":0,"padding-inline-end":0},"blocks":{}}},"block_order":["text_xrnftG"]},"product_sold_in_last_7YKnt6":{"type":"_product-sold-in-last","name":"Sold in last","settings":{"text":"[icon] [number] sold in last [hours] hours","sold_in_number":"3,5,6,7,8,10,12,15","sold_in_hours":"10,15,16,17,18,20,25,35","type_preset":"","font":"var(--font-body--family)","font_size":"1.6rem","line_height":"normal","letter_spacing":"normal","case":"none","wrap":"pretty","color":"var(--color-foreground)","padding_top":10,"padding_bottom":10},"blocks":{}},"product_description_yNgX6e":{"type":"_product-description","name":"t:names.product_short_description","settings":{"text":"{{ closest.product.description }}","width":"fit-content","max_width":"normal","truncate_type":"words","truncatewords":30,"alignment":"left","type_preset":"rte","font":"var(--font-body--family)","font_size":"1.2rem","line_height":"normal","letter_spacing":"normal","case":"none","wrap":"pretty","color":"var(--color-foreground)","background":false,"background_color":"#00000026","corner_radius":0,"padding-block-start":0,"padding-block-end":0,"padding-inline-start":0,"padding-inline-end":0},"blocks":{}},"product_info_7WGyHH":{"type":"product-info","name":"t:names.product_info","settings":{"show_vendor":true,"show_sku":true,"show_barcode":true,"show_availability":true,"stock_level_display":"none","show_product_type":true,"gap":10,"padding-block-start":0,"padding-block-end":0,"padding-inline-start":0,"padding-inline-end":0},"blocks":{}},"price_wUxKFf":{"type":"price","name":"t:names.product_price","settings":{"show_sale_price_first":true,"show_installments":false,"show_tax_info":false,"type_preset":"","width":"100%","alignment":"left","font":"var(--font-body--family)","font_size":"1rem","line_height":"normal","letter_spacing":"normal","case":"none","color":"var(--color-foreground)","padding-block-start":0,"padding-block-end":0,"padding-inline-start":0,"padding-inline-end":0},"blocks":{}},"product_countdown_KjGgKH":{"type":"product-countdown","name":"t:names.countdown","settings":{"padding-block-start":0,"padding-block-end":0,"padding-inline-start":0,"padding-inline-end":0},"blocks":{}},"variant_picker_R3rGDr":{"type":"variant-picker","settings":{"variant_style":"pills","show_swatches":true,"swatch_size":34,"alignment":"left","padding-block-start":0,"padding-block-end":0,"padding-inline-start":0,"padding-inline-end":0},"blocks":{}},"product_hot_stock_PQa77U":{"type":"product-hot-stock","name":"Product Hot Stock","settings":{"product_max_stock":20,"text_color":"#d62828","type_preset":"rte","font":"var(--font-body--family)","font_size":"1.6rem","line_height":"normal","letter_spacing":"normal","case":"none","progress_bar_height":5,"progress_bar_color":"#d62828","progress_bar_color_2":"#69c69c"},"blocks":{}},"product_positive_vibes_Kjn6rF":{"type":"_product-positive-vibes","name":"Positive vibes","settings":{"type_preset":"","font":"var(--font-body--family)","font_size":"1.6rem","line_height":"normal","letter_spacing":"normal","case":"none","wrap":"pretty","color":"var(--color-foreground)","padding_top":10,"padding_bottom":10},"blocks":{}},"customization_option_FWx7UY":{"type":"_customization-option","name":"t:names.customization_option","settings":{"gap":12,"padding-block-start":0,"padding-block-end":0,"padding-inline-start":0,"padding-inline-end":0},"blocks":{"text_field_cwEN9U":{"type":"_text-field","settings":{"heading":"Input text","gap":6},"blocks":{}},"file_field_fUKyHG":{"type":"_file-field","settings":{"heading":"Input file","gap":6},"blocks":{}}},"block_order":["text_field_cwEN9U","file_field_fUKyHG"]},"perks_NChGeW":{"type":"_perks","name":"t:names.product_perks","settings":{"content_direction":"row","content_direction_mobile":"column","horizontal_alignment":"flex-start","vertical_alignment":"center","align_baseline":false,"horizontal_alignment_flex_direction_column":"flex-start","vertical_alignment_flex_direction_column":"center","horizontal_alignment_mobile":"flex-start","vertical_alignment_mobile":"center","horizontal_alignment_flex_direction_column_mobile":"flex-start","vertical_alignment_flex_direction_column_mobile":"center","gap":12,"width":"fill","custom_width":100,"width_mobile":"fill","custom_width_mobile":100,"height":"fit","custom_height":100,"inherit_color_scheme":true,"scheme_background":"#ffffff","scheme_background_gradient":"","scheme_foreground_heading":"#000000","scheme_foreground":"#000000","scheme_primary":"#000f9f","scheme_primary_hover":"#000000","scheme_border":"#e6e6e6","scheme_shadow":"#000000","background_media":"none","video_position":"cover","background_image_position":"cover","content_overlay":false,"image_ratio":"adapt","border":"none","border_width":1,"border_radius":0,"toggle_overlay":false,"overlay_color":"#00000026","extend_left_overlay":false,"extend_right_overlay":false,"overlay_style":"solid","gradient_direction":"to top","enable_parallax":"none","disable_parallax_mobile":false,"parallax_speed":0.5,"horizontal_position":0,"vertical_position":0,"shadow_color":"rgba(0,0,0,0)","shadow_horizontal_offset":0,"shadow_vertical_offset":0,"shadow_blur":0,"spread_radius":0,"margin-block-start":0,"margin-block-start-mobile":0,"margin-block-end":0,"margin-block-end-mobile":0,"margin-inline-start":0,"margin-inline-start-mobile":0,"margin-inline-end":0,"margin-inline-end-mobile":0,"padding-block-start":0,"padding-block-end":0,"padding-inline-start":0,"padding-inline-end":0},"blocks":{"size-chart":{"type":"_size-chart","static":true,"settings":{"heading":"Size chart","type_preset":"","font":"var(--font-body--family)","font_size":"1.6rem","line_height":"normal","letter_spacing":"normal","case":"none","wrap":"pretty","color":"var(--color-foreground)","size_chart_type":"page","size_chart_page":"","padding-block-start":0,"padding-block-end":0,"padding-inline-start":0,"padding-inline-end":0},"blocks":{}},"color-comparison":{"type":"_color-comparison","static":true,"settings":{"heading":"Color comparison","type_preset":"custom","font":"var(--font-body--family)","font_size":"1.4rem","line_height":"normal","letter_spacing":"normal","case":"none","wrap":"pretty","color":"var(--color-foreground)","padding-block-start":0,"padding-block-end":0,"padding-inline-start":0,"padding-inline-end":0},"blocks":{"heading":{"type":"text","static":true,"settings":{"text":"<h5>Compare color<\/h5>","typing_text":false,"primary_text":"Welcome to our store!","secondary_text":"Exclusive offers just for you.","third_text":"Shop now and enjoy deals!","highlight_text":false,"highlight_text_content":"","highlight_text_type":"text","underline_height":18,"underline_offset":20,"highlight_text_color":"#000000","highlight_underline_color":"#000000","spacing_text":false,"spacing_text_content":"","spacing_text_left":0,"spacing_text_right":0,"stroke_text":false,"stroke_text_content":"","width":"fit-content","unit":"percent","custom_width":100,"custom_width_pixel":500,"inherit_text_alignment":true,"justify_alignment":false,"alignment":"left","width_tablet":"fit-content","unit_tablet":"percent","custom_width_tablet":100,"custom_width_tablet_pixel":100,"inherit_text_alignment_tablet":true,"justify_alignment_tablet":false,"alignment_tablet":"left","width_mobile":"fit-content","unit_mobile":"percent","custom_width_mobile":100,"custom_width_mobile_pixel":100,"inherit_text_alignment_mobile":true,"justify_alignment_mobile":false,"alignment_mobile":"left","type_preset":"rte","font":"var(--font-body--family)","font_size":"1.6rem","line_height":"normal","letter_spacing":"normal","case":"none","wrap":"pretty","color":"var(--color-foreground)","background":false,"background_color":"#00000026","enable_border":false,"enable_border_bottom":false,"border":"none","border_width":0,"border_width_type":"100%","border_custom_width":100,"border_radius":0,"text_effect":"none","heading_only":false,"heading_effect":"none","animation_repeat":false,"padding-block-start":0,"padding-block-end":10,"padding-inline-start":0,"padding-inline-end":0},"blocks":{}},"color-comparison-content":{"type":"_color-comparison-content","static":true,"settings":{"padding-block-start":0,"padding-block-end":0,"padding-inline-start":0,"padding-inline-end":0},"blocks":{}},"compare-colors-text":{"type":"text","static":true,"settings":{"text":"<p><em>Click on color\/pattern to compare, click and drag images to reorder<\/em><\/p>","typing_text":false,"primary_text":"Welcome to our store!","secondary_text":"Exclusive offers just for you.","third_text":"Shop now and enjoy deals!","highlight_text":false,"highlight_text_content":"","highlight_text_type":"text","underline_height":18,"underline_offset":20,"highlight_text_color":"#000000","highlight_underline_color":"#000000","spacing_text":false,"spacing_text_content":"","spacing_text_left":0,"spacing_text_right":0,"stroke_text":false,"stroke_text_content":"","width":"100%","unit":"percent","custom_width":100,"custom_width_pixel":500,"inherit_text_alignment":false,"justify_alignment":false,"alignment":"center","width_tablet":"100%","unit_tablet":"percent","custom_width_tablet":100,"custom_width_tablet_pixel":100,"inherit_text_alignment_tablet":false,"justify_alignment_tablet":false,"alignment_tablet":"center","width_mobile":"100%","unit_mobile":"percent","custom_width_mobile":100,"custom_width_mobile_pixel":100,"inherit_text_alignment_mobile":false,"justify_alignment_mobile":false,"alignment_mobile":"center","type_preset":"rte","font":"var(--font-body--family)","font_size":"1.6rem","line_height":"normal","letter_spacing":"normal","case":"none","wrap":"pretty","color":"var(--color-foreground)","background":false,"background_color":"#00000026","enable_border":false,"enable_border_bottom":false,"border":"none","border_width":0,"border_width_type":"100%","border_custom_width":100,"border_radius":0,"text_effect":"none","heading_only":false,"heading_effect":"none","animation_repeat":false,"padding-block-start":30,"padding-block-end":0,"padding-inline-start":0,"padding-inline-end":0},"blocks":{}}},"block_order":[]},"ask-an-expert":{"type":"_ask-an-expert","static":true,"settings":{"heading":"Ask an expert","type_preset":"","font":"var(--font-body--family)","font_size":"1.6rem","line_height":"normal","letter_spacing":"normal","case":"none","wrap":"pretty","color":"var(--color-foreground)","button_label":"Send question","button_style":"default","button_margin_top":20,"padding-block-start":0,"padding-block-end":0,"padding-inline-start":0,"padding-inline-end":0},"blocks":{"input_tXfYzf":{"type":"_input","name":"t:names.input","settings":{"show_label":true,"label":"Full Name","label_type_preset":"paragraph","label_mb":8,"input_width":100,"input_type_preset":"paragraph","is_required":false,"placeholder":"Please fill in this field","padding_left":15,"padding_right":15,"padding_top":12,"padding_bottom":12,"border_style":"all","input_border_width":1,"input_border_radius":0,"input_alignment":"left"},"blocks":{}},"input_nUBpV6":{"type":"_input","name":"t:names.input","settings":{"show_label":true,"label":"Phone Number","label_type_preset":"paragraph","label_mb":8,"input_width":100,"input_type_preset":"paragraph","is_required":false,"placeholder":"Please fill in this field","padding_left":15,"padding_right":15,"padding_top":12,"padding_bottom":12,"border_style":"all","input_border_width":1,"input_border_radius":0,"input_alignment":"left"},"blocks":{}},"input_UppFmt":{"type":"_input","name":"t:names.input","settings":{"show_label":true,"label":"Email Address","label_type_preset":"paragraph","label_mb":8,"input_width":100,"input_type_preset":"paragraph","is_required":false,"placeholder":"Please fill in this field","padding_left":15,"padding_right":15,"padding_top":12,"padding_bottom":12,"border_style":"all","input_border_width":1,"input_border_radius":0,"input_alignment":"left"},"blocks":{}},"radio_PXjGPT":{"type":"_radio","name":"Radio","settings":{"label":"Do you need:","show_label":true,"label_mb":8,"options":"Pricing|Answers|Both","options_layout":"horizontal","option_type_preset":"paragraph","padding_left":100,"padding_right":100,"padding_top":100,"padding_bottom":100,"border_style":"all","input_border_width":1,"input_border_radius":0},"blocks":{}},"textarea_LJCmL9":{"type":"_textarea","name":"Textarea","settings":{"show_label":true,"label":"Comment","label_type_preset":"paragraph","label_mb":8,"text_area_height":220,"form_row_width":100,"input_type_preset":"paragraph","is_required":false,"placeholder":"Please fill in this field","padding_left":15,"padding_right":15,"padding_top":12,"padding_bottom":12,"border_style":"all","input_border_width":1,"input_border_radius":0,"input_alignment":"left"},"blocks":{}},"heading":{"type":"text","static":true,"settings":{"text":"<h5>Have Questions?<\/h5>","typing_text":false,"primary_text":"Welcome to our store!","secondary_text":"Exclusive offers just for you.","third_text":"Shop now and enjoy deals!","highlight_text":false,"highlight_text_content":"","highlight_text_type":"text","underline_height":18,"underline_offset":20,"highlight_text_color":"#000000","highlight_underline_color":"#000000","spacing_text":false,"spacing_text_content":"","spacing_text_left":0,"spacing_text_right":0,"stroke_text":false,"stroke_text_content":"","width":"100%","unit":"percent","custom_width":100,"custom_width_pixel":500,"inherit_text_alignment":false,"justify_alignment":false,"alignment":"center","width_tablet":"100%","unit_tablet":"percent","custom_width_tablet":100,"custom_width_tablet_pixel":100,"inherit_text_alignment_tablet":false,"justify_alignment_tablet":false,"alignment_tablet":"center","width_mobile":"100%","unit_mobile":"percent","custom_width_mobile":100,"custom_width_mobile_pixel":100,"inherit_text_alignment_mobile":false,"justify_alignment_mobile":false,"alignment_mobile":"center","type_preset":"custom","font":"var(--font-heading--family)","font_size":"1.6rem","line_height":"normal","letter_spacing":"normal","case":"none","wrap":"pretty","color":"var(--color-foreground)","background":false,"background_color":"#00000026","enable_border":false,"enable_border_bottom":false,"border":"none","border_width":0,"border_width_type":"100%","border_custom_width":100,"border_radius":0,"text_effect":"none","heading_only":false,"heading_effect":"none","animation_repeat":false,"padding-block-start":12,"padding-block-end":12,"padding-inline-start":0,"padding-inline-end":0},"blocks":{}},"divider":{"type":"_divider","static":true,"settings":{"thickness":1,"corner_radius":"square","width_percent":100,"alignment_horizontal":"center","padding-block-start":10,"padding-block-end":10},"blocks":{}},"title":{"type":"text","static":true,"settings":{"text":"<h4>Ask The Fashion Expert Anything On Ella<\/h4>","typing_text":false,"primary_text":"Welcome to our store!","secondary_text":"Exclusive offers just for you.","third_text":"Shop now and enjoy deals!","highlight_text":false,"highlight_text_content":"","highlight_text_type":"text","underline_height":18,"underline_offset":20,"highlight_text_color":"#000000","highlight_underline_color":"#000000","spacing_text":false,"spacing_text_content":"","spacing_text_left":0,"spacing_text_right":0,"stroke_text":false,"stroke_text_content":"","width":"100%","unit":"percent","custom_width":100,"custom_width_pixel":500,"inherit_text_alignment":false,"justify_alignment":false,"alignment":"center","width_tablet":"100%","unit_tablet":"percent","custom_width_tablet":100,"custom_width_tablet_pixel":100,"inherit_text_alignment_tablet":false,"justify_alignment_tablet":false,"alignment_tablet":"center","width_mobile":"100%","unit_mobile":"percent","custom_width_mobile":100,"custom_width_mobile_pixel":100,"inherit_text_alignment_mobile":false,"justify_alignment_mobile":false,"alignment_mobile":"center","type_preset":"custom","font":"var(--font-heading--family)","font_size":"1.6rem","line_height":"normal","letter_spacing":"normal","case":"none","wrap":"pretty","color":"var(--color-foreground)","background":false,"background_color":"#00000026","enable_border":false,"enable_border_bottom":false,"border":"none","border_width":0,"border_width_type":"100%","border_custom_width":100,"border_radius":0,"text_effect":"none","heading_only":false,"heading_effect":"none","animation_repeat":false,"padding-block-start":36,"padding-block-end":16,"padding-inline-start":0,"padding-inline-end":0},"blocks":{}},"description":{"type":"text","static":true,"settings":{"text":"<p><em>We will follow up with you via email within 24-36 hours<\/em><\/p>","typing_text":false,"primary_text":"Welcome to our store!","secondary_text":"Exclusive offers just for you.","third_text":"Shop now and enjoy deals!","highlight_text":false,"highlight_text_content":"","highlight_text_type":"text","underline_height":18,"underline_offset":20,"highlight_text_color":"#000000","highlight_underline_color":"#000000","spacing_text":false,"spacing_text_content":"","spacing_text_left":0,"spacing_text_right":0,"stroke_text":false,"stroke_text_content":"","width":"100%","unit":"percent","custom_width":100,"custom_width_pixel":500,"inherit_text_alignment":false,"justify_alignment":false,"alignment":"center","width_tablet":"100%","unit_tablet":"percent","custom_width_tablet":100,"custom_width_tablet_pixel":100,"inherit_text_alignment_tablet":false,"justify_alignment_tablet":false,"alignment_tablet":"center","width_mobile":"100%","unit_mobile":"percent","custom_width_mobile":100,"custom_width_mobile_pixel":100,"inherit_text_alignment_mobile":false,"justify_alignment_mobile":false,"alignment_mobile":"center","type_preset":"custom","font":"var(--font-body--family)","font_size":"1.6rem","line_height":"normal","letter_spacing":"normal","case":"none","wrap":"pretty","color":"var(--color-foreground)","background":false,"background_color":"#00000026","enable_border":false,"enable_border_bottom":false,"border":"none","border_width":0,"border_width_type":"100%","border_custom_width":100,"border_radius":0,"text_effect":"none","heading_only":false,"heading_effect":"none","animation_repeat":false,"padding-block-start":0,"padding-block-end":0,"padding-inline-start":0,"padding-inline-end":0},"blocks":{}},"divider-2":{"type":"_divider","static":true,"settings":{"thickness":1,"corner_radius":"square","width_percent":100,"alignment_horizontal":"center","padding-block-start":36,"padding-block-end":24},"blocks":{}},"text":{"type":"text","static":true,"settings":{"text":"<p>Please answer the following questionnaire<\/p>","typing_text":false,"primary_text":"Welcome to our store!","secondary_text":"Exclusive offers just for you.","third_text":"Shop now and enjoy deals!","highlight_text":false,"highlight_text_content":"","highlight_text_type":"text","underline_height":18,"underline_offset":20,"highlight_text_color":"#000000","highlight_underline_color":"#000000","spacing_text":false,"spacing_text_content":"","spacing_text_left":0,"spacing_text_right":0,"stroke_text":false,"stroke_text_content":"","width":"100%","unit":"percent","custom_width":100,"custom_width_pixel":500,"inherit_text_alignment":false,"justify_alignment":false,"alignment":"center","width_tablet":"100%","unit_tablet":"percent","custom_width_tablet":100,"custom_width_tablet_pixel":100,"inherit_text_alignment_tablet":false,"justify_alignment_tablet":false,"alignment_tablet":"center","width_mobile":"100%","unit_mobile":"percent","custom_width_mobile":100,"custom_width_mobile_pixel":100,"inherit_text_alignment_mobile":false,"justify_alignment_mobile":false,"alignment_mobile":"center","type_preset":"custom","font":"var(--font-body--family)","font_size":"1.6rem","line_height":"normal","letter_spacing":"normal","case":"none","wrap":"pretty","color":"var(--color-foreground)","background":false,"background_color":"#00000026","enable_border":false,"enable_border_bottom":false,"border":"none","border_width":0,"border_width_type":"100%","border_custom_width":100,"border_radius":0,"text_effect":"none","heading_only":false,"heading_effect":"none","animation_repeat":false,"padding-block-start":0,"padding-block-end":20,"padding-inline-start":0,"padding-inline-end":0},"blocks":{}}},"block_order":["input_tXfYzf","input_nUBpV6","input_UppFmt","radio_PXjGPT","textarea_LJCmL9"]}},"block_order":[]},"buy_buttons_eYQEYi":{"type":"buy-buttons","settings":{"stacking":false,"show_pickup_availability":false,"gift_card_form":true,"padding-block-start":0,"padding-block-end":0,"padding-inline-start":0,"padding-inline-end":0},"blocks":{"quantity":{"type":"quantity","static":true,"settings":{},"blocks":{}},"add-to-cart":{"type":"add-to-cart","static":true,"settings":{"style_class":"button","button_style":"default","width":"custom","unit":"percent","custom_width":100,"custom_width_pixel":100,"buttons_padding_vertical":9,"buttons_padding_horizontal":20,"width_mobile":"fit-content","unit_mobile":"percent","custom_width_mobile":100,"custom_width_mobile_pixel":100,"buttons_padding_vertical_mobile":10,"buttons_padding_horizontal_mobile":10},"blocks":{}},"accelerated-checkout":{"type":"accelerated-checkout","static":true,"settings":{"agree_condition":true,"agree_condition_text":"I agree with the terms and conditions","condition-padding-block-start":20,"condition-padding-block-end":20},"blocks":{}}},"block_order":[]},"product_customer_viewing_YyRL7U":{"type":"_product-customer-viewing","name":"Customers viewing","settings":{"text":"[icon] [number] customers are viewing this product","customer_viewing_number":"283, 100, 59, 11, 14, 185, 193, 165, 50, 38, 99, 112, 46, 10, 125, 200, 250, 18","customer_viewing_time":5,"type_preset":"","font":"var(--font-body--family)","font_size":"1.6rem","line_height":"normal","letter_spacing":"normal","case":"none","wrap":"pretty","color":"var(--color-foreground)","padding_top":10,"padding_bottom":10},"blocks":{}},"product_back_instock_alert_zXr6BR":{"type":"_product-back-instock-alert","name":"t:names.back_in_stock_alert","settings":{"desktop_direction":"row","mobile_direction":"column","gap":12,"button_label":"Notify me","button_style":"default","notification_message":"Please notify me when this product is back in stock."},"blocks":{"static-title":{"type":"text","static":true,"settings":{"text":"<p>Leave your email and we will notify as soon as the product\/variant is back in stock<\/p>","typing_text":false,"primary_text":"Welcome to our store!","secondary_text":"Exclusive offers just for you.","third_text":"Shop now and enjoy deals!","highlight_text":false,"highlight_text_content":"","highlight_text_type":"text","underline_height":18,"underline_offset":20,"highlight_text_color":"#000000","highlight_underline_color":"#000000","spacing_text":false,"spacing_text_content":"","spacing_text_left":0,"spacing_text_right":0,"stroke_text":false,"stroke_text_content":"","width":"fit-content","unit":"percent","custom_width":100,"custom_width_pixel":500,"inherit_text_alignment":true,"justify_alignment":false,"alignment":"left","width_tablet":"fit-content","unit_tablet":"percent","custom_width_tablet":100,"custom_width_tablet_pixel":100,"inherit_text_alignment_tablet":true,"justify_alignment_tablet":false,"alignment_tablet":"left","width_mobile":"fit-content","unit_mobile":"percent","custom_width_mobile":100,"custom_width_mobile_pixel":100,"inherit_text_alignment_mobile":true,"justify_alignment_mobile":false,"alignment_mobile":"left","type_preset":"rte","font":"var(--font-body--family)","font_size":"1.6rem","line_height":"normal","letter_spacing":"normal","case":"none","wrap":"pretty","color":"var(--color-foreground)","background":false,"background_color":"#00000026","enable_border":false,"enable_border_bottom":false,"border":"none","border_width":0,"border_width_type":"100%","border_custom_width":100,"border_radius":0,"text_effect":"none","animation_repeat":false,"padding-block-start":0,"padding-block-end":10,"padding-inline-start":0,"padding-inline-end":0},"blocks":{}}},"block_order":[]},"product_recommendations_jFtcjG":{"type":"product-recommendations","name":"t:names.product_recommendations","settings":{"product":"{{ closest.product }}","recommendation_type":"complementary","layout_type":"carousel","carousel_on_mobile":false,"products_to_show":4,"columns_desktop":4,"columns_gap":8,"rows_gap":8,"show_more_product":false,"show_more_product_text":"Show more","show_more_font_size":"","show_more_font_weight":"default","show_more_product_width":"fit-content","unit":"percent","custom_width":100,"custom_width_pixel":100,"show_more_product_width_mobile":"fit-content","custom_width_mobile":100,"custom_width_mobile_pixel":100,"show_more_product_top_offset":40,"loop":false,"navigation":"arrows","arrows_position":"inside","pagination_type":"bullets","dots_top_offset":40,"progress_top_offset":40,"gap":12,"color_scheme":"","columns_mobile":"2","padding-block-start":0,"padding-block-end":0},"blocks":{"text_fjAVdG":{"type":"text","settings":{"text":"<h4>You may also like<\/h4>","typing_text":false,"primary_text":"Welcome to our store!","secondary_text":"Exclusive offers just for you.","third_text":"Shop now and enjoy deals!","highlight_text":false,"highlight_text_content":"","highlight_text_type":"text","underline_height":18,"underline_offset":20,"highlight_text_color":"#000000","highlight_underline_color":"#000000","spacing_text":false,"spacing_text_content":"","spacing_text_left":0,"spacing_text_right":0,"stroke_text":false,"stroke_text_content":"","width":"fit-content","unit":"percent","custom_width":100,"custom_width_pixel":500,"inherit_text_alignment":true,"justify_alignment":false,"alignment":"left","width_tablet":"fit-content","unit_tablet":"percent","custom_width_tablet":100,"custom_width_tablet_pixel":100,"inherit_text_alignment_tablet":true,"justify_alignment_tablet":false,"alignment_tablet":"left","width_mobile":"fit-content","unit_mobile":"percent","custom_width_mobile":100,"custom_width_mobile_pixel":100,"inherit_text_alignment_mobile":true,"justify_alignment_mobile":false,"alignment_mobile":"left","type_preset":"rte","font":"var(--font-body--family)","font_size":"1.6rem","line_height":"normal","letter_spacing":"normal","case":"none","wrap":"pretty","color":"var(--color-foreground)","background":false,"background_color":"#00000026","enable_border":false,"enable_border_bottom":false,"border":"none","border_width":0,"border_width_type":"100%","border_custom_width":100,"border_radius":0,"text_effect":"none","animation_repeat":false,"padding-block-start":0,"padding-block-end":0,"padding-inline-start":0,"padding-inline-end":0},"blocks":{}},"product-slide-item":{"type":"card-product-flex","name":"Product card","static":true,"settings":{"product":"{{ closest.product }}","inherit_color_scheme":true,"scheme_background":"#ffffff","scheme_background_gradient":"","scheme_foreground_heading":"#000000","scheme_foreground":"#000000","scheme_primary":"#000f9f","scheme_primary_hover":"#000000","scheme_border":"#e6e6e6","scheme_shadow":"#000000","border":"none","border_width":1,"border_opacity":100,"border_radius":0,"content_direction":"column","wrap":"no-wrap","align_items":"stretch","justify_content":"start","gap":12,"width":"fill","custom_width":100,"padding-block-start":36,"padding-block-end":36,"padding-inline-start":0,"padding-inline-end":0},"blocks":{"card_product_media_flex_MXtGft":{"type":"_card-product-media-flex","name":"Group: Product media","settings":{"product":"{{ closest.product }}","image_ratio":"adapt","show_secondary_image":true,"width_option":"full","custom_width":80},"blocks":{}},"spacer_WmHCPf":{"type":"spacer","settings":{"spacer_height":16,"spacer_width":0},"blocks":{}},"card_product_information_pjEEph":{"type":"_card-product-information","name":"Group: Information","settings":{"width_option":"full","custom_width":80,"content_direction":"column","content_direction_mobile":"column","wrap":"wrap","wrap_tablet":"wrap","vertical_alignment":"center","horizontal_alignment":"flex-start","horizontal_alignment_flex_direction_column":"flex-start","vertical_alignment_flex_direction_column":"center","gap_y":10,"gap_x":10,"inherit_color_scheme":true,"scheme_background":"#ffffff","scheme_background_gradient":"","scheme_foreground_heading":"#000000","scheme_foreground":"#000000","scheme_primary":"#000f9f","scheme_primary_hover":"#000000","scheme_border":"#e6e6e6","scheme_shadow":"#000000","padding_top":0,"padding_right":0,"padding_bottom":0,"padding_left":0},"blocks":{"card_product_vendor_flex_fqccUy":{"type":"_card-product-vendor-flex","settings":{"product":"{{ closest.product }}","width":"fit-content","alignment":"left","type_preset":"rte","font":"var(--font-body--family)","font_size":"1.6rem","letter_spacing":"normal","case":"none","wrap":"pretty","padding-block-start":0,"padding-block-end":0,"padding-inline-end":0,"padding-inline-start":0},"blocks":{}},"spacer_YcCkdt":{"type":"spacer","settings":{"spacer_height":2,"spacer_width":0},"blocks":{}},"card_product_title_flex_dgpCqe":{"type":"_card-product-title-flex","settings":{"product":"{{ closest.product }}","width":"fit-content","unit":"percent","custom_width":100,"custom_width_pixel":500,"alignment":"left","clamp":false,"clamp_row":2,"type_preset":"rte","font":"var(--font-body--family)","font_size":"1.6rem","letter_spacing":"normal","case":"none","wrap":"pretty","padding-block-start":0,"padding-block-end":0,"padding-inline-end":0,"padding-inline-start":0},"blocks":{}},"spacer_gjtUtP":{"type":"spacer","settings":{"spacer_height":2,"spacer_width":0},"blocks":{}},"card_product_price_flex_BVrnyT":{"type":"_card-product-price-flex","settings":{"product":"{{ closest.product }}","type_preset":"","width":"fit-content","alignment":"left","font":"var(--font-body--family)","font_size":"1.6rem","line_height":"normal","letter_spacing":"normal","case":"none","padding-block-start":0,"padding-block-end":0,"padding-inline-start":0,"padding-inline-end":0},"blocks":{}},"spacer_hEKaQw":{"type":"spacer","settings":{"spacer_height":16,"spacer_width":0},"blocks":{}},"card_product_variant_flex_PwjQeN":{"type":"_card-product-variant-flex","settings":{"product":"{{ closest.product }}","padding-block-start":0,"padding-block-end":0,"padding-inline-start":0,"padding-inline-end":0},"blocks":{}}},"block_order":["card_product_vendor_flex_fqccUy","spacer_YcCkdt","card_product_title_flex_dgpCqe","spacer_gjtUtP","card_product_price_flex_BVrnyT","spacer_hEKaQw","card_product_variant_flex_PwjQeN"]}},"block_order":["card_product_media_flex_MXtGft","spacer_WmHCPf","card_product_information_pjEEph"]}},"block_order":["text_fjAVdG"]}},"block_order":["group_icgrde","product_sold_in_last_7YKnt6","product_description_yNgX6e","product_info_7WGyHH","price_wUxKFf","product_countdown_KjGgKH","variant_picker_R3rGDr","product_hot_stock_PQa77U","product_positive_vibes_Kjn6rF","customization_option_FWx7UY","perks_NChGeW","buy_buttons_eYQEYi","product_customer_viewing_YyRL7U","product_back_instock_alert_zXr6BR","product_recommendations_jFtcjG"]},"sticky-atc":{"type":"_sticky-add-to-cart","static":true,"settings":{"style_class":"default","sticky_width":80,"sticky_pos_bottom":0,"inherit_color_scheme":true,"scheme_background":"#ffffff","scheme_background_gradient":"","scheme_foreground_heading":"#000000","scheme_foreground":"#000000","scheme_primary":"#000f9f","scheme_primary_hover":"#000000","scheme_border":"#e6e6e6","scheme_shadow":"#000000","shadow_color":"rgba(0,0,0,0)","shadow_horizontal_offset":0,"shadow_vertical_offset":0,"shadow_blur":0,"shadow_spread_radius":0,"button_type":"text","icon":"bag","icon_custom":"none","svg_upload":"","icon_width":50,"type_preset":"rte","font":"var(--font-body--family)","font_size":"1.6rem","line_height":"normal","letter_spacing":"normal","case":"none","variant_style":"pills","show_swatches":true,"swatch_size":38,"variant_alignment":"right","content_gap":24,"action_gap":24,"padding_top":0,"padding_bottom":0,"padding_left":0,"padding_right":0},"blocks":{}}},"settings":{"page_width":"full-width","page_width_custom":1570,"desktop_media_position":"left","equal_columns":true,"limit_details_width":false,"gap":60,"color_scheme":"scheme-1","padding-block-start":0,"padding-block-end":0}},"product_bundle_rACXLV":{"type":"product-bundle","blocks":{"product-bundle-content":{"type":"_product-bundle-content","static":true,"settings":{"section_width":"page-width","page_width_custom":1570,"section_height":"","section_height_custom":50,"content_direction":"column","content_direction_mobile":"column","header_width":40,"horizontal_alignment":"flex-start","horizontal_alignment_mobile":"flex-start","vertical_alignment":"center","align_baseline":false,"horizontal_alignment_flex_direction_column":"flex-start","vertical_alignment_flex_direction_column":"center","items_gap":30,"width":"custom","custom_width":70,"width_mobile":"fill","custom_width_mobile":100,"height":"fit","custom_height":100,"inherit_color_scheme":true,"scheme_background":"#ffffff","scheme_background_gradient":"","scheme_foreground_heading":"#000000","scheme_foreground":"#000000","scheme_primary":"#000f9f","scheme_primary_hover":"#000000","scheme_border":"#e6e6e6","scheme_shadow":"#000000","background_media":"none","video_position":"cover","background_image_position":"cover","border":"none","border_width":1,"border_radius":0,"toggle_overlay":false,"overlay_color":"#00000026","overlay_style":"solid","gradient_direction":"to top","padding-block-start":0,"padding-block-end":0,"padding-inline-start":0,"padding-inline-end":0},"blocks":{"static-header":{"type":"_blog-post-header","static":true,"settings":{"content_direction":"row","content_direction_mobile":"row","horizontal_alignment":"space-between","vertical_alignment":"center","align_baseline":false,"horizontal_alignment_flex_direction_column":"flex-start","vertical_alignment_flex_direction_column":"center","gap":12,"width":"fill","custom_width":100,"width_mobile":"fill","custom_width_mobile":100,"height":"fit","custom_height":100,"inherit_color_scheme":true,"scheme_background":"#ffffff","scheme_background_gradient":"","scheme_foreground_heading":"#000000","scheme_foreground":"#000000","scheme_primary":"#000f9f","scheme_primary_hover":"#000000","scheme_border":"#e6e6e6","scheme_shadow":"#000000","background_media":"none","video_position":"cover","background_image_position":"cover","border":"none","border_width":1,"border_radius":0,"padding-block-start":0,"padding-block-end":0,"padding-inline-start":0,"padding-inline-end":0},"blocks":{"text_RVafbT":{"type":"text","name":"t:names.heading","settings":{"text":"<h4>Frequently Bought Together<\/h4>","typing_text":false,"primary_text":"Welcome to our store!","secondary_text":"Exclusive offers just for you.","third_text":"Shop now and enjoy deals!","highlight_text":false,"highlight_text_content":"","highlight_text_type":"text","underline_height":18,"underline_offset":20,"highlight_text_color":"#000000","highlight_underline_color":"#000000","spacing_text":false,"spacing_text_content":"","spacing_text_left":0,"spacing_text_right":0,"stroke_text":false,"stroke_text_content":"","width":"fit-content","unit":"percent","custom_width":100,"custom_width_pixel":500,"inherit_text_alignment":true,"justify_alignment":false,"alignment":"left","width_tablet":"fit-content","unit_tablet":"percent","custom_width_tablet":100,"custom_width_tablet_pixel":100,"inherit_text_alignment_tablet":true,"justify_alignment_tablet":false,"alignment_tablet":"left","width_mobile":"fit-content","unit_mobile":"percent","custom_width_mobile":100,"custom_width_mobile_pixel":100,"inherit_text_alignment_mobile":true,"justify_alignment_mobile":false,"alignment_mobile":"left","type_preset":"rte","font":"var(--font-body--family)","font_size":"1.6rem","line_height":"normal","letter_spacing":"normal","case":"none","wrap":"pretty","color":"var(--color-foreground)","background":false,"background_color":"#00000026","enable_border":false,"enable_border_bottom":false,"border":"none","border_width":0,"border_width_type":"100%","border_custom_width":100,"border_radius":0,"text_effect":"none","animation_repeat":false,"padding-block-start":0,"padding-block-end":0,"padding-inline-start":0,"padding-inline-end":0},"blocks":{}},"arrow_group_GbF4Xi":{"type":"_arrow-group","name":"Arrows group","settings":{"blocks_gap":12,"padding-block-start":0,"padding-block-end":0,"padding-inline-start":0,"padding-inline-end":0},"blocks":{}}},"block_order":["text_RVafbT","arrow_group_GbF4Xi"]},"card-product-bundle":{"type":"_bundle-card-product","static":true,"settings":{"inherit_color_scheme":false,"scheme_background":"#ffffff","scheme_background_gradient":"","scheme_foreground_heading":"#000000","scheme_foreground":"#000000","scheme_primary":"#000f9f","scheme_primary_hover":"#000000","scheme_border":"#e6e6e6","scheme_shadow":"#000000","content_direction":"column","wrap":"no-wrap","align_items":"stretch","justify_content":"start","gap":12,"padding-block-start":15,"padding-block-end":15,"padding-inline-start":15,"padding-inline-end":15},"blocks":{"card-product-media-basic":{"type":"_card-product-media-basic","static":true,"settings":{"product":"{{ closest.product }}","image_ratio":"adapt","show_secondary_image":false,"enable_quick_add":false,"width_option":"full","custom_width":80},"blocks":{}},"bundle-card-product-infor":{"type":"_bundle-card-product-infor","static":true,"settings":{"width_option":"full","custom_width":80,"alignment":"left","alignment_mb":"left","content_direction":"column","content_direction_mobile":"column","wrap":"wrap","vertical_alignment":"center","horizontal_alignment":"flex-start","horizontal_alignment_flex_direction_column":"flex-start","vertical_alignment_flex_direction_column":"center","gap_x":10,"gap_y":10,"inherit_color_scheme":true,"scheme_background":"#ffffff","scheme_background_gradient":"","scheme_foreground_heading":"#000000","scheme_foreground":"#000000","scheme_primary":"#000f9f","scheme_primary_hover":"#000000","scheme_border":"#e6e6e6","scheme_shadow":"#000000","padding_top":0,"padding_right":0,"padding_bottom":0,"padding_left":0},"blocks":{"bundle-card-product-title":{"type":"_bundle-card-product-title","static":true,"settings":{"product":"{{ closest.product }}","width":"fit-content","alignment":"left","type_preset":"rte","font":"var(--font-body--family)","font_size":"1.6rem","letter_spacing":"normal","case":"none","wrap":"pretty","padding-block-start":0,"padding-block-end":0,"padding-inline-end":0,"padding-inline-start":0},"blocks":{}},"bundle-card-product-price":{"type":"_card-product-price-flex","static":true,"settings":{"product":"{{ closest.product }}","type_preset":"","width":"fit-content","alignment":"left","font":"var(--font-body--family)","font_size":"1.6rem","line_height":"normal","letter_spacing":"normal","case":"none","padding-block-start":0,"padding-block-end":0,"padding-inline-start":0,"padding-inline-end":0},"blocks":{}},"bundle-card-product-button":{"type":"_bundle-card-product-button","static":true,"settings":{"product":"{{ closest.product }}","background":false,"background_color":"#000000","corner_radius":0,"padding_block":0,"padding_inline":0},"blocks":{}}},"block_order":[]}},"block_order":[]}},"block_order":[]},"product-bundle-information":{"type":"_product-bundle-information","static":true,"settings":{"content_direction":"column","content_direction_mobile":"column","horizontal_alignment":"flex-start","vertical_alignment":"center","align_baseline":false,"horizontal_alignment_flex_direction_column":"center","vertical_alignment_flex_direction_column":"center","horizontal_alignment_mobile":"flex-start","vertical_alignment_mobile":"center","horizontal_alignment_flex_direction_column_mobile":"center","vertical_alignment_flex_direction_column_mobile":"center","gap":12,"width":"fill","custom_width":100,"width_mobile":"fill","custom_width_mobile":100,"height":"fit","custom_height":100,"inherit_color_scheme":true,"scheme_background":"#ffffff","scheme_background_gradient":"","scheme_foreground_heading":"#000000","scheme_foreground":"#000000","scheme_primary":"#000f9f","scheme_primary_hover":"#000000","scheme_border":"#e6e6e6","scheme_shadow":"#000000","background_media":"none","video_position":"cover","background_image_position":"cover","content_overlay":false,"image_ratio":"adapt","border":"none","border_width":1,"border_radius":0,"toggle_overlay":false,"overlay_color":"#00000026","extend_left_overlay":false,"extend_right_overlay":false,"overlay_style":"solid","gradient_direction":"to top","enable_parallax":"none","disable_parallax_mobile":false,"parallax_speed":0.5,"horizontal_position":0,"vertical_position":0,"shadow_color":"rgba(0,0,0,0)","shadow_horizontal_offset":0,"shadow_vertical_offset":0,"shadow_blur":0,"spread_radius":0,"margin-block-start":0,"margin-block-start-mobile":0,"margin-block-end":0,"margin-block-end-mobile":0,"margin-inline-start":0,"margin-inline-start-mobile":0,"margin-inline-end":0,"margin-inline-end-mobile":0,"padding-block-start":0,"padding-block-end":0,"padding-inline-start":0,"padding-inline-end":0},"blocks":{"bundle-product-title-price":{"type":"text","static":true,"settings":{"text":"<p>Price total:<\/p>","typing_text":false,"primary_text":"Welcome to our store!","secondary_text":"Exclusive offers just for you.","third_text":"Shop now and enjoy deals!","highlight_text":false,"highlight_text_content":"","highlight_text_type":"text","underline_height":18,"underline_offset":20,"highlight_text_color":"#000000","highlight_underline_color":"#000000","spacing_text":false,"spacing_text_content":"","spacing_text_left":0,"spacing_text_right":0,"stroke_text":false,"stroke_text_content":"","width":"100%","unit":"percent","custom_width":100,"custom_width_pixel":500,"inherit_text_alignment":true,"justify_alignment":false,"alignment":"left","width_tablet":"100%","unit_tablet":"percent","custom_width_tablet":100,"custom_width_tablet_pixel":100,"inherit_text_alignment_tablet":true,"justify_alignment_tablet":false,"alignment_tablet":"left","width_mobile":"100%","unit_mobile":"percent","custom_width_mobile":100,"custom_width_mobile_pixel":100,"inherit_text_alignment_mobile":true,"justify_alignment_mobile":false,"alignment_mobile":"left","type_preset":"rte","font":"var(--font-body--family)","font_size":"1.6rem","line_height":"normal","letter_spacing":"normal","case":"none","wrap":"pretty","color":"var(--color-foreground)","background":false,"background_color":"#00000026","enable_border":false,"enable_border_bottom":false,"border":"none","border_width":0,"border_width_type":"100%","border_custom_width":100,"border_radius":0,"text_effect":"none","animation_repeat":false,"padding-block-start":0,"padding-block-end":0,"padding-inline-start":0,"padding-inline-end":0},"blocks":{}},"bundle-product-total-price":{"type":"_bundle-product-total-price","static":true,"settings":{"type_preset":"","width":"100%","alignment":"center","font":"var(--font-body--family)","font_size":"1rem","line_height":"normal","letter_spacing":"normal","case":"none","color":"var(--color-foreground)","padding-block-start":0,"padding-block-end":0,"padding-inline-start":0,"padding-inline-end":0},"blocks":{}},"bundle-product-action":{"type":"_bundle-product-action","static":true,"settings":{"label":"Shop now","style_class":"button","button_style":"default","button_border_width":1,"button_border_radius":100,"button_type_font":"var(--font-body--family)","button_type_size":"1.2rem","button_font_weight":"default","button_text_case":"default","buttons_shadow_horizontal_offset":0,"buttons_shadow_vertical_offset":0,"buttons_shadow_blur":0,"width":"fit-content","unit":"percent","custom_width":100,"custom_width_pixel":100,"buttons_padding_vertical":10,"buttons_padding_horizontal":20,"width_mobile":"fit-content","unit_mobile":"percent","custom_width_mobile":100,"custom_width_mobile_pixel":100,"buttons_padding_vertical_mobile":10,"buttons_padding_horizontal_mobile":10},"blocks":{}},"bundle-product-discount-text":{"type":"_bundle-product-discount-text","static":true,"settings":{"text":"<p>Get a [discount]% discount buying these products together<\/p>","width":"100%","unit":"percent","custom_width":100,"custom_width_pixel":500,"inherit_text_alignment":true,"alignment":"left","width_tablet":"100%","unit_tablet":"percent","custom_width_tablet":100,"custom_width_tablet_pixel":100,"inherit_text_alignment_tablet":true,"alignment_tablet":"left","width_mobile":"100%","unit_mobile":"percent","custom_width_mobile":100,"custom_width_mobile_pixel":100,"inherit_text_alignment_mobile":true,"alignment_mobile":"left","type_preset":"rte","font":"var(--font-body--family)","font_size":"1.6rem","line_height":"normal","letter_spacing":"normal","case":"none","wrap":"pretty","color":"var(--color-foreground)","background":false,"background_color":"#00000026","corner_radius":0,"enable_border":false,"enable_border_bottom":false,"border":"none","border_width":0,"border_width_type":"100%","border_custom_width":100,"border_radius":0,"text_effect":"none","animation_repeat":false,"padding-block-start":0,"padding-block-end":0,"padding-inline-start":0,"padding-inline-end":0},"blocks":{}}},"block_order":[]}},"name":"t:names.product_bundle","settings":{"section_width":"custom","page_width_custom":1770,"section_height":"","section_height_custom":50,"content_direction":"row","content_direction_mobile":"column","header_width":40,"horizontal_alignment":"flex-start","horizontal_alignment_mobile":"flex-start","vertical_alignment":"center","align_baseline":false,"horizontal_alignment_flex_direction_column":"flex-start","vertical_alignment_flex_direction_column":"center","gap":12,"color_scheme":"","background_media":"none","video_position":"cover","background_image_position":"cover","border":"none","border_width":1,"border_radius":0,"toggle_overlay":true,"overlay_color":"#f8f8f8","overlay_style":"solid","gradient_direction":"to top","padding-block-start":30,"padding-block-end":70,"padding-inline-start":0,"padding-inline-end":0}},"featured_collection_hTNyXU":{"type":"featured-collection","blocks":{"section-header":{"type":"_section-header","static":true,"settings":{"content_direction":"row","content_direction_mobile":"column","horizontal_alignment":"flex-start","vertical_alignment":"stretch","align_baseline":false,"horizontal_alignment_flex_direction_column":"flex-start","vertical_alignment_flex_direction_column":"center","horizontal_alignment_mobile":"flex-start","vertical_alignment_mobile":"center","horizontal_alignment_flex_direction_column_mobile":"flex-start","vertical_alignment_flex_direction_column_mobile":"center","gap":16,"width":"fill","custom_width":80,"inherit_color_scheme":true,"scheme_background":"#ffffff","scheme_background_gradient":"","scheme_foreground_heading":"#000000","scheme_foreground":"#000000","scheme_primary":"#000f9f","scheme_primary_hover":"#000000","scheme_border":"#e6e6e6","scheme_shadow":"#000000","border":"none","border_width":2,"border_opacity":0,"border_radius":0,"margin_top":0,"margin_bottom":0,"padding-block-start":0,"padding-inline-end":0,"padding-block-end":0,"padding-inline-start":0},"blocks":{"collection_title_f38FL6":{"type":"_collection_title","settings":{"text":"<h2>{{ closest.collection.title }}<\/h2>","width":"fit-content","alignment":"center","type_preset":"rte","font":"var(--font-body--family)","font_size":"1.6rem","letter_spacing":"normal","case":"none","wrap":"pretty","border":"solid","border_width":2,"padding-block-start":0,"padding-inline-end":0,"padding-block-end":0,"padding-inline-start":0},"blocks":{}}},"block_order":["collection_title_f38FL6"]},"product-slide-item":{"type":"card-product-flex","name":"Product card","static":true,"settings":{"product":"{{ closest.product }}","inherit_color_scheme":true,"scheme_background":"#ffffff","scheme_background_gradient":"","scheme_foreground_heading":"#000000","scheme_foreground":"#000000","scheme_primary":"#000f9f","scheme_primary_hover":"#000000","scheme_border":"#e6e6e6","scheme_shadow":"#000000","border":"none","border_width":1,"border_opacity":100,"border_radius":0,"content_direction":"column","wrap":"no-wrap","align_items":"stretch","justify_content":"start","gap":12,"width":"fill","custom_width":100,"padding-block-start":36,"padding-block-end":36,"padding-inline-start":0,"padding-inline-end":0},"blocks":{"card_product_media_flex_yWEFra":{"type":"_card-product-media-flex","name":"Group: Product media","settings":{"product":"{{ closest.product }}","image_ratio":"adapt","show_secondary_image":true,"width_option":"full","custom_width":80},"blocks":{"card_product_group_button_T8nAw7":{"type":"_card-product-group-button","name":"t:names.product_button","settings":{"product":"{{ closest.product }}","padding-block-start":8,"padding-block-end":16,"padding-inline-start":8,"padding-inline-end":8},"blocks":{}}},"block_order":["card_product_group_button_T8nAw7"]},"spacer_LKDqDR":{"type":"spacer","settings":{"spacer_height":16,"spacer_width":0},"blocks":{}},"card_product_information_fD4icQ":{"type":"_card-product-information","name":"Group: Information","settings":{"width_option":"full","custom_width":80,"content_direction":"column","content_direction_mobile":"column","wrap":"wrap","wrap_tablet":"wrap","vertical_alignment":"center","horizontal_alignment":"flex-start","horizontal_alignment_flex_direction_column":"flex-start","vertical_alignment_flex_direction_column":"center","gap_y":10,"gap_x":10,"inherit_color_scheme":true,"scheme_background":"#ffffff","scheme_background_gradient":"","scheme_foreground_heading":"#000000","scheme_foreground":"#000000","scheme_primary":"#000f9f","scheme_primary_hover":"#000000","scheme_border":"#e6e6e6","scheme_shadow":"#000000","padding_top":0,"padding_right":0,"padding_bottom":0,"padding_left":0},"blocks":{"card_product_vendor_flex_neAgjT":{"type":"_card-product-vendor-flex","settings":{"product":"{{ closest.product }}","width":"fit-content","alignment":"left","type_preset":"rte","font":"var(--font-body--family)","font_size":"1.6rem","letter_spacing":"normal","case":"none","wrap":"pretty","padding-block-start":0,"padding-block-end":0,"padding-inline-end":0,"padding-inline-start":0},"blocks":{}},"spacer_DAqxnP":{"type":"spacer","settings":{"spacer_height":2,"spacer_width":0},"blocks":{}},"card_product_title_flex_6rKfee":{"type":"_card-product-title-flex","settings":{"product":"{{ closest.product }}","width":"fit-content","unit":"percent","custom_width":100,"custom_width_pixel":500,"alignment":"left","clamp":false,"clamp_row":2,"type_preset":"rte","font":"var(--font-body--family)","font_size":"1.6rem","letter_spacing":"normal","case":"none","wrap":"pretty","padding-block-start":0,"padding-block-end":0,"padding-inline-end":0,"padding-inline-start":0},"blocks":{}},"spacer_zq8ETX":{"type":"spacer","settings":{"spacer_height":2,"spacer_width":0},"blocks":{}},"card_product_price_flex_jPxCJL":{"type":"_card-product-price-flex","settings":{"product":"{{ closest.product }}","type_preset":"","width":"fit-content","alignment":"left","font":"var(--font-body--family)","font_size":"1.6rem","line_height":"normal","letter_spacing":"normal","case":"none","padding-block-start":0,"padding-block-end":0,"padding-inline-start":0,"padding-inline-end":0},"blocks":{}},"spacer_K3LJPj":{"type":"spacer","settings":{"spacer_height":16,"spacer_width":0},"blocks":{}},"card_product_variant_flex_fCycNx":{"type":"_card-product-variant-flex","settings":{"product":"{{ closest.product }}","padding-block-start":0,"padding-block-end":0,"padding-inline-start":0,"padding-inline-end":0},"blocks":{}},"card_product_countdown_flex_9Q7eNm":{"type":"_card-product-countdown-flex","name":"t:names.product_countdown","settings":{"product":"{{ closest.product }}"},"blocks":{}},"card_product_button_flex_LPBQYX":{"type":"_card-product-button-flex","name":"t:names.product_button","settings":{"product":"{{ closest.product }}","quick_add":"standard","style_class":"button","corner_radius":0,"link_underline":false,"width":"fill","custom_width":100,"width_mobile":"fill","custom_width_mobile":100,"height":"fit-content","custom_height":100,"padding_block":0,"padding_inline":0},"blocks":{}}},"block_order":["card_product_vendor_flex_neAgjT","spacer_DAqxnP","card_product_title_flex_6rKfee","spacer_zq8ETX","card_product_price_flex_jPxCJL","spacer_K3LJPj","card_product_variant_flex_fCycNx","card_product_countdown_flex_9Q7eNm","card_product_button_flex_LPBQYX"]}},"block_order":["card_product_media_flex_yWEFra","spacer_LKDqDR","card_product_information_fD4icQ"]}},"name":"Product list: Grid","settings":{"collection":"classic-all","layout_type":"grid","widget_layout":"default","products_to_show":8,"columns_desktop":4,"columns_desktop_widget":"1","columns_gap":30,"rows_gap":30,"media_size":"medium","source":"uploaded","video_url":"","video_display_mode":"inline","video_autoplay":false,"video_loop":true,"alt":"","position":"left","align_items":"stretch","media_ratio":"adapt","image_position":"cover","content_media_position":"center","content_media_alignment":"left","content_heading":"","heading_margin_bottom":0,"heading_type_preset":"rte","heading_font":"var(--font-body--family)","heading_font_size":"default","heading_line_height":"normal","heading_letter_spacing":"normal","heading_case":"none","heading_wrap":"pretty","heading_color":"var(--color-foreground)","content_subheading":"","subheading_margin_bottom":0,"subheading_type_preset":"rte","subheading_font":"var(--font-body--family)","subheading_font_size":"default","subheading_line_height":"normal","subheading_letter_spacing":"normal","subheading_case":"none","subheading_wrap":"pretty","subheading_color":"var(--color-foreground)","content_text":"","text_margin_bottom":0,"text_type_preset":"rte","text_font":"var(--font-body--family)","text_font_size":"default","text_line_height":"normal","text_letter_spacing":"normal","text_case":"none","text_wrap":"pretty","text_color":"var(--color-foreground)","content_button_label":"","content_button_style":"button","content_button_link":"","show_more_product":false,"show_more_product_text":"Show more","show_more_font_size":"","show_more_font_weight":"default","show_more_product_width":"fit-content","unit":"percent","custom_width":100,"custom_width_pixel":100,"show_more_product_width_mobile":"fit-content","custom_width_mobile":100,"custom_width_mobile_pixel":100,"show_more_product_top_offset":40,"loop":false,"full_width":false,"navigation":"arrows","arrows_position":"inside","pagination_type":"bullets","dots_top_offset":40,"progress_top_offset":40,"page_width":"page-width","page_width_custom":1570,"color_scheme":"","columns_mobile":"2","swipe_on_mobile":false,"padding-block-start":36,"padding-block-end":36,"padding-inline-start":0,"padding-inline-end":0}},"product_recommendations_yNrNbA":{"type":"product-recommendations","blocks":{"text_QHFqgT":{"type":"text","name":"t:names.header","settings":{"text":"<h2>Related products<\/h2>","typing_text":false,"primary_text":"Welcome to our store!","secondary_text":"Exclusive offers just for you.","third_text":"Shop now and enjoy deals!","highlight_text":false,"highlight_text_content":"","highlight_text_type":"text","underline_height":18,"underline_offset":20,"highlight_text_color":"#000000","highlight_underline_color":"#000000","spacing_text":false,"spacing_text_content":"","spacing_text_left":0,"spacing_text_right":0,"stroke_text":false,"stroke_text_content":"","width":"fit-content","unit":"percent","custom_width":100,"custom_width_pixel":500,"inherit_text_alignment":true,"justify_alignment":false,"alignment":"left","width_tablet":"fit-content","unit_tablet":"percent","custom_width_tablet":100,"custom_width_tablet_pixel":100,"inherit_text_alignment_tablet":true,"justify_alignment_tablet":false,"alignment_tablet":"left","width_mobile":"fit-content","unit_mobile":"percent","custom_width_mobile":100,"custom_width_mobile_pixel":100,"inherit_text_alignment_mobile":true,"justify_alignment_mobile":false,"alignment_mobile":"left","type_preset":"rte","font":"var(--font-body--family)","font_size":"1.6rem","line_height":"normal","letter_spacing":"normal","case":"none","wrap":"pretty","color":"var(--color-foreground)","background":false,"background_color":"#00000026","enable_border":false,"enable_border_bottom":false,"border":"none","border_width":0,"border_width_type":"100%","border_custom_width":100,"border_radius":0,"text_effect":"none","animation_repeat":false,"padding-block-start":0,"padding-block-end":0,"padding-inline-start":0,"padding-inline-end":0},"blocks":{}},"product-slide-item":{"type":"card-product-flex","name":"Product card","static":true,"settings":{"product":"{{ closest.product }}","inherit_color_scheme":true,"scheme_background":"#ffffff","scheme_background_gradient":"","scheme_foreground_heading":"#000000","scheme_foreground":"#000000","scheme_primary":"#000f9f","scheme_primary_hover":"#000000","scheme_border":"#e6e6e6","scheme_shadow":"#000000","border":"none","border_width":1,"border_opacity":100,"border_radius":0,"content_direction":"column","wrap":"no-wrap","align_items":"stretch","justify_content":"start","gap":12,"width":"fill","custom_width":100,"padding-block-start":36,"padding-block-end":36,"padding-inline-start":0,"padding-inline-end":0},"blocks":{"card_product_media_flex_XFFHaj":{"type":"_card-product-media-flex","name":"Group: Product media","settings":{"product":"{{ closest.product }}","image_ratio":"adapt","show_secondary_image":true,"width_option":"full","custom_width":80},"blocks":{"card_product_group_button_rgCk7X":{"type":"_card-product-group-button","name":"t:names.product_button","settings":{"product":"{{ closest.product }}","padding-block-start":8,"padding-block-end":16,"padding-inline-start":8,"padding-inline-end":8},"blocks":{"card_product_button_flex_zVwqXt":{"type":"_card-product-button-flex","name":"t:names.product_button","settings":{"product":"{{ closest.product }}","quick_add":"standard","style_class":"button","corner_radius":0,"link_underline":false,"width":"fill","custom_width":100,"width_mobile":"fill","custom_width_mobile":100,"height":"fit-content","custom_height":100,"padding_block":0,"padding_inline":0},"blocks":{}}},"block_order":["card_product_button_flex_zVwqXt"]}},"block_order":["card_product_group_button_rgCk7X"]},"spacer_DUajwq":{"type":"spacer","settings":{"spacer_height":16,"spacer_width":0},"blocks":{}},"card_product_information_iHFTCR":{"type":"_card-product-information","name":"Group: Information","settings":{"width_option":"full","custom_width":80,"content_direction":"column","content_direction_mobile":"column","wrap":"wrap","wrap_tablet":"wrap","vertical_alignment":"center","horizontal_alignment":"flex-start","horizontal_alignment_flex_direction_column":"flex-start","vertical_alignment_flex_direction_column":"center","gap_y":10,"gap_x":10,"inherit_color_scheme":true,"scheme_background":"#ffffff","scheme_background_gradient":"","scheme_foreground_heading":"#000000","scheme_foreground":"#000000","scheme_primary":"#000f9f","scheme_primary_hover":"#000000","scheme_border":"#e6e6e6","scheme_shadow":"#000000","padding_top":0,"padding_right":0,"padding_bottom":0,"padding_left":0},"blocks":{"card_product_vendor_flex_xrkCjQ":{"type":"_card-product-vendor-flex","settings":{"product":"{{ closest.product }}","width":"fit-content","alignment":"left","type_preset":"rte","font":"var(--font-body--family)","font_size":"1.6rem","letter_spacing":"normal","case":"none","wrap":"pretty","padding-block-start":0,"padding-block-end":0,"padding-inline-end":0,"padding-inline-start":0},"blocks":{}},"spacer_4NreCJ":{"type":"spacer","settings":{"spacer_height":2,"spacer_width":0},"blocks":{}},"card_product_title_flex_hJkn4e":{"type":"_card-product-title-flex","settings":{"product":"{{ closest.product }}","width":"fit-content","unit":"percent","custom_width":100,"custom_width_pixel":500,"alignment":"left","clamp":false,"clamp_row":2,"type_preset":"rte","font":"var(--font-body--family)","font_size":"1.6rem","letter_spacing":"normal","case":"none","wrap":"pretty","padding-block-start":0,"padding-block-end":0,"padding-inline-end":0,"padding-inline-start":0},"blocks":{}},"spacer_Urc4bj":{"type":"spacer","settings":{"spacer_height":2,"spacer_width":0},"blocks":{}},"card_product_price_flex_MH3HF9":{"type":"_card-product-price-flex","settings":{"product":"{{ closest.product }}","type_preset":"","width":"fit-content","alignment":"left","font":"var(--font-body--family)","font_size":"1.6rem","line_height":"normal","letter_spacing":"normal","case":"none","padding-block-start":0,"padding-block-end":0,"padding-inline-start":0,"padding-inline-end":0},"blocks":{}},"spacer_xEnwQU":{"type":"spacer","settings":{"spacer_height":16,"spacer_width":0},"blocks":{}},"card_product_variant_flex_ezGyPL":{"type":"_card-product-variant-flex","settings":{"product":"{{ closest.product }}","padding-block-start":0,"padding-block-end":0,"padding-inline-start":0,"padding-inline-end":0},"blocks":{}}},"block_order":["card_product_vendor_flex_xrkCjQ","spacer_4NreCJ","card_product_title_flex_hJkn4e","spacer_Urc4bj","card_product_price_flex_MH3HF9","spacer_xEnwQU","card_product_variant_flex_ezGyPL"]}},"block_order":["card_product_media_flex_XFFHaj","spacer_DUajwq","card_product_information_iHFTCR"]}},"block_order":["text_QHFqgT"],"name":"t:names.product_recommendations","settings":{"product":"{{ closest.product }}","recommendation_type":"related","layout_type":"carousel","carousel_on_mobile":false,"products_to_show":8,"columns_desktop":4,"columns_gap":12,"rows_gap":24,"show_more_product":false,"show_more_product_text":"Show more","show_more_font_size":"","show_more_font_weight":"default","show_more_product_width":"fit-content","unit":"percent","custom_width":100,"custom_width_pixel":100,"show_more_product_width_mobile":"fit-content","custom_width_mobile":100,"custom_width_mobile_pixel":100,"show_more_product_top_offset":40,"loop":false,"full_width":false,"navigation":"arrows","arrows_position":"inside","pagination_type":"bullets","dots_top_offset":40,"progress_top_offset":40,"page_width":"page-width","page_width_custom":1570,"gap":28,"color_scheme":"","columns_mobile":"2","padding-block-start":48,"padding-block-end":48}},"recently_viewed_products_y6yJ4P":{"type":"recently-viewed-products","blocks":{"section-header":{"type":"_section-header","static":true,"settings":{"content_direction":"row","content_direction_mobile":"column","horizontal_alignment":"flex-start","vertical_alignment":"center","align_baseline":false,"horizontal_alignment_flex_direction_column":"flex-start","vertical_alignment_flex_direction_column":"center","horizontal_alignment_mobile":"flex-start","vertical_alignment_mobile":"center","horizontal_alignment_flex_direction_column_mobile":"flex-start","vertical_alignment_flex_direction_column_mobile":"center","gap":16,"width":"fill","custom_width":100,"inherit_color_scheme":true,"scheme_background":"#FFFFFF","scheme_background_gradient":"","scheme_foreground_heading":"#000000","scheme_foreground":"#000000","scheme_primary":"#000F9F","scheme_primary_hover":"#000000","scheme_border":"#E6E6E6","scheme_shadow":"#000000","border":"none","border_width":1,"border_opacity":0,"border_radius":0,"margin_top":0,"margin_bottom":0,"padding-block-start":0,"padding-inline-end":0,"padding-block-end":16,"padding-inline-start":0},"blocks":{"collection_title_ACtyiX":{"type":"_collection_title","settings":{"text":"<h2>Recently viewed products<\/h2>","width":"100%","alignment":"center","type_preset":"rte","font":"var(--font-body--family)","font_size":"1.6rem","letter_spacing":"normal","case":"none","wrap":"pretty","border":"none","border_width":2,"padding-block-start":0,"padding-inline-end":0,"padding-block-end":0,"padding-inline-start":0},"blocks":{}}},"block_order":["collection_title_ACtyiX"]},"product-slide-item":{"type":"card-product-flex","name":"Product card","static":true,"settings":{"product":"{{ closest.product }}","inherit_color_scheme":true,"scheme_background":"#FFFFFF","scheme_background_gradient":"","scheme_foreground_heading":"#000000","scheme_foreground":"#000000","scheme_primary":"#000F9F","scheme_primary_hover":"#000000","scheme_border":"#E6E6E6","scheme_shadow":"#000000","border":"none","border_width":1,"border_opacity":100,"border_radius":0,"content_direction":"column","wrap":"no-wrap","align_items":"stretch","justify_content":"start","gap":12,"width":"fill","custom_width":100,"padding-block-start":36,"padding-block-end":36,"padding-inline-start":0,"padding-inline-end":0},"blocks":{"card_product_media_flex_wbCydX":{"type":"_card-product-media-flex","name":"Group: Product media","settings":{"product":"{{ closest.product }}","image_ratio":"adapt","show_secondary_image":true,"width_option":"full","custom_width":80},"blocks":{}},"spacer_XmByJT":{"type":"spacer","settings":{"spacer_height":16,"spacer_width":0},"blocks":{}},"card_product_information_6Mg4kW":{"type":"_card-product-information","name":"Group: Information","settings":{"width_option":"full","custom_width":80,"content_direction":"column","content_direction_mobile":"column","wrap":"wrap","wrap_tablet":"wrap","vertical_alignment":"center","horizontal_alignment":"flex-start","horizontal_alignment_flex_direction_column":"flex-start","vertical_alignment_flex_direction_column":"center","gap_y":10,"gap_x":10,"inherit_color_scheme":true,"scheme_background":"#FFFFFF","scheme_background_gradient":"","scheme_foreground_heading":"#000000","scheme_foreground":"#000000","scheme_primary":"#000F9F","scheme_primary_hover":"#000000","scheme_border":"#E6E6E6","scheme_shadow":"#000000","padding_top":0,"padding_right":0,"padding_bottom":0,"padding_left":0},"blocks":{"card_product_vendor_flex_ALEhmk":{"type":"_card-product-vendor-flex","settings":{"product":"{{ closest.product }}","width":"fit-content","alignment":"left","type_preset":"rte","font":"var(--font-body--family)","font_size":"1.6rem","letter_spacing":"normal","case":"none","wrap":"pretty","padding-block-start":0,"padding-block-end":0,"padding-inline-end":0,"padding-inline-start":0},"blocks":{}},"spacer_79q9zB":{"type":"spacer","settings":{"spacer_height":2,"spacer_width":0},"blocks":{}},"card_product_title_flex_LX9LVh":{"type":"_card-product-title-flex","settings":{"product":"{{ closest.product }}","width":"fit-content","unit":"percent","custom_width":100,"custom_width_pixel":500,"alignment":"left","clamp":false,"clamp_row":2,"type_preset":"rte","font":"var(--font-body--family)","font_size":"1.6rem","letter_spacing":"normal","case":"none","wrap":"pretty","padding-block-start":0,"padding-block-end":0,"padding-inline-end":0,"padding-inline-start":0},"blocks":{}},"spacer_wFbnJr":{"type":"spacer","settings":{"spacer_height":2,"spacer_width":0},"blocks":{}},"card_product_price_flex_7cRpUH":{"type":"_card-product-price-flex","settings":{"product":"{{ closest.product }}","type_preset":"","width":"fit-content","alignment":"left","font":"var(--font-body--family)","font_size":"1.6rem","line_height":"normal","letter_spacing":"normal","case":"none","padding-block-start":0,"padding-block-end":0,"padding-inline-start":0,"padding-inline-end":0},"blocks":{}},"spacer_CUHUqF":{"type":"spacer","settings":{"spacer_height":16,"spacer_width":0},"blocks":{}},"card_product_variant_flex_Jf6tBD":{"type":"_card-product-variant-flex","settings":{"product":"{{ closest.product }}","padding-block-start":0,"padding-block-end":0,"padding-inline-start":0,"padding-inline-end":0},"blocks":{}}},"block_order":["card_product_vendor_flex_ALEhmk","spacer_79q9zB","card_product_title_flex_LX9LVh","spacer_wFbnJr","card_product_price_flex_7cRpUH","spacer_CUHUqF","card_product_variant_flex_Jf6tBD"]}},"block_order":["card_product_media_flex_wbCydX","spacer_XmByJT","card_product_information_6Mg4kW"]}},"name":"t:names.recently_viewed_products","settings":{"layout_type":"carousel","carousel_on_mobile":false,"products_to_show":8,"columns_desktop":4,"columns_gap":12,"rows_gap":24,"loop":false,"full_width":false,"navigation":"arrows","arrows_position":"inside","pagination_type":"bullets","dots_top_offset":40,"progress_top_offset":40,"columns_mobile":"2","section_width":"page-width","page_width_custom":1570,"color_scheme":"","padding-block-start":48,"padding-block-end":48,"padding-inline-start":0,"padding-inline-end":0}}},"order":["main","product_bundle_rACXLV","featured_collection_hTNyXU","product_recommendations_yNrNbA","recently_viewed_products_y6yJ4P"]}