{"sections":{"main":{"type":"main-product","blocks":{"media-gallery":{"type":"_product-media-gallery","static":true,"settings":{"media_presentation":"carousel","media_columns":"two","image_gap":4,"large_first_image":false,"loop":true,"navigation":"arrows-pagination","arrows_position":"bottom_center","swiper_buttons_gap":20,"pagination_type":"thumbnails","thumbnail_position":"right","pagination_position":"inside","dot_style":"filled","dot_appearance":false,"dot_background":"#ffffff","dot_border_radius":0,"aspect_ratio":"adapt","constrain_to_viewport":true,"media_fit":"cover","media_radius":0,"extend_media":false,"zoom":true,"zoom_type":"dialog","video_loop":true,"video_autoplay":true,"video_type":"dialog","hide_variants":false,"padding-block-start":0,"padding-block-end":0,"padding-inline-start":0,"padding-inline-end":0},"blocks":{}},"product-details":{"type":"_product-details","static":true,"settings":{"gap":28,"sticky_details_desktop":true,"width":"fill","custom_width":100,"width_mobile":"fill","custom_width_mobile":100,"inherit_color_scheme":true,"scheme_background":"#ffffff","scheme_background_gradient":"","scheme_foreground_heading":"#000000","scheme_foreground":"#000000","scheme_primary":"#000f9f","scheme_primary_hover":"#000000","scheme_border":"#e6e6e6","scheme_shadow":"#000000","padding-block-start":24,"padding-block-end":24,"padding-inline-start":0,"padding-inline-end":0},"blocks":{"group_icgrde":{"type":"group","name":"Header","settings":{"link":"","open_in_new_tab":false,"content_direction":"column","content_direction_mobile":"column","horizontal_alignment":"flex-start","vertical_alignment":"center","align_baseline":false,"horizontal_alignment_flex_direction_column":"flex-start","vertical_alignment_flex_direction_column":"center","horizontal_alignment_mobile":"flex-start","vertical_alignment_mobile":"center","horizontal_alignment_flex_direction_column_mobile":"flex-start","vertical_alignment_flex_direction_column_mobile":"center","gap":12,"width":"fill","custom_width":100,"width_tablet":"fill","custom_width_tablet":100,"width_mobile":"fill","custom_width_mobile":100,"height":"fit","custom_height":100,"inherit_color_scheme":true,"scheme_background":"#ffffff","scheme_background_gradient":"","scheme_foreground_heading":"#000000","scheme_foreground":"#000000","scheme_primary":"#000f9f","scheme_primary_hover":"#000000","scheme_border":"#e6e6e6","scheme_shadow":"#000000","background_media":"none","video_position":"cover","background_image_position":"cover","content_overlay":false,"image_ratio":"adapt","border":"none","border_width":1,"border_opacity":0,"border_radius":0,"toggle_overlay":false,"overlay_color":"#00000026","extend_left_overlay":false,"extend_right_overlay":false,"overlay_style":"solid","gradient_direction":"to top","enable_parallax":"none","disable_parallax_mobile":false,"parallax_speed":0.5,"horizontal_position":0,"vertical_position":0,"shadow_color":"rgba(0,0,0,0)","shadow_horizontal_offset":0,"shadow_vertical_offset":0,"shadow_blur":0,"spread_radius":0,"margin-block-start":0,"margin-block-start-mobile":0,"margin-block-end":0,"margin-block-end-mobile":0,"margin-inline-start":0,"margin-inline-start-mobile":0,"margin-inline-end":0,"margin-inline-end-mobile":0,"padding-block-start":0,"padding-block-end":0,"padding-inline-start":0,"padding-inline-end":0},"blocks":{"text_xrnftG":{"type":"text","settings":{"text":"<h1>{{ closest.product.title }}<\/h1>","typing_text":false,"primary_text":"Welcome to our store!","secondary_text":"Exclusive offers just for you.","third_text":"Shop now and enjoy deals!","highlight_text":false,"highlight_text_content":"","highlight_text_type":"text","underline_height":18,"underline_offset":-20,"highlight_text_color":"#000000","highlight_underline_color":"#000000","spacing_text":false,"spacing_text_content":"","spacing_text_left":0,"spacing_text_right":0,"stroke_text":false,"stroke_text_content":"","width":"100%","unit":"percent","custom_width":100,"custom_width_pixel":500,"inherit_text_alignment":true,"justify_alignment":false,"alignment":"left","width_tablet":"fit-content","unit_tablet":"percent","custom_width_tablet":100,"custom_width_tablet_pixel":100,"inherit_text_alignment_tablet":true,"justify_alignment_tablet":false,"alignment_tablet":"left","width_mobile":"fit-content","unit_mobile":"percent","custom_width_mobile":100,"custom_width_mobile_pixel":100,"inherit_text_alignment_mobile":true,"justify_alignment_mobile":false,"alignment_mobile":"left","type_preset":"custom","font":"var(--font-heading--family)","font_size":"2.0rem","line_height":"normal","letter_spacing":"normal","case":"none","wrap":"pretty","color":"","background":false,"background_color":"#00000026","enable_border":false,"enable_border_bottom":false,"border":"none","border_width":0,"border_width_type":"100%","border_custom_width":100,"border_radius":0,"text_effect":"none","animation_repeat":false,"padding-block-start":0,"padding-block-end":0,"padding-inline-start":0,"padding-inline-end":0},"blocks":{}},"product_description_RgiT3F":{"type":"_product-description","name":"t:names.product_short_description","settings":{"text":"<p>{{ closest.product.description }}<\/p>","width":"fit-content","max_width":"normal","truncate_type":"words","truncatewords":30,"alignment":"left","type_preset":"rte","font":"var(--font-body--family)","font_size":"1.2rem","line_height":"normal","letter_spacing":"normal","case":"none","wrap":"pretty","color":"var(--color-foreground)","background":false,"background_color":"#00000026","corner_radius":0,"padding-block-start":0,"padding-block-end":0,"padding-inline-start":0,"padding-inline-end":0},"blocks":{}},"product_info_cExQYf":{"type":"product-info","name":"t:names.product_info","settings":{"show_vendor":true,"show_sku":true,"show_barcode":true,"show_availability":true,"stock_level_display":"none","show_product_type":true,"gap":10,"padding-block-start":0,"padding-block-end":0,"padding-inline-start":0,"padding-inline-end":0},"blocks":{}}},"block_order":["text_xrnftG","product_description_RgiT3F","product_info_cExQYf"]},"price_wUxKFf":{"type":"price","name":"t:names.product_price","settings":{"show_sale_price_first":true,"show_installments":false,"show_tax_info":false,"type_preset":"","width":"100%","alignment":"left","font":"var(--font-body--family)","font_size":"1rem","line_height":"normal","letter_spacing":"normal","case":"none","color":"var(--color-foreground)","padding-block-start":0,"padding-block-end":0,"padding-inline-start":0,"padding-inline-end":0},"blocks":{}},"product_countdown_KjGgKH":{"type":"product-countdown","name":"t:names.countdown","settings":{"padding-block-start":0,"padding-block-end":0,"padding-inline-start":0,"padding-inline-end":0},"blocks":{}},"variant_picker_R3rGDr":{"type":"variant-picker","settings":{"variant_style":"pills","show_swatches":true,"swatch_size":34,"alignment":"left","padding-block-start":0,"padding-block-end":0,"padding-inline-start":0,"padding-inline-end":0},"blocks":{}},"product_hot_stock_PQa77U":{"type":"product-hot-stock","name":"Product Hot Stock","settings":{"product_max_stock":20,"text_color":"#d62828","type_preset":"rte","font":"var(--font-body--family)","font_size":"1.6rem","line_height":"normal","letter_spacing":"normal","case":"none","progress_bar_height":5,"progress_bar_color":"#d62828","progress_bar_color_2":"#69c69c"},"blocks":{}},"customization_option_FWx7UY":{"type":"_customization-option","name":"t:names.customization_option","settings":{"gap":12,"padding-block-start":0,"padding-block-end":0,"padding-inline-start":0,"padding-inline-end":0},"blocks":{"text_field_cwEN9U":{"type":"_text-field","settings":{"heading":"Input text","gap":6},"blocks":{}},"file_field_fUKyHG":{"type":"_file-field","settings":{"heading":"Input file","gap":6},"blocks":{}}},"block_order":["text_field_cwEN9U","file_field_fUKyHG"]},"perks_NChGeW":{"type":"_perks","name":"t:names.product_perks","settings":{"content_direction":"row","content_direction_mobile":"column","horizontal_alignment":"flex-start","vertical_alignment":"center","align_baseline":false,"horizontal_alignment_flex_direction_column":"flex-start","vertical_alignment_flex_direction_column":"center","horizontal_alignment_mobile":"flex-start","vertical_alignment_mobile":"center","horizontal_alignment_flex_direction_column_mobile":"flex-start","vertical_alignment_flex_direction_column_mobile":"center","gap":12,"width":"fill","custom_width":100,"width_mobile":"fill","custom_width_mobile":100,"height":"fit","custom_height":100,"inherit_color_scheme":true,"scheme_background":"#ffffff","scheme_background_gradient":"","scheme_foreground_heading":"#000000","scheme_foreground":"#000000","scheme_primary":"#000f9f","scheme_primary_hover":"#000000","scheme_border":"#e6e6e6","scheme_shadow":"#000000","background_media":"none","video_position":"cover","background_image_position":"cover","content_overlay":false,"image_ratio":"adapt","border":"none","border_width":1,"border_radius":0,"toggle_overlay":false,"overlay_color":"#00000026","extend_left_overlay":false,"extend_right_overlay":false,"overlay_style":"solid","gradient_direction":"to top","enable_parallax":"none","disable_parallax_mobile":false,"parallax_speed":0.5,"horizontal_position":0,"vertical_position":0,"shadow_color":"rgba(0,0,0,0)","shadow_horizontal_offset":0,"shadow_vertical_offset":0,"shadow_blur":0,"spread_radius":0,"margin-block-start":0,"margin-block-start-mobile":0,"margin-block-end":0,"margin-block-end-mobile":0,"margin-inline-start":0,"margin-inline-start-mobile":0,"margin-inline-end":0,"margin-inline-end-mobile":0,"padding-block-start":0,"padding-block-end":0,"padding-inline-start":0,"padding-inline-end":0},"blocks":{"size-chart":{"type":"_size-chart","static":true,"settings":{"heading":"Size chart","type_preset":"","font":"var(--font-body--family)","font_size":"1.6rem","line_height":"normal","letter_spacing":"normal","case":"none","wrap":"pretty","color":"var(--color-foreground)","size_chart_type":"page","size_chart_page":"","padding-block-start":0,"padding-block-end":0,"padding-inline-start":0,"padding-inline-end":0},"blocks":{}},"color-comparison":{"type":"_color-comparison","static":true,"settings":{"heading":"Color comparison","type_preset":"custom","font":"var(--font-body--family)","font_size":"1.4rem","line_height":"normal","letter_spacing":"normal","case":"none","wrap":"pretty","color":"var(--color-foreground)","padding-block-start":0,"padding-block-end":0,"padding-inline-start":0,"padding-inline-end":0},"blocks":{"heading":{"type":"text","static":true,"settings":{"text":"<h5>Compare color<\/h5>","typing_text":false,"primary_text":"Welcome to our store!","secondary_text":"Exclusive offers just for you.","third_text":"Shop now and enjoy deals!","highlight_text":false,"highlight_text_content":"","highlight_text_type":"text","underline_height":18,"underline_offset":20,"highlight_text_color":"#000000","highlight_underline_color":"#000000","spacing_text":false,"spacing_text_content":"","spacing_text_left":0,"spacing_text_right":0,"stroke_text":false,"stroke_text_content":"","width":"fit-content","unit":"percent","custom_width":100,"custom_width_pixel":500,"inherit_text_alignment":true,"justify_alignment":false,"alignment":"left","width_tablet":"fit-content","unit_tablet":"percent","custom_width_tablet":100,"custom_width_tablet_pixel":100,"inherit_text_alignment_tablet":true,"justify_alignment_tablet":false,"alignment_tablet":"left","width_mobile":"fit-content","unit_mobile":"percent","custom_width_mobile":100,"custom_width_mobile_pixel":100,"inherit_text_alignment_mobile":true,"justify_alignment_mobile":false,"alignment_mobile":"left","type_preset":"rte","font":"var(--font-body--family)","font_size":"1.6rem","line_height":"normal","letter_spacing":"normal","case":"none","wrap":"pretty","color":"var(--color-foreground)","background":false,"background_color":"#00000026","enable_border":false,"enable_border_bottom":false,"border":"none","border_width":0,"border_width_type":"100%","border_custom_width":100,"border_radius":0,"text_effect":"none","heading_only":false,"heading_effect":"none","animation_repeat":false,"padding-block-start":0,"padding-block-end":10,"padding-inline-start":0,"padding-inline-end":0},"blocks":{}},"color-comparison-content":{"type":"_color-comparison-content","static":true,"settings":{"padding-block-start":0,"padding-block-end":0,"padding-inline-start":0,"padding-inline-end":0},"blocks":{}},"compare-colors-text":{"type":"text","static":true,"settings":{"text":"<p><em>Click on color\/pattern to compare, click and drag images to reorder<\/em><\/p>","typing_text":false,"primary_text":"Welcome to our store!","secondary_text":"Exclusive offers just for you.","third_text":"Shop now and enjoy deals!","highlight_text":false,"highlight_text_content":"","highlight_text_type":"text","underline_height":18,"underline_offset":20,"highlight_text_color":"#000000","highlight_underline_color":"#000000","spacing_text":false,"spacing_text_content":"","spacing_text_left":0,"spacing_text_right":0,"stroke_text":false,"stroke_text_content":"","width":"100%","unit":"percent","custom_width":100,"custom_width_pixel":500,"inherit_text_alignment":false,"justify_alignment":false,"alignment":"center","width_tablet":"100%","unit_tablet":"percent","custom_width_tablet":100,"custom_width_tablet_pixel":100,"inherit_text_alignment_tablet":false,"justify_alignment_tablet":false,"alignment_tablet":"center","width_mobile":"100%","unit_mobile":"percent","custom_width_mobile":100,"custom_width_mobile_pixel":100,"inherit_text_alignment_mobile":false,"justify_alignment_mobile":false,"alignment_mobile":"center","type_preset":"rte","font":"var(--font-body--family)","font_size":"1.6rem","line_height":"normal","letter_spacing":"normal","case":"none","wrap":"pretty","color":"var(--color-foreground)","background":false,"background_color":"#00000026","enable_border":false,"enable_border_bottom":false,"border":"none","border_width":0,"border_width_type":"100%","border_custom_width":100,"border_radius":0,"text_effect":"none","heading_only":false,"heading_effect":"none","animation_repeat":false,"padding-block-start":30,"padding-block-end":0,"padding-inline-start":0,"padding-inline-end":0},"blocks":{}}},"block_order":[]},"ask-an-expert":{"type":"_ask-an-expert","static":true,"settings":{"heading":"Ask an expert","type_preset":"","font":"var(--font-body--family)","font_size":"1.6rem","line_height":"normal","letter_spacing":"normal","case":"none","wrap":"pretty","color":"var(--color-foreground)","button_label":"Send question","button_style":"default","button_margin_top":20,"padding-block-start":0,"padding-block-end":0,"padding-inline-start":0,"padding-inline-end":0},"blocks":{"input_tXfYzf":{"type":"_input","name":"t:names.input","settings":{"show_label":true,"label":"Full Name","label_type_preset":"paragraph","label_mb":8,"input_width":100,"input_type_preset":"paragraph","is_required":false,"placeholder":"Please fill in this field","padding_left":15,"padding_right":15,"padding_top":12,"padding_bottom":12,"border_style":"all","input_border_width":1,"input_border_radius":0,"input_alignment":"left"},"blocks":{}},"input_nUBpV6":{"type":"_input","name":"t:names.input","settings":{"show_label":true,"label":"Phone Number","label_type_preset":"paragraph","label_mb":8,"input_width":100,"input_type_preset":"paragraph","is_required":false,"placeholder":"Please fill in this field","padding_left":15,"padding_right":15,"padding_top":12,"padding_bottom":12,"border_style":"all","input_border_width":1,"input_border_radius":0,"input_alignment":"left"},"blocks":{}},"input_UppFmt":{"type":"_input","name":"t:names.input","settings":{"show_label":true,"label":"Email Address","label_type_preset":"paragraph","label_mb":8,"input_width":100,"input_type_preset":"paragraph","is_required":false,"placeholder":"Please fill in this field","padding_left":15,"padding_right":15,"padding_top":12,"padding_bottom":12,"border_style":"all","input_border_width":1,"input_border_radius":0,"input_alignment":"left"},"blocks":{}},"radio_PXjGPT":{"type":"_radio","name":"Radio","settings":{"label":"Do you need:","show_label":true,"label_mb":8,"options":"Pricing|Answers|Both","options_layout":"horizontal","option_type_preset":"paragraph","padding_left":100,"padding_right":100,"padding_top":100,"padding_bottom":100,"border_style":"all","input_border_width":1,"input_border_radius":0},"blocks":{}},"textarea_LJCmL9":{"type":"_textarea","name":"Textarea","settings":{"show_label":true,"label":"Comment","label_type_preset":"paragraph","label_mb":8,"text_area_height":220,"form_row_width":100,"input_type_preset":"paragraph","is_required":false,"placeholder":"Please fill in this field","padding_left":15,"padding_right":15,"padding_top":12,"padding_bottom":12,"border_style":"all","input_border_width":1,"input_border_radius":0,"input_alignment":"left"},"blocks":{}},"heading":{"type":"text","static":true,"settings":{"text":"<h5>Have Questions?<\/h5>","typing_text":false,"primary_text":"Welcome to our store!","secondary_text":"Exclusive offers just for you.","third_text":"Shop now and enjoy deals!","highlight_text":false,"highlight_text_content":"","highlight_text_type":"text","underline_height":18,"underline_offset":20,"highlight_text_color":"#000000","highlight_underline_color":"#000000","spacing_text":false,"spacing_text_content":"","spacing_text_left":0,"spacing_text_right":0,"stroke_text":false,"stroke_text_content":"","width":"100%","unit":"percent","custom_width":100,"custom_width_pixel":500,"inherit_text_alignment":false,"justify_alignment":false,"alignment":"center","width_tablet":"100%","unit_tablet":"percent","custom_width_tablet":100,"custom_width_tablet_pixel":100,"inherit_text_alignment_tablet":false,"justify_alignment_tablet":false,"alignment_tablet":"center","width_mobile":"100%","unit_mobile":"percent","custom_width_mobile":100,"custom_width_mobile_pixel":100,"inherit_text_alignment_mobile":false,"justify_alignment_mobile":false,"alignment_mobile":"center","type_preset":"custom","font":"var(--font-heading--family)","font_size":"1.6rem","line_height":"normal","letter_spacing":"normal","case":"none","wrap":"pretty","color":"var(--color-foreground)","background":false,"background_color":"#00000026","enable_border":false,"enable_border_bottom":false,"border":"none","border_width":0,"border_width_type":"100%","border_custom_width":100,"border_radius":0,"text_effect":"none","heading_only":false,"heading_effect":"none","animation_repeat":false,"padding-block-start":12,"padding-block-end":12,"padding-inline-start":0,"padding-inline-end":0},"blocks":{}},"divider":{"type":"_divider","static":true,"settings":{"thickness":1,"corner_radius":"square","width_percent":100,"alignment_horizontal":"center","padding-block-start":10,"padding-block-end":10},"blocks":{}},"title":{"type":"text","static":true,"settings":{"text":"<h4>Ask The Fashion Expert Anything On Ella<\/h4>","typing_text":false,"primary_text":"Welcome to our store!","secondary_text":"Exclusive offers just for you.","third_text":"Shop now and enjoy deals!","highlight_text":false,"highlight_text_content":"","highlight_text_type":"text","underline_height":18,"underline_offset":20,"highlight_text_color":"#000000","highlight_underline_color":"#000000","spacing_text":false,"spacing_text_content":"","spacing_text_left":0,"spacing_text_right":0,"stroke_text":false,"stroke_text_content":"","width":"100%","unit":"percent","custom_width":100,"custom_width_pixel":500,"inherit_text_alignment":false,"justify_alignment":false,"alignment":"center","width_tablet":"100%","unit_tablet":"percent","custom_width_tablet":100,"custom_width_tablet_pixel":100,"inherit_text_alignment_tablet":false,"justify_alignment_tablet":false,"alignment_tablet":"center","width_mobile":"100%","unit_mobile":"percent","custom_width_mobile":100,"custom_width_mobile_pixel":100,"inherit_text_alignment_mobile":false,"justify_alignment_mobile":false,"alignment_mobile":"center","type_preset":"custom","font":"var(--font-heading--family)","font_size":"1.6rem","line_height":"normal","letter_spacing":"normal","case":"none","wrap":"pretty","color":"var(--color-foreground)","background":false,"background_color":"#00000026","enable_border":false,"enable_border_bottom":false,"border":"none","border_width":0,"border_width_type":"100%","border_custom_width":100,"border_radius":0,"text_effect":"none","heading_only":false,"heading_effect":"none","animation_repeat":false,"padding-block-start":36,"padding-block-end":16,"padding-inline-start":0,"padding-inline-end":0},"blocks":{}},"description":{"type":"text","static":true,"settings":{"text":"<p><em>We will follow up with you via email within 24-36 hours<\/em><\/p>","typing_text":false,"primary_text":"Welcome to our store!","secondary_text":"Exclusive offers just for you.","third_text":"Shop now and enjoy deals!","highlight_text":false,"highlight_text_content":"","highlight_text_type":"text","underline_height":18,"underline_offset":20,"highlight_text_color":"#000000","highlight_underline_color":"#000000","spacing_text":false,"spacing_text_content":"","spacing_text_left":0,"spacing_text_right":0,"stroke_text":false,"stroke_text_content":"","width":"100%","unit":"percent","custom_width":100,"custom_width_pixel":500,"inherit_text_alignment":false,"justify_alignment":false,"alignment":"center","width_tablet":"100%","unit_tablet":"percent","custom_width_tablet":100,"custom_width_tablet_pixel":100,"inherit_text_alignment_tablet":false,"justify_alignment_tablet":false,"alignment_tablet":"center","width_mobile":"100%","unit_mobile":"percent","custom_width_mobile":100,"custom_width_mobile_pixel":100,"inherit_text_alignment_mobile":false,"justify_alignment_mobile":false,"alignment_mobile":"center","type_preset":"custom","font":"var(--font-body--family)","font_size":"1.6rem","line_height":"normal","letter_spacing":"normal","case":"none","wrap":"pretty","color":"var(--color-foreground)","background":false,"background_color":"#00000026","enable_border":false,"enable_border_bottom":false,"border":"none","border_width":0,"border_width_type":"100%","border_custom_width":100,"border_radius":0,"text_effect":"none","heading_only":false,"heading_effect":"none","animation_repeat":false,"padding-block-start":0,"padding-block-end":0,"padding-inline-start":0,"padding-inline-end":0},"blocks":{}},"divider-2":{"type":"_divider","static":true,"settings":{"thickness":1,"corner_radius":"square","width_percent":100,"alignment_horizontal":"center","padding-block-start":36,"padding-block-end":24},"blocks":{}},"text":{"type":"text","static":true,"settings":{"text":"<p>Please answer the following questionnaire<\/p>","typing_text":false,"primary_text":"Welcome to our store!","secondary_text":"Exclusive offers just for you.","third_text":"Shop now and enjoy deals!","highlight_text":false,"highlight_text_content":"","highlight_text_type":"text","underline_height":18,"underline_offset":20,"highlight_text_color":"#000000","highlight_underline_color":"#000000","spacing_text":false,"spacing_text_content":"","spacing_text_left":0,"spacing_text_right":0,"stroke_text":false,"stroke_text_content":"","width":"100%","unit":"percent","custom_width":100,"custom_width_pixel":500,"inherit_text_alignment":false,"justify_alignment":false,"alignment":"center","width_tablet":"100%","unit_tablet":"percent","custom_width_tablet":100,"custom_width_tablet_pixel":100,"inherit_text_alignment_tablet":false,"justify_alignment_tablet":false,"alignment_tablet":"center","width_mobile":"100%","unit_mobile":"percent","custom_width_mobile":100,"custom_width_mobile_pixel":100,"inherit_text_alignment_mobile":false,"justify_alignment_mobile":false,"alignment_mobile":"center","type_preset":"custom","font":"var(--font-body--family)","font_size":"1.6rem","line_height":"normal","letter_spacing":"normal","case":"none","wrap":"pretty","color":"var(--color-foreground)","background":false,"background_color":"#00000026","enable_border":false,"enable_border_bottom":false,"border":"none","border_width":0,"border_width_type":"100%","border_custom_width":100,"border_radius":0,"text_effect":"none","heading_only":false,"heading_effect":"none","animation_repeat":false,"padding-block-start":0,"padding-block-end":20,"padding-inline-start":0,"padding-inline-end":0},"blocks":{}}},"block_order":["input_tXfYzf","input_nUBpV6","input_UppFmt","radio_PXjGPT","textarea_LJCmL9"]}},"block_order":[]},"buy_buttons_eYQEYi":{"type":"buy-buttons","settings":{"stacking":false,"show_pickup_availability":false,"gift_card_form":true,"padding-block-start":0,"padding-block-end":0,"padding-inline-start":0,"padding-inline-end":0},"blocks":{"quantity":{"type":"quantity","static":true,"settings":{},"blocks":{}},"add-to-cart":{"type":"add-to-cart","static":true,"settings":{"style_class":"button","button_style":"default","width":"custom","unit":"percent","custom_width":100,"custom_width_pixel":100,"buttons_padding_vertical":14,"buttons_padding_horizontal":20,"width_mobile":"fit-content","unit_mobile":"percent","custom_width_mobile":100,"custom_width_mobile_pixel":100,"buttons_padding_vertical_mobile":10,"buttons_padding_horizontal_mobile":10},"blocks":{}},"accelerated-checkout":{"type":"accelerated-checkout","static":true,"settings":{"agree_condition":true,"agree_condition_text":"I agree with the terms and conditions","condition-padding-block-start":20,"condition-padding-block-end":20},"blocks":{}}},"block_order":[]}},"block_order":["group_icgrde","price_wUxKFf","product_countdown_KjGgKH","variant_picker_R3rGDr","product_hot_stock_PQa77U","customization_option_FWx7UY","perks_NChGeW","buy_buttons_eYQEYi"]},"sticky-atc":{"type":"_sticky-add-to-cart","static":true,"settings":{"style_class":"default","sticky_width":80,"sticky_pos_bottom":0,"inherit_color_scheme":true,"scheme_background":"#ffffff","scheme_background_gradient":"","scheme_foreground_heading":"#000000","scheme_foreground":"#000000","scheme_primary":"#000f9f","scheme_primary_hover":"#000000","scheme_border":"#e6e6e6","scheme_shadow":"#000000","shadow_color":"rgba(0,0,0,0)","shadow_horizontal_offset":0,"shadow_vertical_offset":0,"shadow_blur":0,"shadow_spread_radius":0,"button_type":"text","icon":"bag","icon_custom":"none","svg_upload":"","icon_width":50,"type_preset":"rte","font":"var(--font-body--family)","font_size":"1.6rem","line_height":"normal","letter_spacing":"normal","case":"none","variant_style":"pills","show_swatches":true,"swatch_size":38,"variant_alignment":"right","content_gap":24,"action_gap":24,"padding_top":0,"padding_bottom":0,"padding_left":0,"padding_right":0},"blocks":{}}},"settings":{"page_width":"page-width","page_width_custom":1570,"desktop_media_position":"left","equal_columns":false,"limit_details_width":false,"gap":60,"color_scheme":"","padding-block-start":0,"padding-block-end":0}},"slideshow_QdtGRn":{"type":"slideshow","blocks":{"slide_gfdY97":{"type":"_slide","name":"Slide","settings":{"slide_background":true,"container":"page-width","height":"fit","media_type_1":"image","inherit_color_scheme":true,"scheme_background":"#ffffff","scheme_background_gradient":"","scheme_foreground_heading":"#000000","scheme_foreground":"#000000","scheme_primary":"#000f9f","scheme_primary_hover":"#000000","scheme_border":"#e6e6e6","scheme_shadow":"#000000"},"blocks":{}},"slide_aNmjt4":{"type":"_slide","name":"Slide","settings":{"slide_background":true,"container":"page-width","height":"fit","media_type_1":"image","inherit_color_scheme":true,"scheme_background":"#ffffff","scheme_background_gradient":"","scheme_foreground_heading":"#000000","scheme_foreground":"#000000","scheme_primary":"#000f9f","scheme_primary_hover":"#000000","scheme_border":"#e6e6e6","scheme_shadow":"#000000"},"blocks":{}},"slide_z6wViY":{"type":"_slide","name":"Slide","settings":{"slide_background":true,"container":"page-width","height":"fit","media_type_1":"image","inherit_color_scheme":true,"scheme_background":"#ffffff","scheme_background_gradient":"","scheme_foreground_heading":"#000000","scheme_foreground":"#000000","scheme_primary":"#000f9f","scheme_primary_hover":"#000000","scheme_border":"#e6e6e6","scheme_shadow":"#000000"},"blocks":{}}},"block_order":["slide_gfdY97","slide_aNmjt4","slide_z6wViY"],"name":"Slideshow","settings":{"slideshow_type":"default","enable_multi_level_category":false,"section_width":"page-width","page_width_custom":1570,"slide_height":"medium","section_height_custom":100,"slide_height_mb":"medium","section_height_custom_mb":100,"masonry_image_radisus":0,"masonry_gap":22,"m_row_1":"244","m_row_2":"244","m_row_3":"381","m_row_4":"306","m_link_1":"","m_link_2":"","m_link_3":"","m_link_4":"","m_link_5":"","m_link_6":"","m_link_7":"","m_link_8":"","m_link_9":"","slide_direction":"horizontal","autoplay":false,"autoplay_speed":5,"loop":false,"navigation":"arrows","arrows_position":"center_vert","swiper_buttons_gap":0,"pagination_type":"bullets","pagination_position":"inside","dot_style":"filled","dot_appearance":false,"dot_background":"#ffffff","dot_border_radius":0,"stack_content_mobile":false,"show_left_categories":false,"left_categories_title":"Shop by categories","left_categories_title_color":"#000000","left_categories_title_background":"#fd6506","left_categories_text_color":"#202020","left_categories_menu":"","show_right_banner":false,"right_banner_link_1":"","right_banner_link_2":"","right_banner_link_3":"","right_banner_link_4":"","open_in_new_tab":false,"image_behavior":"none","color_scheme":"","color_scheme_mobile":"","padding-block-start":36,"padding-block-end":36}},"featured_collection_hTNyXU":{"type":"featured-collection","blocks":{"section-header":{"type":"_section-header","static":true,"settings":{"content_direction":"row","content_direction_mobile":"column","horizontal_alignment":"flex-start","vertical_alignment":"stretch","align_baseline":false,"horizontal_alignment_flex_direction_column":"flex-start","vertical_alignment_flex_direction_column":"center","horizontal_alignment_mobile":"flex-start","vertical_alignment_mobile":"center","horizontal_alignment_flex_direction_column_mobile":"flex-start","vertical_alignment_flex_direction_column_mobile":"center","gap":16,"width":"fill","custom_width":80,"inherit_color_scheme":true,"scheme_background":"#ffffff","scheme_background_gradient":"","scheme_foreground_heading":"#000000","scheme_foreground":"#000000","scheme_primary":"#000f9f","scheme_primary_hover":"#000000","scheme_border":"#e6e6e6","scheme_shadow":"#000000","border":"none","border_width":2,"border_opacity":0,"border_radius":0,"margin_top":0,"margin_bottom":0,"padding-block-start":0,"padding-inline-end":0,"padding-block-end":0,"padding-inline-start":0},"blocks":{"collection_title_f38FL6":{"type":"_collection_title","settings":{"text":"<h2>{{ closest.collection.title }}<\/h2>","width":"100%","alignment":"center","type_preset":"rte","font":"var(--font-body--family)","font_size":"1.6rem","letter_spacing":"normal","case":"none","wrap":"pretty","border":"solid","border_width":2,"padding-block-start":0,"padding-inline-end":0,"padding-block-end":0,"padding-inline-start":0},"blocks":{}},"view_all_button_9rn8Xt":{"type":"_view_all_button","settings":{"label":"View all","collection":"{{ closest.collection }}","open_in_new_tab":false,"style_class":"link","button_style":"default","button_type_size_link":"1.2rem","link_underline":true,"link_reveal":false,"width":"fit-content","custom_width":100,"width_mobile":"fit-content","custom_width_mobile":100},"blocks":{}}},"block_order":["collection_title_f38FL6","view_all_button_9rn8Xt"]},"product-slide-item":{"type":"card-product-flex","name":"Product card","static":true,"settings":{"product":"{{ closest.product }}","inherit_color_scheme":true,"scheme_background":"#ffffff","scheme_background_gradient":"","scheme_foreground_heading":"#000000","scheme_foreground":"#000000","scheme_primary":"#000f9f","scheme_primary_hover":"#000000","scheme_border":"#e6e6e6","scheme_shadow":"#000000","border":"none","border_width":1,"border_opacity":100,"border_radius":0,"content_direction":"column","wrap":"no-wrap","align_items":"stretch","justify_content":"start","gap":12,"width":"fill","custom_width":100,"padding-block-start":36,"padding-block-end":36,"padding-inline-start":0,"padding-inline-end":0},"blocks":{"card_product_media_flex_yWEFra":{"type":"_card-product-media-flex","name":"Group: Product media","settings":{"product":"{{ closest.product }}","image_ratio":"adapt","show_secondary_image":true,"width_option":"full","custom_width":80},"blocks":{}},"spacer_LKDqDR":{"type":"spacer","settings":{"spacer_height":16,"spacer_width":0},"blocks":{}},"card_product_information_fD4icQ":{"type":"_card-product-information","name":"Group: Information","settings":{"width_option":"full","custom_width":80,"content_direction":"column","content_direction_mobile":"column","wrap":"wrap","wrap_tablet":"wrap","vertical_alignment":"center","horizontal_alignment":"flex-start","horizontal_alignment_flex_direction_column":"flex-start","vertical_alignment_flex_direction_column":"center","gap_y":10,"gap_x":10,"inherit_color_scheme":true,"scheme_background":"#ffffff","scheme_background_gradient":"","scheme_foreground_heading":"#000000","scheme_foreground":"#000000","scheme_primary":"#000f9f","scheme_primary_hover":"#000000","scheme_border":"#e6e6e6","scheme_shadow":"#000000","padding_top":0,"padding_right":0,"padding_bottom":0,"padding_left":0},"blocks":{"card_product_vendor_flex_neAgjT":{"type":"_card-product-vendor-flex","settings":{"product":"{{ closest.product }}","width":"fit-content","alignment":"left","type_preset":"rte","font":"var(--font-body--family)","font_size":"1.6rem","letter_spacing":"normal","case":"none","wrap":"pretty","padding-block-start":0,"padding-block-end":0,"padding-inline-end":0,"padding-inline-start":0},"blocks":{}},"spacer_DAqxnP":{"type":"spacer","settings":{"spacer_height":2,"spacer_width":0},"blocks":{}},"card_product_title_flex_6rKfee":{"type":"_card-product-title-flex","settings":{"product":"{{ closest.product }}","width":"fit-content","unit":"percent","custom_width":100,"custom_width_pixel":500,"alignment":"left","clamp":false,"clamp_row":2,"type_preset":"rte","font":"var(--font-body--family)","font_size":"1.6rem","letter_spacing":"normal","case":"none","wrap":"pretty","padding-block-start":0,"padding-block-end":0,"padding-inline-end":0,"padding-inline-start":0},"blocks":{}},"spacer_zq8ETX":{"type":"spacer","settings":{"spacer_height":2,"spacer_width":0},"blocks":{}},"card_product_price_flex_jPxCJL":{"type":"_card-product-price-flex","settings":{"product":"{{ closest.product }}","type_preset":"","width":"fit-content","alignment":"left","font":"var(--font-body--family)","font_size":"1.6rem","line_height":"normal","letter_spacing":"normal","case":"none","padding-block-start":0,"padding-block-end":0,"padding-inline-start":0,"padding-inline-end":0},"blocks":{}},"spacer_K3LJPj":{"type":"spacer","settings":{"spacer_height":16,"spacer_width":0},"blocks":{}},"card_product_variant_flex_fCycNx":{"type":"_card-product-variant-flex","settings":{"product":"{{ closest.product }}","padding-block-start":0,"padding-block-end":0,"padding-inline-start":0,"padding-inline-end":0},"blocks":{}},"card_product_countdown_flex_9Q7eNm":{"type":"_card-product-countdown-flex","name":"t:names.product_countdown","settings":{"product":"{{ closest.product }}"},"blocks":{}}},"block_order":["card_product_vendor_flex_neAgjT","spacer_DAqxnP","card_product_title_flex_6rKfee","spacer_zq8ETX","card_product_price_flex_jPxCJL","spacer_K3LJPj","card_product_variant_flex_fCycNx","card_product_countdown_flex_9Q7eNm"]}},"block_order":["card_product_media_flex_yWEFra","spacer_LKDqDR","card_product_information_fD4icQ"]}},"name":"Product list: Grid","settings":{"collection":"collection-1","layout_type":"grid","widget_layout":"default","products_to_show":8,"columns_desktop":4,"columns_desktop_widget":"1","columns_gap":30,"rows_gap":30,"media_size":"medium","source":"uploaded","video_url":"","video_display_mode":"inline","video_autoplay":false,"video_loop":true,"alt":"","position":"left","align_items":"stretch","media_ratio":"adapt","image_position":"cover","content_media_position":"center","content_media_alignment":"left","content_heading":"","heading_margin_bottom":0,"heading_type_preset":"rte","heading_font":"var(--font-body--family)","heading_font_size":"default","heading_line_height":"normal","heading_letter_spacing":"normal","heading_case":"none","heading_wrap":"pretty","heading_color":"var(--color-foreground)","content_subheading":"","subheading_margin_bottom":0,"subheading_type_preset":"rte","subheading_font":"var(--font-body--family)","subheading_font_size":"default","subheading_line_height":"normal","subheading_letter_spacing":"normal","subheading_case":"none","subheading_wrap":"pretty","subheading_color":"var(--color-foreground)","content_text":"","text_margin_bottom":0,"text_type_preset":"rte","text_font":"var(--font-body--family)","text_font_size":"default","text_line_height":"normal","text_letter_spacing":"normal","text_case":"none","text_wrap":"pretty","text_color":"var(--color-foreground)","content_button_label":"","content_button_style":"button","content_button_link":"","show_more_product":false,"show_more_product_text":"Show more","show_more_font_size":"","show_more_font_weight":"default","show_more_product_width":"fit-content","unit":"percent","custom_width":100,"custom_width_pixel":100,"show_more_product_width_mobile":"fit-content","custom_width_mobile":100,"custom_width_mobile_pixel":100,"show_more_product_top_offset":40,"loop":false,"full_width":false,"navigation":"arrows","arrows_position":"inside","pagination_type":"bullets","dots_top_offset":40,"progress_top_offset":40,"page_width":"page-width","page_width_custom":1570,"color_scheme":"","columns_mobile":"2","swipe_on_mobile":false,"padding-block-start":36,"padding-block-end":36,"padding-inline-start":0,"padding-inline-end":0}}},"order":["main","slideshow_QdtGRn","featured_collection_hTNyXU"]}